ARM GAS  C:\Users\pablo\AppData\Local\Temp\ccRGFa1Y.s 			page 1


   1              		.cpu cortex-m4
   2              		.arch armv7e-m
   3              		.fpu fpv4-sp-d16
   4              		.eabi_attribute 27, 1
   5              		.eabi_attribute 28, 1
   6              		.eabi_attribute 20, 1
   7              		.eabi_attribute 21, 1
   8              		.eabi_attribute 23, 3
   9              		.eabi_attribute 24, 1
  10              		.eabi_attribute 25, 1
  11              		.eabi_attribute 26, 1
  12              		.eabi_attribute 30, 1
  13              		.eabi_attribute 34, 1
  14              		.eabi_attribute 18, 4
  15              		.file	"main.c"
  16              		.text
  17              	.Ltext0:
  18              		.cfi_sections	.debug_frame
  19              		.file 1 "Core/Src/main.c"
  20              		.section	.text.MX_GPIO_Init,"ax",%progbits
  21              		.align	1
  22              		.syntax unified
  23              		.thumb
  24              		.thumb_func
  26              	MX_GPIO_Init:
  27              	.LFB137:
   1:Core/Src/main.c **** /* USER CODE BEGIN Header */
   2:Core/Src/main.c **** /**
   3:Core/Src/main.c ****   ******************************************************************************
   4:Core/Src/main.c ****   * @file           : main.c
   5:Core/Src/main.c ****   * @brief          : Main program body
   6:Core/Src/main.c ****   ******************************************************************************
   7:Core/Src/main.c ****   * @attention
   8:Core/Src/main.c ****   *
   9:Core/Src/main.c ****   * Copyright (c) 2026 STMicroelectronics.
  10:Core/Src/main.c ****   * All rights reserved.
  11:Core/Src/main.c ****   *
  12:Core/Src/main.c ****   * This software is licensed under terms that can be found in the LICENSE file
  13:Core/Src/main.c ****   * in the root directory of this software component.
  14:Core/Src/main.c ****   * If no LICENSE file comes with this software, it is provided AS-IS.
  15:Core/Src/main.c ****   *
  16:Core/Src/main.c ****   ******************************************************************************
  17:Core/Src/main.c ****   */
  18:Core/Src/main.c **** /* USER CODE END Header */
  19:Core/Src/main.c **** /* Includes ------------------------------------------------------------------*/
  20:Core/Src/main.c **** #include "main.h"
  21:Core/Src/main.c **** 
  22:Core/Src/main.c **** /* Private includes ----------------------------------------------------------*/
  23:Core/Src/main.c **** /* USER CODE BEGIN Includes */
  24:Core/Src/main.c **** 
  25:Core/Src/main.c **** /* USER CODE END Includes */
  26:Core/Src/main.c **** 
  27:Core/Src/main.c **** /* Private typedef -----------------------------------------------------------*/
  28:Core/Src/main.c **** /* USER CODE BEGIN PTD */
  29:Core/Src/main.c **** 
  30:Core/Src/main.c **** /* USER CODE END PTD */
  31:Core/Src/main.c **** 
ARM GAS  C:\Users\pablo\AppData\Local\Temp\ccRGFa1Y.s 			page 2


  32:Core/Src/main.c **** /* Private define ------------------------------------------------------------*/
  33:Core/Src/main.c **** /* USER CODE BEGIN PD */
  34:Core/Src/main.c **** 
  35:Core/Src/main.c **** /* USER CODE END PD */
  36:Core/Src/main.c **** 
  37:Core/Src/main.c **** /* Private macro -------------------------------------------------------------*/
  38:Core/Src/main.c **** /* USER CODE BEGIN PM */
  39:Core/Src/main.c **** 
  40:Core/Src/main.c **** /* USER CODE END PM */
  41:Core/Src/main.c **** 
  42:Core/Src/main.c **** /* Private variables ---------------------------------------------------------*/
  43:Core/Src/main.c **** TIM_HandleTypeDef htim3;
  44:Core/Src/main.c **** 
  45:Core/Src/main.c **** /* USER CODE BEGIN PV */
  46:Core/Src/main.c **** 
  47:Core/Src/main.c **** /* USER CODE END PV */
  48:Core/Src/main.c **** 
  49:Core/Src/main.c **** /* Private function prototypes -----------------------------------------------*/
  50:Core/Src/main.c **** void SystemClock_Config(void);
  51:Core/Src/main.c **** static void MX_GPIO_Init(void);
  52:Core/Src/main.c **** static void MX_TIM3_Init(void);
  53:Core/Src/main.c **** /* USER CODE BEGIN PFP */
  54:Core/Src/main.c **** 
  55:Core/Src/main.c **** /* USER CODE END PFP */
  56:Core/Src/main.c **** 
  57:Core/Src/main.c **** /* Private user code ---------------------------------------------------------*/
  58:Core/Src/main.c **** /* USER CODE BEGIN 0 */
  59:Core/Src/main.c **** 
  60:Core/Src/main.c **** /* USER CODE END 0 */
  61:Core/Src/main.c **** 
  62:Core/Src/main.c **** /**
  63:Core/Src/main.c ****   * @brief  The application entry point.
  64:Core/Src/main.c ****   * @retval int
  65:Core/Src/main.c ****   */
  66:Core/Src/main.c **** int main(void)
  67:Core/Src/main.c **** {
  68:Core/Src/main.c **** 
  69:Core/Src/main.c ****   /* USER CODE BEGIN 1 */
  70:Core/Src/main.c **** 
  71:Core/Src/main.c ****   /* USER CODE END 1 */
  72:Core/Src/main.c **** 
  73:Core/Src/main.c ****   /* MCU Configuration--------------------------------------------------------*/
  74:Core/Src/main.c **** 
  75:Core/Src/main.c ****   /* Reset of all peripherals, Initializes the Flash interface and the Systick. */
  76:Core/Src/main.c ****   HAL_Init();
  77:Core/Src/main.c **** 
  78:Core/Src/main.c ****   /* USER CODE BEGIN Init */
  79:Core/Src/main.c **** 
  80:Core/Src/main.c ****   /* USER CODE END Init */
  81:Core/Src/main.c **** 
  82:Core/Src/main.c ****   /* Configure the system clock */
  83:Core/Src/main.c ****   SystemClock_Config();
  84:Core/Src/main.c **** 
  85:Core/Src/main.c ****   /* USER CODE BEGIN SysInit */
  86:Core/Src/main.c **** 
  87:Core/Src/main.c ****   /* USER CODE END SysInit */
  88:Core/Src/main.c **** 
ARM GAS  C:\Users\pablo\AppData\Local\Temp\ccRGFa1Y.s 			page 3


  89:Core/Src/main.c ****   /* Initialize all configured peripherals */
  90:Core/Src/main.c ****   MX_GPIO_Init();
  91:Core/Src/main.c ****   MX_TIM3_Init();
  92:Core/Src/main.c ****   /* USER CODE BEGIN 2 */
  93:Core/Src/main.c ****   uint16_t last_1s_toggle_time = 0; // Variable to store the last toggle time for LED_1
  94:Core/Src/main.c ****   uint16_t last_5s_toggle_time = 0; // Variable to store the last toggle time for LED_1 and LED_2
  95:Core/Src/main.c ****   uint16_t last_10s_toggle_time = 0; // Variable to store the last toggle time for LED_1, LED_2, an
  96:Core/Src/main.c **** 
  97:Core/Src/main.c ****   HAL_TIM_Base_Start(&htim3); // Start the timer
  98:Core/Src/main.c ****   /* USER CODE END 2 */
  99:Core/Src/main.c **** 
 100:Core/Src/main.c ****   /* Infinite loop */
 101:Core/Src/main.c ****   /* USER CODE BEGIN WHILE */
 102:Core/Src/main.c ****   while (1)
 103:Core/Src/main.c ****   {
 104:Core/Src/main.c ****     /* USER CODE END WHILE */
 105:Core/Src/main.c **** 
 106:Core/Src/main.c ****     /* USER CODE BEGIN 3 */
 107:Core/Src/main.c ****     uint16_t current_time = __HAL_TIM_GET_COUNTER(&htim3); // Get the current timer count
 108:Core/Src/main.c **** 
 109:Core/Src/main.c ****     
 110:Core/Src/main.c ****     //Button press detection and LED control: Method 3
 111:Core/Src/main.c ****     //Press Button_1 to turn on LED_1 every 1 second
 112:Core/Src/main.c ****     if (HAL_GPIO_ReadPin(Button_1_GPIO_Port, Button_1_Pin) == GPIO_PIN_SET)
 113:Core/Src/main.c ****     {
 114:Core/Src/main.c ****       // Button_1 is pressed, toggle LED_1 every 1 second
 115:Core/Src/main.c ****       if ((uint16_t)(current_time - last_1s_toggle_time) >= 1000)
 116:Core/Src/main.c ****       {
 117:Core/Src/main.c ****         HAL_GPIO_TogglePin(LED_1_GPIO_Port, LED_1_Pin); // Toggle LED_1 state
 118:Core/Src/main.c ****         last_1s_toggle_time = current_time; // Update the last toggle time for LED_1
 119:Core/Src/main.c ****       }
 120:Core/Src/main.c ****     }
 121:Core/Src/main.c **** 
 122:Core/Src/main.c ****     // Press Button_2 to turn on LED_1 and LED_2 every 5 seconds
 123:Core/Src/main.c ****     if (HAL_GPIO_ReadPin(Button_2_GPIO_Port, Button_2_Pin) == GPIO_PIN_SET)
 124:Core/Src/main.c ****     {
 125:Core/Src/main.c ****       // Button_2 is pressed, toggle LED_1 and LED_2 every 5 seconds
 126:Core/Src/main.c ****       if ((uint16_t)(current_time - last_5s_toggle_time) >= 5000)
 127:Core/Src/main.c ****       {
 128:Core/Src/main.c ****         HAL_GPIO_TogglePin(LED_1_GPIO_Port, LED_1_Pin); // Toggle LED_1 state
 129:Core/Src/main.c ****         HAL_GPIO_TogglePin(LED_2_GPIO_Port, LED_2_Pin); // Toggle LED_2 state
 130:Core/Src/main.c ****         last_5s_toggle_time = current_time; // Update the last toggle time for LED_1 and LED_2
 131:Core/Src/main.c ****       }
 132:Core/Src/main.c ****     }
 133:Core/Src/main.c **** 
 134:Core/Src/main.c ****     // Press Button_3 to turn on LED_1, LED_2, and LED_3 every 10 seconds
 135:Core/Src/main.c ****     if (HAL_GPIO_ReadPin(Button_3_GPIO_Port, Button_3_Pin) == GPIO_PIN_SET)
 136:Core/Src/main.c ****     {
 137:Core/Src/main.c ****       // Button_3 is pressed, toggle LED_1, LED_2, and LED_3 every 10 seconds
 138:Core/Src/main.c ****       if ((uint16_t)(current_time - last_10s_toggle_time) >= 10000)
 139:Core/Src/main.c ****       {
 140:Core/Src/main.c ****         HAL_GPIO_TogglePin(LED_1_GPIO_Port, LED_1_Pin); // Toggle LED_1 state
 141:Core/Src/main.c ****         HAL_GPIO_TogglePin(LED_2_GPIO_Port, LED_2_Pin); // Toggle LED_2 state
 142:Core/Src/main.c ****         HAL_GPIO_TogglePin(LED_3_GPIO_Port, LED_3_Pin); // Toggle LED_3 state
 143:Core/Src/main.c ****         last_10s_toggle_time = current_time; // Update the last toggle time for LED_1, LED_2, and L
 144:Core/Src/main.c ****       }
 145:Core/Src/main.c ****     }
ARM GAS  C:\Users\pablo\AppData\Local\Temp\ccRGFa1Y.s 			page 4


 146:Core/Src/main.c **** 
 147:Core/Src/main.c ****     /*
 148:Core/Src/main.c ****     //Button press detection and LED control: Method 2
 149:Core/Src/main.c ****     //Press Button_1 to turn on LED_1 every 1 second
 150:Core/Src/main.c ****     if (HAL_GPIO_ReadPin(Button_1_GPIO_Port, Button_1_Pin) == GPIO_PIN_SET)
 151:Core/Src/main.c ****     {
 152:Core/Src/main.c ****       // Check if 1 second has passed since the last toggle
 153:Core/Src/main.c ****       if (__HAL_TIM_GET_COUNTER(&htim3) >= 100)
 154:Core/Src/main.c ****       {
 155:Core/Src/main.c ****         HAL_GPIO_TogglePin(LED_1_GPIO_Port, LED_1_Pin); // Toggle LED_1 state
 156:Core/Src/main.c ****         __HAL_TIM_SET_COUNTER(&htim3, 0); // Reset the timer counter
 157:Core/Src/main.c ****       }
 158:Core/Src/main.c ****     }
 159:Core/Src/main.c **** 
 160:Core/Src/main.c ****     //Press Button_2 to turn on LED_1 and LED_2  every 5 seconds
 161:Core/Src/main.c ****     if (HAL_GPIO_ReadPin(Button_2_GPIO_Port, Button_2_Pin) == GPIO_PIN_SET)
 162:Core/Src/main.c ****     {
 163:Core/Src/main.c ****       // Check if 5 seconds have passed since the last toggle
 164:Core/Src/main.c ****       if (__HAL_TIM_GET_COUNTER(&htim3) >= 500)
 165:Core/Src/main.c ****       {
 166:Core/Src/main.c ****         HAL_GPIO_TogglePin(LED_1_GPIO_Port, LED_1_Pin); // Toggle LED_1 state
 167:Core/Src/main.c ****         HAL_GPIO_TogglePin(LED_2_GPIO_Port, LED_2_Pin); // Toggle LED_2 state
 168:Core/Src/main.c ****         __HAL_TIM_SET_COUNTER(&htim3, 0); // Reset the timer counter
 169:Core/Src/main.c ****       }
 170:Core/Src/main.c ****     }
 171:Core/Src/main.c **** 
 172:Core/Src/main.c ****     // Press Button_3 to turn on LED_1, LED_2 and LED_3 every 10 seconds
 173:Core/Src/main.c ****     if (HAL_GPIO_ReadPin(Button_3_GPIO_Port, Button_3_Pin) == GPIO_PIN_SET)
 174:Core/Src/main.c ****     {
 175:Core/Src/main.c ****       // Check if 10 seconds have passed since the last toggle
 176:Core/Src/main.c ****       if (__HAL_TIM_GET_COUNTER(&htim3) >= 1000)
 177:Core/Src/main.c ****       {
 178:Core/Src/main.c ****         HAL_GPIO_TogglePin(LED_1_GPIO_Port, LED_1_Pin); // Toggle LED_1 state
 179:Core/Src/main.c ****         HAL_GPIO_TogglePin(LED_2_GPIO_Port, LED_2_Pin); // Toggle LED_2 state
 180:Core/Src/main.c ****         HAL_GPIO_TogglePin(LED_3_GPIO_Port, LED_3_Pin); // Toggle LED_3 state
 181:Core/Src/main.c ****         __HAL_TIM_SET_COUNTER(&htim3, 0); // Reset the timer counter
 182:Core/Src/main.c ****       }
 183:Core/Src/main.c ****     }
 184:Core/Src/main.c ****       */
 185:Core/Src/main.c **** 
 186:Core/Src/main.c **** 
 187:Core/Src/main.c ****     /*
 188:Core/Src/main.c ****     // Button press detection and LED control: Method 1
 189:Core/Src/main.c ****     // Press B1 to turn on LD2
 190:Core/Src/main.c ****     if (HAL_GPIO_ReadPin(B1_GPIO_Port, B1_Pin) == GPIO_PIN_SET)
 191:Core/Src/main.c ****     {
 192:Core/Src/main.c ****       HAL_GPIO_WritePin(LD2_GPIO_Port, LD2_Pin, GPIO_PIN_SET);
 193:Core/Src/main.c ****     }
 194:Core/Src/main.c ****     else
 195:Core/Src/main.c ****     {
 196:Core/Src/main.c ****       HAL_GPIO_WritePin(LD2_GPIO_Port, LD2_Pin, GPIO_PIN_RESET);
 197:Core/Src/main.c ****     }
 198:Core/Src/main.c **** 
 199:Core/Src/main.c ****     // Press Button_1 to turn on LED_1
 200:Core/Src/main.c ****     if (HAL_GPIO_ReadPin(Button_1_GPIO_Port, Button_1_Pin) == GPIO_PIN_SET)
 201:Core/Src/main.c ****     {
 202:Core/Src/main.c ****       HAL_GPIO_WritePin(LED_1_GPIO_Port, LED_1_Pin, GPIO_PIN_SET);
ARM GAS  C:\Users\pablo\AppData\Local\Temp\ccRGFa1Y.s 			page 5


 203:Core/Src/main.c ****     }
 204:Core/Src/main.c ****     else
 205:Core/Src/main.c ****     {
 206:Core/Src/main.c ****       HAL_GPIO_WritePin(LED_1_GPIO_Port, LED_1_Pin, GPIO_PIN_RESET);
 207:Core/Src/main.c ****     }
 208:Core/Src/main.c **** 
 209:Core/Src/main.c ****     // Press Button_2 to turn on LED_2
 210:Core/Src/main.c ****     if (HAL_GPIO_ReadPin(Button_2_GPIO_Port, Button_2_Pin) == GPIO_PIN_SET)
 211:Core/Src/main.c ****     {
 212:Core/Src/main.c ****       HAL_GPIO_WritePin(LED_2_GPIO_Port, LED_2_Pin, GPIO_PIN_SET);
 213:Core/Src/main.c ****     }
 214:Core/Src/main.c ****     else
 215:Core/Src/main.c ****     {
 216:Core/Src/main.c ****       HAL_GPIO_WritePin(LED_2_GPIO_Port, LED_2_Pin, GPIO_PIN_RESET);
 217:Core/Src/main.c ****     }
 218:Core/Src/main.c **** 
 219:Core/Src/main.c ****     // Press Button_3 to turn on LED_3
 220:Core/Src/main.c ****     if (HAL_GPIO_ReadPin(Button_3_GPIO_Port, Button_3_Pin) == GPIO_PIN_SET)
 221:Core/Src/main.c ****     {
 222:Core/Src/main.c ****       HAL_GPIO_WritePin(LED_3_GPIO_Port, LED_3_Pin, GPIO_PIN_SET);
 223:Core/Src/main.c ****     }
 224:Core/Src/main.c ****     else
 225:Core/Src/main.c ****     {
 226:Core/Src/main.c ****       HAL_GPIO_WritePin(LED_3_GPIO_Port, LED_3_Pin, GPIO_PIN_RESET);
 227:Core/Src/main.c ****     }
 228:Core/Src/main.c ****       */
 229:Core/Src/main.c ****   }
 230:Core/Src/main.c ****   /* USER CODE END 3 */
 231:Core/Src/main.c **** }
 232:Core/Src/main.c **** 
 233:Core/Src/main.c **** /**
 234:Core/Src/main.c ****   * @brief System Clock Configuration
 235:Core/Src/main.c ****   * @retval None
 236:Core/Src/main.c ****   */
 237:Core/Src/main.c **** void SystemClock_Config(void)
 238:Core/Src/main.c **** {
 239:Core/Src/main.c ****   RCC_OscInitTypeDef RCC_OscInitStruct = {0};
 240:Core/Src/main.c ****   RCC_ClkInitTypeDef RCC_ClkInitStruct = {0};
 241:Core/Src/main.c **** 
 242:Core/Src/main.c ****   /** Configure the main internal regulator output voltage
 243:Core/Src/main.c ****   */
 244:Core/Src/main.c ****   __HAL_RCC_PWR_CLK_ENABLE();
 245:Core/Src/main.c ****   __HAL_PWR_VOLTAGESCALING_CONFIG(PWR_REGULATOR_VOLTAGE_SCALE1);
 246:Core/Src/main.c **** 
 247:Core/Src/main.c ****   /** Initializes the RCC Oscillators according to the specified parameters
 248:Core/Src/main.c ****   * in the RCC_OscInitTypeDef structure.
 249:Core/Src/main.c ****   */
 250:Core/Src/main.c ****   RCC_OscInitStruct.OscillatorType = RCC_OSCILLATORTYPE_HSI;
 251:Core/Src/main.c ****   RCC_OscInitStruct.HSIState = RCC_HSI_ON;
 252:Core/Src/main.c ****   RCC_OscInitStruct.HSICalibrationValue = RCC_HSICALIBRATION_DEFAULT;
 253:Core/Src/main.c ****   RCC_OscInitStruct.PLL.PLLState = RCC_PLL_ON;
 254:Core/Src/main.c ****   RCC_OscInitStruct.PLL.PLLSource = RCC_PLLSOURCE_HSI;
 255:Core/Src/main.c ****   RCC_OscInitStruct.PLL.PLLM = 8;
 256:Core/Src/main.c ****   RCC_OscInitStruct.PLL.PLLN = 96;
 257:Core/Src/main.c ****   RCC_OscInitStruct.PLL.PLLP = RCC_PLLP_DIV2;
 258:Core/Src/main.c ****   RCC_OscInitStruct.PLL.PLLQ = 4;
 259:Core/Src/main.c ****   if (HAL_RCC_OscConfig(&RCC_OscInitStruct) != HAL_OK)
ARM GAS  C:\Users\pablo\AppData\Local\Temp\ccRGFa1Y.s 			page 6


 260:Core/Src/main.c ****   {
 261:Core/Src/main.c ****     Error_Handler();
 262:Core/Src/main.c ****   }
 263:Core/Src/main.c **** 
 264:Core/Src/main.c ****   /** Initializes the CPU, AHB and APB buses clocks
 265:Core/Src/main.c ****   */
 266:Core/Src/main.c ****   RCC_ClkInitStruct.ClockType = RCC_CLOCKTYPE_HCLK|RCC_CLOCKTYPE_SYSCLK
 267:Core/Src/main.c ****                               |RCC_CLOCKTYPE_PCLK1|RCC_CLOCKTYPE_PCLK2;
 268:Core/Src/main.c ****   RCC_ClkInitStruct.SYSCLKSource = RCC_SYSCLKSOURCE_PLLCLK;
 269:Core/Src/main.c ****   RCC_ClkInitStruct.AHBCLKDivider = RCC_SYSCLK_DIV2;
 270:Core/Src/main.c ****   RCC_ClkInitStruct.APB1CLKDivider = RCC_HCLK_DIV1;
 271:Core/Src/main.c ****   RCC_ClkInitStruct.APB2CLKDivider = RCC_HCLK_DIV1;
 272:Core/Src/main.c **** 
 273:Core/Src/main.c ****   if (HAL_RCC_ClockConfig(&RCC_ClkInitStruct, FLASH_LATENCY_1) != HAL_OK)
 274:Core/Src/main.c ****   {
 275:Core/Src/main.c ****     Error_Handler();
 276:Core/Src/main.c ****   }
 277:Core/Src/main.c **** }
 278:Core/Src/main.c **** 
 279:Core/Src/main.c **** /**
 280:Core/Src/main.c ****   * @brief TIM3 Initialization Function
 281:Core/Src/main.c ****   * @param None
 282:Core/Src/main.c ****   * @retval None
 283:Core/Src/main.c ****   */
 284:Core/Src/main.c **** static void MX_TIM3_Init(void)
 285:Core/Src/main.c **** {
 286:Core/Src/main.c **** 
 287:Core/Src/main.c ****   /* USER CODE BEGIN TIM3_Init 0 */
 288:Core/Src/main.c **** 
 289:Core/Src/main.c ****   /* USER CODE END TIM3_Init 0 */
 290:Core/Src/main.c **** 
 291:Core/Src/main.c ****   TIM_ClockConfigTypeDef sClockSourceConfig = {0};
 292:Core/Src/main.c ****   TIM_MasterConfigTypeDef sMasterConfig = {0};
 293:Core/Src/main.c **** 
 294:Core/Src/main.c ****   /* USER CODE BEGIN TIM3_Init 1 */
 295:Core/Src/main.c **** 
 296:Core/Src/main.c ****   /* USER CODE END TIM3_Init 1 */
 297:Core/Src/main.c ****   htim3.Instance = TIM3;
 298:Core/Src/main.c ****   htim3.Init.Prescaler = 48000-1;
 299:Core/Src/main.c ****   htim3.Init.CounterMode = TIM_COUNTERMODE_UP;
 300:Core/Src/main.c ****   htim3.Init.Period = 65536-1;
 301:Core/Src/main.c ****   htim3.Init.ClockDivision = TIM_CLOCKDIVISION_DIV1;
 302:Core/Src/main.c ****   htim3.Init.AutoReloadPreload = TIM_AUTORELOAD_PRELOAD_DISABLE;
 303:Core/Src/main.c ****   if (HAL_TIM_Base_Init(&htim3) != HAL_OK)
 304:Core/Src/main.c ****   {
 305:Core/Src/main.c ****     Error_Handler();
 306:Core/Src/main.c ****   }
 307:Core/Src/main.c ****   sClockSourceConfig.ClockSource = TIM_CLOCKSOURCE_INTERNAL;
 308:Core/Src/main.c ****   if (HAL_TIM_ConfigClockSource(&htim3, &sClockSourceConfig) != HAL_OK)
 309:Core/Src/main.c ****   {
 310:Core/Src/main.c ****     Error_Handler();
 311:Core/Src/main.c ****   }
 312:Core/Src/main.c ****   sMasterConfig.MasterOutputTrigger = TIM_TRGO_RESET;
 313:Core/Src/main.c ****   sMasterConfig.MasterSlaveMode = TIM_MASTERSLAVEMODE_DISABLE;
 314:Core/Src/main.c ****   if (HAL_TIMEx_MasterConfigSynchronization(&htim3, &sMasterConfig) != HAL_OK)
 315:Core/Src/main.c ****   {
 316:Core/Src/main.c ****     Error_Handler();
ARM GAS  C:\Users\pablo\AppData\Local\Temp\ccRGFa1Y.s 			page 7


 317:Core/Src/main.c ****   }
 318:Core/Src/main.c ****   /* USER CODE BEGIN TIM3_Init 2 */
 319:Core/Src/main.c **** 
 320:Core/Src/main.c ****   /* USER CODE END TIM3_Init 2 */
 321:Core/Src/main.c **** 
 322:Core/Src/main.c **** }
 323:Core/Src/main.c **** 
 324:Core/Src/main.c **** /**
 325:Core/Src/main.c ****   * @brief GPIO Initialization Function
 326:Core/Src/main.c ****   * @param None
 327:Core/Src/main.c ****   * @retval None
 328:Core/Src/main.c ****   */
 329:Core/Src/main.c **** static void MX_GPIO_Init(void)
 330:Core/Src/main.c **** {
  28              		.loc 1 330 1 view -0
  29              		.cfi_startproc
  30              		@ args = 0, pretend = 0, frame = 40
  31              		@ frame_needed = 0, uses_anonymous_args = 0
  32 0000 2DE9F047 		push	{r4, r5, r6, r7, r8, r9, r10, lr}
  33              	.LCFI0:
  34              		.cfi_def_cfa_offset 32
  35              		.cfi_offset 4, -32
  36              		.cfi_offset 5, -28
  37              		.cfi_offset 6, -24
  38              		.cfi_offset 7, -20
  39              		.cfi_offset 8, -16
  40              		.cfi_offset 9, -12
  41              		.cfi_offset 10, -8
  42              		.cfi_offset 14, -4
  43 0004 8AB0     		sub	sp, sp, #40
  44              	.LCFI1:
  45              		.cfi_def_cfa_offset 72
 331:Core/Src/main.c ****   GPIO_InitTypeDef GPIO_InitStruct = {0};
  46              		.loc 1 331 3 view .LVU1
  47              		.loc 1 331 20 is_stmt 0 view .LVU2
  48 0006 05AD     		add	r5, sp, #20
  49 0008 0024     		movs	r4, #0
  50 000a 0594     		str	r4, [sp, #20]
  51 000c 0694     		str	r4, [sp, #24]
  52 000e 0794     		str	r4, [sp, #28]
  53 0010 0894     		str	r4, [sp, #32]
  54 0012 0994     		str	r4, [sp, #36]
 332:Core/Src/main.c ****   /* USER CODE BEGIN MX_GPIO_Init_1 */
 333:Core/Src/main.c **** 
 334:Core/Src/main.c ****   /* USER CODE END MX_GPIO_Init_1 */
 335:Core/Src/main.c **** 
 336:Core/Src/main.c ****   /* GPIO Ports Clock Enable */
 337:Core/Src/main.c ****   __HAL_RCC_GPIOC_CLK_ENABLE();
  55              		.loc 1 337 3 is_stmt 1 view .LVU3
  56              	.LBB4:
  57              		.loc 1 337 3 view .LVU4
  58 0014 0194     		str	r4, [sp, #4]
  59              		.loc 1 337 3 view .LVU5
  60 0016 424B     		ldr	r3, .L3
  61 0018 1A6B     		ldr	r2, [r3, #48]
  62 001a 42F00402 		orr	r2, r2, #4
  63 001e 1A63     		str	r2, [r3, #48]
ARM GAS  C:\Users\pablo\AppData\Local\Temp\ccRGFa1Y.s 			page 8


  64              		.loc 1 337 3 view .LVU6
  65 0020 1A6B     		ldr	r2, [r3, #48]
  66 0022 02F00402 		and	r2, r2, #4
  67 0026 0192     		str	r2, [sp, #4]
  68              		.loc 1 337 3 view .LVU7
  69 0028 019A     		ldr	r2, [sp, #4]
  70              	.LBE4:
  71              		.loc 1 337 3 view .LVU8
 338:Core/Src/main.c ****   __HAL_RCC_GPIOH_CLK_ENABLE();
  72              		.loc 1 338 3 view .LVU9
  73              	.LBB5:
  74              		.loc 1 338 3 view .LVU10
  75 002a 0294     		str	r4, [sp, #8]
  76              		.loc 1 338 3 view .LVU11
  77 002c 1A6B     		ldr	r2, [r3, #48]
  78 002e 42F08002 		orr	r2, r2, #128
  79 0032 1A63     		str	r2, [r3, #48]
  80              		.loc 1 338 3 view .LVU12
  81 0034 1A6B     		ldr	r2, [r3, #48]
  82 0036 02F08002 		and	r2, r2, #128
  83 003a 0292     		str	r2, [sp, #8]
  84              		.loc 1 338 3 view .LVU13
  85 003c 029A     		ldr	r2, [sp, #8]
  86              	.LBE5:
  87              		.loc 1 338 3 view .LVU14
 339:Core/Src/main.c ****   __HAL_RCC_GPIOA_CLK_ENABLE();
  88              		.loc 1 339 3 view .LVU15
  89              	.LBB6:
  90              		.loc 1 339 3 view .LVU16
  91 003e 0394     		str	r4, [sp, #12]
  92              		.loc 1 339 3 view .LVU17
  93 0040 1A6B     		ldr	r2, [r3, #48]
  94 0042 42F00102 		orr	r2, r2, #1
  95 0046 1A63     		str	r2, [r3, #48]
  96              		.loc 1 339 3 view .LVU18
  97 0048 1A6B     		ldr	r2, [r3, #48]
  98 004a 02F00102 		and	r2, r2, #1
  99 004e 0392     		str	r2, [sp, #12]
 100              		.loc 1 339 3 view .LVU19
 101 0050 039A     		ldr	r2, [sp, #12]
 102              	.LBE6:
 103              		.loc 1 339 3 view .LVU20
 340:Core/Src/main.c ****   __HAL_RCC_GPIOB_CLK_ENABLE();
 104              		.loc 1 340 3 view .LVU21
 105              	.LBB7:
 106              		.loc 1 340 3 view .LVU22
 107 0052 0494     		str	r4, [sp, #16]
 108              		.loc 1 340 3 view .LVU23
 109 0054 1A6B     		ldr	r2, [r3, #48]
 110 0056 42F00202 		orr	r2, r2, #2
 111 005a 1A63     		str	r2, [r3, #48]
 112              		.loc 1 340 3 view .LVU24
 113 005c 1B6B     		ldr	r3, [r3, #48]
 114 005e 03F00203 		and	r3, r3, #2
 115 0062 0493     		str	r3, [sp, #16]
 116              		.loc 1 340 3 view .LVU25
 117 0064 049B     		ldr	r3, [sp, #16]
ARM GAS  C:\Users\pablo\AppData\Local\Temp\ccRGFa1Y.s 			page 9


 118              	.LBE7:
 119              		.loc 1 340 3 view .LVU26
 341:Core/Src/main.c **** 
 342:Core/Src/main.c ****   /*Configure GPIO pin Output Level */
 343:Core/Src/main.c ****   HAL_GPIO_WritePin(GPIOA, LD2_Pin|LED_2_Pin, GPIO_PIN_RESET);
 120              		.loc 1 343 3 view .LVU27
 121 0066 2F4E     		ldr	r6, .L3+4
 122 0068 2246     		mov	r2, r4
 123 006a 4FF40261 		mov	r1, #2080
 124 006e 3046     		mov	r0, r6
 125 0070 FFF7FEFF 		bl	HAL_GPIO_WritePin
 126              	.LVL0:
 344:Core/Src/main.c **** 
 345:Core/Src/main.c ****   /*Configure GPIO pin Output Level */
 346:Core/Src/main.c ****   HAL_GPIO_WritePin(GPIOC, LED_3_Pin|LED_1_Pin, GPIO_PIN_RESET);
 127              		.loc 1 346 3 view .LVU28
 128 0074 DFF8B080 		ldr	r8, .L3+8
 129 0078 2246     		mov	r2, r4
 130 007a C021     		movs	r1, #192
 131 007c 4046     		mov	r0, r8
 132 007e FFF7FEFF 		bl	HAL_GPIO_WritePin
 133              	.LVL1:
 347:Core/Src/main.c **** 
 348:Core/Src/main.c ****   /*Configure GPIO pin : B1_Pin */
 349:Core/Src/main.c ****   GPIO_InitStruct.Pin = B1_Pin;
 134              		.loc 1 349 3 view .LVU29
 135              		.loc 1 349 23 is_stmt 0 view .LVU30
 136 0082 4FF40053 		mov	r3, #8192
 137 0086 0593     		str	r3, [sp, #20]
 350:Core/Src/main.c ****   GPIO_InitStruct.Mode = GPIO_MODE_IT_FALLING;
 138              		.loc 1 350 3 is_stmt 1 view .LVU31
 139              		.loc 1 350 24 is_stmt 0 view .LVU32
 140 0088 4FF40413 		mov	r3, #2162688
 141 008c 0693     		str	r3, [sp, #24]
 351:Core/Src/main.c ****   GPIO_InitStruct.Pull = GPIO_NOPULL;
 142              		.loc 1 351 3 is_stmt 1 view .LVU33
 143              		.loc 1 351 24 is_stmt 0 view .LVU34
 144 008e 0794     		str	r4, [sp, #28]
 352:Core/Src/main.c ****   HAL_GPIO_Init(B1_GPIO_Port, &GPIO_InitStruct);
 145              		.loc 1 352 3 is_stmt 1 view .LVU35
 146 0090 2946     		mov	r1, r5
 147 0092 4046     		mov	r0, r8
 148 0094 FFF7FEFF 		bl	HAL_GPIO_Init
 149              	.LVL2:
 353:Core/Src/main.c **** 
 354:Core/Src/main.c ****   /*Configure GPIO pins : USART_TX_Pin USART_RX_Pin */
 355:Core/Src/main.c ****   GPIO_InitStruct.Pin = USART_TX_Pin|USART_RX_Pin;
 150              		.loc 1 355 3 view .LVU36
 151              		.loc 1 355 23 is_stmt 0 view .LVU37
 152 0098 0C23     		movs	r3, #12
 153 009a 0593     		str	r3, [sp, #20]
 356:Core/Src/main.c ****   GPIO_InitStruct.Mode = GPIO_MODE_AF_PP;
 154              		.loc 1 356 3 is_stmt 1 view .LVU38
 155              		.loc 1 356 24 is_stmt 0 view .LVU39
 156 009c 0227     		movs	r7, #2
 157 009e 0697     		str	r7, [sp, #24]
 357:Core/Src/main.c ****   GPIO_InitStruct.Pull = GPIO_NOPULL;
ARM GAS  C:\Users\pablo\AppData\Local\Temp\ccRGFa1Y.s 			page 10


 158              		.loc 1 357 3 is_stmt 1 view .LVU40
 159              		.loc 1 357 24 is_stmt 0 view .LVU41
 160 00a0 0794     		str	r4, [sp, #28]
 358:Core/Src/main.c ****   GPIO_InitStruct.Speed = GPIO_SPEED_FREQ_VERY_HIGH;
 161              		.loc 1 358 3 is_stmt 1 view .LVU42
 162              		.loc 1 358 25 is_stmt 0 view .LVU43
 163 00a2 0323     		movs	r3, #3
 164 00a4 0893     		str	r3, [sp, #32]
 359:Core/Src/main.c ****   GPIO_InitStruct.Alternate = GPIO_AF7_USART2;
 165              		.loc 1 359 3 is_stmt 1 view .LVU44
 166              		.loc 1 359 29 is_stmt 0 view .LVU45
 167 00a6 0723     		movs	r3, #7
 168 00a8 0993     		str	r3, [sp, #36]
 360:Core/Src/main.c ****   HAL_GPIO_Init(GPIOA, &GPIO_InitStruct);
 169              		.loc 1 360 3 is_stmt 1 view .LVU46
 170 00aa 2946     		mov	r1, r5
 171 00ac 3046     		mov	r0, r6
 172 00ae FFF7FEFF 		bl	HAL_GPIO_Init
 173              	.LVL3:
 361:Core/Src/main.c **** 
 362:Core/Src/main.c ****   /*Configure GPIO pins : LD2_Pin LED_2_Pin */
 363:Core/Src/main.c ****   GPIO_InitStruct.Pin = LD2_Pin|LED_2_Pin;
 174              		.loc 1 363 3 view .LVU47
 175              		.loc 1 363 23 is_stmt 0 view .LVU48
 176 00b2 4FF40263 		mov	r3, #2080
 177 00b6 0593     		str	r3, [sp, #20]
 364:Core/Src/main.c ****   GPIO_InitStruct.Mode = GPIO_MODE_OUTPUT_PP;
 178              		.loc 1 364 3 is_stmt 1 view .LVU49
 179              		.loc 1 364 24 is_stmt 0 view .LVU50
 180 00b8 4FF0010A 		mov	r10, #1
 181 00bc CDF818A0 		str	r10, [sp, #24]
 365:Core/Src/main.c ****   GPIO_InitStruct.Pull = GPIO_NOPULL;
 182              		.loc 1 365 3 is_stmt 1 view .LVU51
 183              		.loc 1 365 24 is_stmt 0 view .LVU52
 184 00c0 0794     		str	r4, [sp, #28]
 366:Core/Src/main.c ****   GPIO_InitStruct.Speed = GPIO_SPEED_FREQ_LOW;
 185              		.loc 1 366 3 is_stmt 1 view .LVU53
 186              		.loc 1 366 25 is_stmt 0 view .LVU54
 187 00c2 0894     		str	r4, [sp, #32]
 367:Core/Src/main.c ****   HAL_GPIO_Init(GPIOA, &GPIO_InitStruct);
 188              		.loc 1 367 3 is_stmt 1 view .LVU55
 189 00c4 2946     		mov	r1, r5
 190 00c6 3046     		mov	r0, r6
 191 00c8 FFF7FEFF 		bl	HAL_GPIO_Init
 192              	.LVL4:
 368:Core/Src/main.c **** 
 369:Core/Src/main.c ****   /*Configure GPIO pin : Button_2_Pin */
 370:Core/Src/main.c ****   GPIO_InitStruct.Pin = Button_2_Pin;
 193              		.loc 1 370 3 view .LVU56
 194              		.loc 1 370 23 is_stmt 0 view .LVU57
 195 00cc 4FF48053 		mov	r3, #4096
 196 00d0 0593     		str	r3, [sp, #20]
 371:Core/Src/main.c ****   GPIO_InitStruct.Mode = GPIO_MODE_INPUT;
 197              		.loc 1 371 3 is_stmt 1 view .LVU58
 198              		.loc 1 371 24 is_stmt 0 view .LVU59
 199 00d2 0694     		str	r4, [sp, #24]
 372:Core/Src/main.c ****   GPIO_InitStruct.Pull = GPIO_PULLDOWN;
ARM GAS  C:\Users\pablo\AppData\Local\Temp\ccRGFa1Y.s 			page 11


 200              		.loc 1 372 3 is_stmt 1 view .LVU60
 201              		.loc 1 372 24 is_stmt 0 view .LVU61
 202 00d4 0797     		str	r7, [sp, #28]
 373:Core/Src/main.c ****   HAL_GPIO_Init(Button_2_GPIO_Port, &GPIO_InitStruct);
 203              		.loc 1 373 3 is_stmt 1 view .LVU62
 204 00d6 DFF85490 		ldr	r9, .L3+12
 205 00da 2946     		mov	r1, r5
 206 00dc 4846     		mov	r0, r9
 207 00de FFF7FEFF 		bl	HAL_GPIO_Init
 208              	.LVL5:
 374:Core/Src/main.c **** 
 375:Core/Src/main.c ****   /*Configure GPIO pins : LED_3_Pin LED_1_Pin */
 376:Core/Src/main.c ****   GPIO_InitStruct.Pin = LED_3_Pin|LED_1_Pin;
 209              		.loc 1 376 3 view .LVU63
 210              		.loc 1 376 23 is_stmt 0 view .LVU64
 211 00e2 C023     		movs	r3, #192
 212 00e4 0593     		str	r3, [sp, #20]
 377:Core/Src/main.c ****   GPIO_InitStruct.Mode = GPIO_MODE_OUTPUT_PP;
 213              		.loc 1 377 3 is_stmt 1 view .LVU65
 214              		.loc 1 377 24 is_stmt 0 view .LVU66
 215 00e6 CDF818A0 		str	r10, [sp, #24]
 378:Core/Src/main.c ****   GPIO_InitStruct.Pull = GPIO_NOPULL;
 216              		.loc 1 378 3 is_stmt 1 view .LVU67
 217              		.loc 1 378 24 is_stmt 0 view .LVU68
 218 00ea 0794     		str	r4, [sp, #28]
 379:Core/Src/main.c ****   GPIO_InitStruct.Speed = GPIO_SPEED_FREQ_LOW;
 219              		.loc 1 379 3 is_stmt 1 view .LVU69
 220              		.loc 1 379 25 is_stmt 0 view .LVU70
 221 00ec 0894     		str	r4, [sp, #32]
 380:Core/Src/main.c ****   HAL_GPIO_Init(GPIOC, &GPIO_InitStruct);
 222              		.loc 1 380 3 is_stmt 1 view .LVU71
 223 00ee 2946     		mov	r1, r5
 224 00f0 4046     		mov	r0, r8
 225 00f2 FFF7FEFF 		bl	HAL_GPIO_Init
 226              	.LVL6:
 381:Core/Src/main.c **** 
 382:Core/Src/main.c ****   /*Configure GPIO pin : Button_1_Pin */
 383:Core/Src/main.c ****   GPIO_InitStruct.Pin = Button_1_Pin;
 227              		.loc 1 383 3 view .LVU72
 228              		.loc 1 383 23 is_stmt 0 view .LVU73
 229 00f6 4FF48078 		mov	r8, #256
 230 00fa CDF81480 		str	r8, [sp, #20]
 384:Core/Src/main.c ****   GPIO_InitStruct.Mode = GPIO_MODE_INPUT;
 231              		.loc 1 384 3 is_stmt 1 view .LVU74
 232              		.loc 1 384 24 is_stmt 0 view .LVU75
 233 00fe 0694     		str	r4, [sp, #24]
 385:Core/Src/main.c ****   GPIO_InitStruct.Pull = GPIO_PULLDOWN;
 234              		.loc 1 385 3 is_stmt 1 view .LVU76
 235              		.loc 1 385 24 is_stmt 0 view .LVU77
 236 0100 0797     		str	r7, [sp, #28]
 386:Core/Src/main.c ****   HAL_GPIO_Init(Button_1_GPIO_Port, &GPIO_InitStruct);
 237              		.loc 1 386 3 is_stmt 1 view .LVU78
 238 0102 2946     		mov	r1, r5
 239 0104 3046     		mov	r0, r6
 240 0106 FFF7FEFF 		bl	HAL_GPIO_Init
 241              	.LVL7:
 387:Core/Src/main.c **** 
ARM GAS  C:\Users\pablo\AppData\Local\Temp\ccRGFa1Y.s 			page 12


 388:Core/Src/main.c ****   /*Configure GPIO pin : Button_3_Pin */
 389:Core/Src/main.c ****   GPIO_InitStruct.Pin = Button_3_Pin;
 242              		.loc 1 389 3 view .LVU79
 243              		.loc 1 389 23 is_stmt 0 view .LVU80
 244 010a CDF81480 		str	r8, [sp, #20]
 390:Core/Src/main.c ****   GPIO_InitStruct.Mode = GPIO_MODE_INPUT;
 245              		.loc 1 390 3 is_stmt 1 view .LVU81
 246              		.loc 1 390 24 is_stmt 0 view .LVU82
 247 010e 0694     		str	r4, [sp, #24]
 391:Core/Src/main.c ****   GPIO_InitStruct.Pull = GPIO_NOPULL;
 248              		.loc 1 391 3 is_stmt 1 view .LVU83
 249              		.loc 1 391 24 is_stmt 0 view .LVU84
 250 0110 0794     		str	r4, [sp, #28]
 392:Core/Src/main.c ****   HAL_GPIO_Init(Button_3_GPIO_Port, &GPIO_InitStruct);
 251              		.loc 1 392 3 is_stmt 1 view .LVU85
 252 0112 2946     		mov	r1, r5
 253 0114 4846     		mov	r0, r9
 254 0116 FFF7FEFF 		bl	HAL_GPIO_Init
 255              	.LVL8:
 393:Core/Src/main.c **** 
 394:Core/Src/main.c ****   /* USER CODE BEGIN MX_GPIO_Init_2 */
 395:Core/Src/main.c **** 
 396:Core/Src/main.c ****   /* USER CODE END MX_GPIO_Init_2 */
 397:Core/Src/main.c **** }
 256              		.loc 1 397 1 is_stmt 0 view .LVU86
 257 011a 0AB0     		add	sp, sp, #40
 258              	.LCFI2:
 259              		.cfi_def_cfa_offset 32
 260              		@ sp needed
 261 011c BDE8F087 		pop	{r4, r5, r6, r7, r8, r9, r10, pc}
 262              	.L4:
 263              		.align	2
 264              	.L3:
 265 0120 00380240 		.word	1073887232
 266 0124 00000240 		.word	1073872896
 267 0128 00080240 		.word	1073874944
 268 012c 00040240 		.word	1073873920
 269              		.cfi_endproc
 270              	.LFE137:
 272              		.section	.text.Error_Handler,"ax",%progbits
 273              		.align	1
 274              		.global	Error_Handler
 275              		.syntax unified
 276              		.thumb
 277              		.thumb_func
 279              	Error_Handler:
 280              	.LFB138:
 398:Core/Src/main.c **** 
 399:Core/Src/main.c **** /* USER CODE BEGIN 4 */
 400:Core/Src/main.c **** 
 401:Core/Src/main.c **** /* USER CODE END 4 */
 402:Core/Src/main.c **** 
 403:Core/Src/main.c **** /**
 404:Core/Src/main.c ****   * @brief  This function is executed in case of error occurrence.
 405:Core/Src/main.c ****   * @retval None
 406:Core/Src/main.c ****   */
 407:Core/Src/main.c **** void Error_Handler(void)
ARM GAS  C:\Users\pablo\AppData\Local\Temp\ccRGFa1Y.s 			page 13


 408:Core/Src/main.c **** {
 281              		.loc 1 408 1 is_stmt 1 view -0
 282              		.cfi_startproc
 283              		@ Volatile: function does not return.
 284              		@ args = 0, pretend = 0, frame = 0
 285              		@ frame_needed = 0, uses_anonymous_args = 0
 286              		@ link register save eliminated.
 409:Core/Src/main.c ****   /* USER CODE BEGIN Error_Handler_Debug */
 410:Core/Src/main.c ****   /* User can add his own implementation to report the HAL error return state */
 411:Core/Src/main.c ****   __disable_irq();
 287              		.loc 1 411 3 view .LVU88
 288              	.LBB8:
 289              	.LBI8:
 290              		.file 2 "Drivers/CMSIS/Include/cmsis_gcc.h"
   1:Drivers/CMSIS/Include/cmsis_gcc.h **** /**************************************************************************//**
   2:Drivers/CMSIS/Include/cmsis_gcc.h ****  * @file     cmsis_gcc.h
   3:Drivers/CMSIS/Include/cmsis_gcc.h ****  * @brief    CMSIS compiler GCC header file
   4:Drivers/CMSIS/Include/cmsis_gcc.h ****  * @version  V5.4.1
   5:Drivers/CMSIS/Include/cmsis_gcc.h ****  * @date     27. May 2021
   6:Drivers/CMSIS/Include/cmsis_gcc.h ****  ******************************************************************************/
   7:Drivers/CMSIS/Include/cmsis_gcc.h **** /*
   8:Drivers/CMSIS/Include/cmsis_gcc.h ****  * Copyright (c) 2009-2021 Arm Limited. All rights reserved.
   9:Drivers/CMSIS/Include/cmsis_gcc.h ****  *
  10:Drivers/CMSIS/Include/cmsis_gcc.h ****  * SPDX-License-Identifier: Apache-2.0
  11:Drivers/CMSIS/Include/cmsis_gcc.h ****  *
  12:Drivers/CMSIS/Include/cmsis_gcc.h ****  * Licensed under the Apache License, Version 2.0 (the License); you may
  13:Drivers/CMSIS/Include/cmsis_gcc.h ****  * not use this file except in compliance with the License.
  14:Drivers/CMSIS/Include/cmsis_gcc.h ****  * You may obtain a copy of the License at
  15:Drivers/CMSIS/Include/cmsis_gcc.h ****  *
  16:Drivers/CMSIS/Include/cmsis_gcc.h ****  * www.apache.org/licenses/LICENSE-2.0
  17:Drivers/CMSIS/Include/cmsis_gcc.h ****  *
  18:Drivers/CMSIS/Include/cmsis_gcc.h ****  * Unless required by applicable law or agreed to in writing, software
  19:Drivers/CMSIS/Include/cmsis_gcc.h ****  * distributed under the License is distributed on an AS IS BASIS, WITHOUT
  20:Drivers/CMSIS/Include/cmsis_gcc.h ****  * WARRANTIES OR CONDITIONS OF ANY KIND, either express or implied.
  21:Drivers/CMSIS/Include/cmsis_gcc.h ****  * See the License for the specific language governing permissions and
  22:Drivers/CMSIS/Include/cmsis_gcc.h ****  * limitations under the License.
  23:Drivers/CMSIS/Include/cmsis_gcc.h ****  */
  24:Drivers/CMSIS/Include/cmsis_gcc.h **** 
  25:Drivers/CMSIS/Include/cmsis_gcc.h **** #ifndef __CMSIS_GCC_H
  26:Drivers/CMSIS/Include/cmsis_gcc.h **** #define __CMSIS_GCC_H
  27:Drivers/CMSIS/Include/cmsis_gcc.h **** 
  28:Drivers/CMSIS/Include/cmsis_gcc.h **** /* ignore some GCC warnings */
  29:Drivers/CMSIS/Include/cmsis_gcc.h **** #pragma GCC diagnostic push
  30:Drivers/CMSIS/Include/cmsis_gcc.h **** #pragma GCC diagnostic ignored "-Wsign-conversion"
  31:Drivers/CMSIS/Include/cmsis_gcc.h **** #pragma GCC diagnostic ignored "-Wconversion"
  32:Drivers/CMSIS/Include/cmsis_gcc.h **** #pragma GCC diagnostic ignored "-Wunused-parameter"
  33:Drivers/CMSIS/Include/cmsis_gcc.h **** 
  34:Drivers/CMSIS/Include/cmsis_gcc.h **** /* Fallback for __has_builtin */
  35:Drivers/CMSIS/Include/cmsis_gcc.h **** #ifndef __has_builtin
  36:Drivers/CMSIS/Include/cmsis_gcc.h ****   #define __has_builtin(x) (0)
  37:Drivers/CMSIS/Include/cmsis_gcc.h **** #endif
  38:Drivers/CMSIS/Include/cmsis_gcc.h **** 
  39:Drivers/CMSIS/Include/cmsis_gcc.h **** /* CMSIS compiler specific defines */
  40:Drivers/CMSIS/Include/cmsis_gcc.h **** #ifndef   __ASM
  41:Drivers/CMSIS/Include/cmsis_gcc.h ****   #define __ASM                                  __asm
  42:Drivers/CMSIS/Include/cmsis_gcc.h **** #endif
  43:Drivers/CMSIS/Include/cmsis_gcc.h **** #ifndef   __INLINE
ARM GAS  C:\Users\pablo\AppData\Local\Temp\ccRGFa1Y.s 			page 14


  44:Drivers/CMSIS/Include/cmsis_gcc.h ****   #define __INLINE                               inline
  45:Drivers/CMSIS/Include/cmsis_gcc.h **** #endif
  46:Drivers/CMSIS/Include/cmsis_gcc.h **** #ifndef   __STATIC_INLINE
  47:Drivers/CMSIS/Include/cmsis_gcc.h ****   #define __STATIC_INLINE                        static inline
  48:Drivers/CMSIS/Include/cmsis_gcc.h **** #endif
  49:Drivers/CMSIS/Include/cmsis_gcc.h **** #ifndef   __STATIC_FORCEINLINE
  50:Drivers/CMSIS/Include/cmsis_gcc.h ****   #define __STATIC_FORCEINLINE                   __attribute__((always_inline)) static inline
  51:Drivers/CMSIS/Include/cmsis_gcc.h **** #endif
  52:Drivers/CMSIS/Include/cmsis_gcc.h **** #ifndef   __NO_RETURN
  53:Drivers/CMSIS/Include/cmsis_gcc.h ****   #define __NO_RETURN                            __attribute__((__noreturn__))
  54:Drivers/CMSIS/Include/cmsis_gcc.h **** #endif
  55:Drivers/CMSIS/Include/cmsis_gcc.h **** #ifndef   __USED
  56:Drivers/CMSIS/Include/cmsis_gcc.h ****   #define __USED                                 __attribute__((used))
  57:Drivers/CMSIS/Include/cmsis_gcc.h **** #endif
  58:Drivers/CMSIS/Include/cmsis_gcc.h **** #ifndef   __WEAK
  59:Drivers/CMSIS/Include/cmsis_gcc.h ****   #define __WEAK                                 __attribute__((weak))
  60:Drivers/CMSIS/Include/cmsis_gcc.h **** #endif
  61:Drivers/CMSIS/Include/cmsis_gcc.h **** #ifndef   __PACKED
  62:Drivers/CMSIS/Include/cmsis_gcc.h ****   #define __PACKED                               __attribute__((packed, aligned(1)))
  63:Drivers/CMSIS/Include/cmsis_gcc.h **** #endif
  64:Drivers/CMSIS/Include/cmsis_gcc.h **** #ifndef   __PACKED_STRUCT
  65:Drivers/CMSIS/Include/cmsis_gcc.h ****   #define __PACKED_STRUCT                        struct __attribute__((packed, aligned(1)))
  66:Drivers/CMSIS/Include/cmsis_gcc.h **** #endif
  67:Drivers/CMSIS/Include/cmsis_gcc.h **** #ifndef   __PACKED_UNION
  68:Drivers/CMSIS/Include/cmsis_gcc.h ****   #define __PACKED_UNION                         union __attribute__((packed, aligned(1)))
  69:Drivers/CMSIS/Include/cmsis_gcc.h **** #endif
  70:Drivers/CMSIS/Include/cmsis_gcc.h **** #ifndef   __UNALIGNED_UINT32        /* deprecated */
  71:Drivers/CMSIS/Include/cmsis_gcc.h ****   #pragma GCC diagnostic push
  72:Drivers/CMSIS/Include/cmsis_gcc.h ****   #pragma GCC diagnostic ignored "-Wpacked"
  73:Drivers/CMSIS/Include/cmsis_gcc.h ****   #pragma GCC diagnostic ignored "-Wattributes"
  74:Drivers/CMSIS/Include/cmsis_gcc.h ****   struct __attribute__((packed)) T_UINT32 { uint32_t v; };
  75:Drivers/CMSIS/Include/cmsis_gcc.h ****   #pragma GCC diagnostic pop
  76:Drivers/CMSIS/Include/cmsis_gcc.h ****   #define __UNALIGNED_UINT32(x)                  (((struct T_UINT32 *)(x))->v)
  77:Drivers/CMSIS/Include/cmsis_gcc.h **** #endif
  78:Drivers/CMSIS/Include/cmsis_gcc.h **** #ifndef   __UNALIGNED_UINT16_WRITE
  79:Drivers/CMSIS/Include/cmsis_gcc.h ****   #pragma GCC diagnostic push
  80:Drivers/CMSIS/Include/cmsis_gcc.h ****   #pragma GCC diagnostic ignored "-Wpacked"
  81:Drivers/CMSIS/Include/cmsis_gcc.h ****   #pragma GCC diagnostic ignored "-Wattributes"
  82:Drivers/CMSIS/Include/cmsis_gcc.h ****   __PACKED_STRUCT T_UINT16_WRITE { uint16_t v; };
  83:Drivers/CMSIS/Include/cmsis_gcc.h ****   #pragma GCC diagnostic pop
  84:Drivers/CMSIS/Include/cmsis_gcc.h ****   #define __UNALIGNED_UINT16_WRITE(addr, val)    (void)((((struct T_UINT16_WRITE *)(void *)(addr))-
  85:Drivers/CMSIS/Include/cmsis_gcc.h **** #endif
  86:Drivers/CMSIS/Include/cmsis_gcc.h **** #ifndef   __UNALIGNED_UINT16_READ
  87:Drivers/CMSIS/Include/cmsis_gcc.h ****   #pragma GCC diagnostic push
  88:Drivers/CMSIS/Include/cmsis_gcc.h ****   #pragma GCC diagnostic ignored "-Wpacked"
  89:Drivers/CMSIS/Include/cmsis_gcc.h ****   #pragma GCC diagnostic ignored "-Wattributes"
  90:Drivers/CMSIS/Include/cmsis_gcc.h ****   __PACKED_STRUCT T_UINT16_READ { uint16_t v; };
  91:Drivers/CMSIS/Include/cmsis_gcc.h ****   #pragma GCC diagnostic pop
  92:Drivers/CMSIS/Include/cmsis_gcc.h ****   #define __UNALIGNED_UINT16_READ(addr)          (((const struct T_UINT16_READ *)(const void *)(add
  93:Drivers/CMSIS/Include/cmsis_gcc.h **** #endif
  94:Drivers/CMSIS/Include/cmsis_gcc.h **** #ifndef   __UNALIGNED_UINT32_WRITE
  95:Drivers/CMSIS/Include/cmsis_gcc.h ****   #pragma GCC diagnostic push
  96:Drivers/CMSIS/Include/cmsis_gcc.h ****   #pragma GCC diagnostic ignored "-Wpacked"
  97:Drivers/CMSIS/Include/cmsis_gcc.h ****   #pragma GCC diagnostic ignored "-Wattributes"
  98:Drivers/CMSIS/Include/cmsis_gcc.h ****   __PACKED_STRUCT T_UINT32_WRITE { uint32_t v; };
  99:Drivers/CMSIS/Include/cmsis_gcc.h ****   #pragma GCC diagnostic pop
 100:Drivers/CMSIS/Include/cmsis_gcc.h ****   #define __UNALIGNED_UINT32_WRITE(addr, val)    (void)((((struct T_UINT32_WRITE *)(void *)(addr))-
ARM GAS  C:\Users\pablo\AppData\Local\Temp\ccRGFa1Y.s 			page 15


 101:Drivers/CMSIS/Include/cmsis_gcc.h **** #endif
 102:Drivers/CMSIS/Include/cmsis_gcc.h **** #ifndef   __UNALIGNED_UINT32_READ
 103:Drivers/CMSIS/Include/cmsis_gcc.h ****   #pragma GCC diagnostic push
 104:Drivers/CMSIS/Include/cmsis_gcc.h ****   #pragma GCC diagnostic ignored "-Wpacked"
 105:Drivers/CMSIS/Include/cmsis_gcc.h ****   #pragma GCC diagnostic ignored "-Wattributes"
 106:Drivers/CMSIS/Include/cmsis_gcc.h ****   __PACKED_STRUCT T_UINT32_READ { uint32_t v; };
 107:Drivers/CMSIS/Include/cmsis_gcc.h ****   #pragma GCC diagnostic pop
 108:Drivers/CMSIS/Include/cmsis_gcc.h ****   #define __UNALIGNED_UINT32_READ(addr)          (((const struct T_UINT32_READ *)(const void *)(add
 109:Drivers/CMSIS/Include/cmsis_gcc.h **** #endif
 110:Drivers/CMSIS/Include/cmsis_gcc.h **** #ifndef   __ALIGNED
 111:Drivers/CMSIS/Include/cmsis_gcc.h ****   #define __ALIGNED(x)                           __attribute__((aligned(x)))
 112:Drivers/CMSIS/Include/cmsis_gcc.h **** #endif
 113:Drivers/CMSIS/Include/cmsis_gcc.h **** #ifndef   __RESTRICT
 114:Drivers/CMSIS/Include/cmsis_gcc.h ****   #define __RESTRICT                             __restrict
 115:Drivers/CMSIS/Include/cmsis_gcc.h **** #endif
 116:Drivers/CMSIS/Include/cmsis_gcc.h **** #ifndef   __COMPILER_BARRIER
 117:Drivers/CMSIS/Include/cmsis_gcc.h ****   #define __COMPILER_BARRIER()                   __ASM volatile("":::"memory")
 118:Drivers/CMSIS/Include/cmsis_gcc.h **** #endif
 119:Drivers/CMSIS/Include/cmsis_gcc.h **** 
 120:Drivers/CMSIS/Include/cmsis_gcc.h **** /* #########################  Startup and Lowlevel Init  ######################## */
 121:Drivers/CMSIS/Include/cmsis_gcc.h **** 
 122:Drivers/CMSIS/Include/cmsis_gcc.h **** #ifndef __PROGRAM_START
 123:Drivers/CMSIS/Include/cmsis_gcc.h **** 
 124:Drivers/CMSIS/Include/cmsis_gcc.h **** /**
 125:Drivers/CMSIS/Include/cmsis_gcc.h ****   \brief   Initializes data and bss sections
 126:Drivers/CMSIS/Include/cmsis_gcc.h ****   \details This default implementations initialized all data and additional bss
 127:Drivers/CMSIS/Include/cmsis_gcc.h ****            sections relying on .copy.table and .zero.table specified properly
 128:Drivers/CMSIS/Include/cmsis_gcc.h ****            in the used linker script.
 129:Drivers/CMSIS/Include/cmsis_gcc.h **** 
 130:Drivers/CMSIS/Include/cmsis_gcc.h ****  */
 131:Drivers/CMSIS/Include/cmsis_gcc.h **** __STATIC_FORCEINLINE __NO_RETURN void __cmsis_start(void)
 132:Drivers/CMSIS/Include/cmsis_gcc.h **** {
 133:Drivers/CMSIS/Include/cmsis_gcc.h ****   extern void _start(void) __NO_RETURN;
 134:Drivers/CMSIS/Include/cmsis_gcc.h **** 
 135:Drivers/CMSIS/Include/cmsis_gcc.h ****   typedef struct {
 136:Drivers/CMSIS/Include/cmsis_gcc.h ****     uint32_t const* src;
 137:Drivers/CMSIS/Include/cmsis_gcc.h ****     uint32_t* dest;
 138:Drivers/CMSIS/Include/cmsis_gcc.h ****     uint32_t  wlen;
 139:Drivers/CMSIS/Include/cmsis_gcc.h ****   } __copy_table_t;
 140:Drivers/CMSIS/Include/cmsis_gcc.h **** 
 141:Drivers/CMSIS/Include/cmsis_gcc.h ****   typedef struct {
 142:Drivers/CMSIS/Include/cmsis_gcc.h ****     uint32_t* dest;
 143:Drivers/CMSIS/Include/cmsis_gcc.h ****     uint32_t  wlen;
 144:Drivers/CMSIS/Include/cmsis_gcc.h ****   } __zero_table_t;
 145:Drivers/CMSIS/Include/cmsis_gcc.h **** 
 146:Drivers/CMSIS/Include/cmsis_gcc.h ****   extern const __copy_table_t __copy_table_start__;
 147:Drivers/CMSIS/Include/cmsis_gcc.h ****   extern const __copy_table_t __copy_table_end__;
 148:Drivers/CMSIS/Include/cmsis_gcc.h ****   extern const __zero_table_t __zero_table_start__;
 149:Drivers/CMSIS/Include/cmsis_gcc.h ****   extern const __zero_table_t __zero_table_end__;
 150:Drivers/CMSIS/Include/cmsis_gcc.h **** 
 151:Drivers/CMSIS/Include/cmsis_gcc.h ****   for (__copy_table_t const* pTable = &__copy_table_start__; pTable < &__copy_table_end__; ++pTable
 152:Drivers/CMSIS/Include/cmsis_gcc.h ****     for(uint32_t i=0u; i<pTable->wlen; ++i) {
 153:Drivers/CMSIS/Include/cmsis_gcc.h ****       pTable->dest[i] = pTable->src[i];
 154:Drivers/CMSIS/Include/cmsis_gcc.h ****     }
 155:Drivers/CMSIS/Include/cmsis_gcc.h ****   }
 156:Drivers/CMSIS/Include/cmsis_gcc.h **** 
 157:Drivers/CMSIS/Include/cmsis_gcc.h ****   for (__zero_table_t const* pTable = &__zero_table_start__; pTable < &__zero_table_end__; ++pTable
ARM GAS  C:\Users\pablo\AppData\Local\Temp\ccRGFa1Y.s 			page 16


 158:Drivers/CMSIS/Include/cmsis_gcc.h ****     for(uint32_t i=0u; i<pTable->wlen; ++i) {
 159:Drivers/CMSIS/Include/cmsis_gcc.h ****       pTable->dest[i] = 0u;
 160:Drivers/CMSIS/Include/cmsis_gcc.h ****     }
 161:Drivers/CMSIS/Include/cmsis_gcc.h ****   }
 162:Drivers/CMSIS/Include/cmsis_gcc.h **** 
 163:Drivers/CMSIS/Include/cmsis_gcc.h ****   _start();
 164:Drivers/CMSIS/Include/cmsis_gcc.h **** }
 165:Drivers/CMSIS/Include/cmsis_gcc.h **** 
 166:Drivers/CMSIS/Include/cmsis_gcc.h **** #define __PROGRAM_START           __cmsis_start
 167:Drivers/CMSIS/Include/cmsis_gcc.h **** #endif
 168:Drivers/CMSIS/Include/cmsis_gcc.h **** 
 169:Drivers/CMSIS/Include/cmsis_gcc.h **** #ifndef __INITIAL_SP
 170:Drivers/CMSIS/Include/cmsis_gcc.h **** #define __INITIAL_SP              __StackTop
 171:Drivers/CMSIS/Include/cmsis_gcc.h **** #endif
 172:Drivers/CMSIS/Include/cmsis_gcc.h **** 
 173:Drivers/CMSIS/Include/cmsis_gcc.h **** #ifndef __STACK_LIMIT
 174:Drivers/CMSIS/Include/cmsis_gcc.h **** #define __STACK_LIMIT             __StackLimit
 175:Drivers/CMSIS/Include/cmsis_gcc.h **** #endif
 176:Drivers/CMSIS/Include/cmsis_gcc.h **** 
 177:Drivers/CMSIS/Include/cmsis_gcc.h **** #ifndef __VECTOR_TABLE
 178:Drivers/CMSIS/Include/cmsis_gcc.h **** #define __VECTOR_TABLE            __Vectors
 179:Drivers/CMSIS/Include/cmsis_gcc.h **** #endif
 180:Drivers/CMSIS/Include/cmsis_gcc.h **** 
 181:Drivers/CMSIS/Include/cmsis_gcc.h **** #ifndef __VECTOR_TABLE_ATTRIBUTE
 182:Drivers/CMSIS/Include/cmsis_gcc.h **** #define __VECTOR_TABLE_ATTRIBUTE  __attribute__((used, section(".vectors")))
 183:Drivers/CMSIS/Include/cmsis_gcc.h **** #endif
 184:Drivers/CMSIS/Include/cmsis_gcc.h **** 
 185:Drivers/CMSIS/Include/cmsis_gcc.h **** #if defined (__ARM_FEATURE_CMSE) && (__ARM_FEATURE_CMSE == 3U)
 186:Drivers/CMSIS/Include/cmsis_gcc.h **** #ifndef __STACK_SEAL
 187:Drivers/CMSIS/Include/cmsis_gcc.h **** #define __STACK_SEAL              __StackSeal
 188:Drivers/CMSIS/Include/cmsis_gcc.h **** #endif
 189:Drivers/CMSIS/Include/cmsis_gcc.h **** 
 190:Drivers/CMSIS/Include/cmsis_gcc.h **** #ifndef __TZ_STACK_SEAL_SIZE
 191:Drivers/CMSIS/Include/cmsis_gcc.h **** #define __TZ_STACK_SEAL_SIZE      8U
 192:Drivers/CMSIS/Include/cmsis_gcc.h **** #endif
 193:Drivers/CMSIS/Include/cmsis_gcc.h **** 
 194:Drivers/CMSIS/Include/cmsis_gcc.h **** #ifndef __TZ_STACK_SEAL_VALUE
 195:Drivers/CMSIS/Include/cmsis_gcc.h **** #define __TZ_STACK_SEAL_VALUE     0xFEF5EDA5FEF5EDA5ULL
 196:Drivers/CMSIS/Include/cmsis_gcc.h **** #endif
 197:Drivers/CMSIS/Include/cmsis_gcc.h **** 
 198:Drivers/CMSIS/Include/cmsis_gcc.h **** 
 199:Drivers/CMSIS/Include/cmsis_gcc.h **** __STATIC_FORCEINLINE void __TZ_set_STACKSEAL_S (uint32_t* stackTop) {
 200:Drivers/CMSIS/Include/cmsis_gcc.h ****   *((uint64_t *)stackTop) = __TZ_STACK_SEAL_VALUE;
 201:Drivers/CMSIS/Include/cmsis_gcc.h **** }
 202:Drivers/CMSIS/Include/cmsis_gcc.h **** #endif
 203:Drivers/CMSIS/Include/cmsis_gcc.h **** 
 204:Drivers/CMSIS/Include/cmsis_gcc.h **** 
 205:Drivers/CMSIS/Include/cmsis_gcc.h **** /* ##########################  Core Instruction Access  ######################### */
 206:Drivers/CMSIS/Include/cmsis_gcc.h **** /** \defgroup CMSIS_Core_InstructionInterface CMSIS Core Instruction Interface
 207:Drivers/CMSIS/Include/cmsis_gcc.h ****   Access to dedicated instructions
 208:Drivers/CMSIS/Include/cmsis_gcc.h ****   @{
 209:Drivers/CMSIS/Include/cmsis_gcc.h **** */
 210:Drivers/CMSIS/Include/cmsis_gcc.h **** 
 211:Drivers/CMSIS/Include/cmsis_gcc.h **** /* Define macros for porting to both thumb1 and thumb2.
 212:Drivers/CMSIS/Include/cmsis_gcc.h ****  * For thumb1, use low register (r0-r7), specified by constraint "l"
 213:Drivers/CMSIS/Include/cmsis_gcc.h ****  * Otherwise, use general registers, specified by constraint "r" */
 214:Drivers/CMSIS/Include/cmsis_gcc.h **** #if defined (__thumb__) && !defined (__thumb2__)
ARM GAS  C:\Users\pablo\AppData\Local\Temp\ccRGFa1Y.s 			page 17


 215:Drivers/CMSIS/Include/cmsis_gcc.h **** #define __CMSIS_GCC_OUT_REG(r) "=l" (r)
 216:Drivers/CMSIS/Include/cmsis_gcc.h **** #define __CMSIS_GCC_RW_REG(r) "+l" (r)
 217:Drivers/CMSIS/Include/cmsis_gcc.h **** #define __CMSIS_GCC_USE_REG(r) "l" (r)
 218:Drivers/CMSIS/Include/cmsis_gcc.h **** #else
 219:Drivers/CMSIS/Include/cmsis_gcc.h **** #define __CMSIS_GCC_OUT_REG(r) "=r" (r)
 220:Drivers/CMSIS/Include/cmsis_gcc.h **** #define __CMSIS_GCC_RW_REG(r) "+r" (r)
 221:Drivers/CMSIS/Include/cmsis_gcc.h **** #define __CMSIS_GCC_USE_REG(r) "r" (r)
 222:Drivers/CMSIS/Include/cmsis_gcc.h **** #endif
 223:Drivers/CMSIS/Include/cmsis_gcc.h **** 
 224:Drivers/CMSIS/Include/cmsis_gcc.h **** /**
 225:Drivers/CMSIS/Include/cmsis_gcc.h ****   \brief   No Operation
 226:Drivers/CMSIS/Include/cmsis_gcc.h ****   \details No Operation does nothing. This instruction can be used for code alignment purposes.
 227:Drivers/CMSIS/Include/cmsis_gcc.h ****  */
 228:Drivers/CMSIS/Include/cmsis_gcc.h **** #define __NOP()                             __ASM volatile ("nop")
 229:Drivers/CMSIS/Include/cmsis_gcc.h **** 
 230:Drivers/CMSIS/Include/cmsis_gcc.h **** /**
 231:Drivers/CMSIS/Include/cmsis_gcc.h ****   \brief   Wait For Interrupt
 232:Drivers/CMSIS/Include/cmsis_gcc.h ****   \details Wait For Interrupt is a hint instruction that suspends execution until one of a number o
 233:Drivers/CMSIS/Include/cmsis_gcc.h ****  */
 234:Drivers/CMSIS/Include/cmsis_gcc.h **** #define __WFI()                             __ASM volatile ("wfi":::"memory")
 235:Drivers/CMSIS/Include/cmsis_gcc.h **** 
 236:Drivers/CMSIS/Include/cmsis_gcc.h **** 
 237:Drivers/CMSIS/Include/cmsis_gcc.h **** /**
 238:Drivers/CMSIS/Include/cmsis_gcc.h ****   \brief   Wait For Event
 239:Drivers/CMSIS/Include/cmsis_gcc.h ****   \details Wait For Event is a hint instruction that permits the processor to enter
 240:Drivers/CMSIS/Include/cmsis_gcc.h ****            a low-power state until one of a number of events occurs.
 241:Drivers/CMSIS/Include/cmsis_gcc.h ****  */
 242:Drivers/CMSIS/Include/cmsis_gcc.h **** #define __WFE()                             __ASM volatile ("wfe":::"memory")
 243:Drivers/CMSIS/Include/cmsis_gcc.h **** 
 244:Drivers/CMSIS/Include/cmsis_gcc.h **** 
 245:Drivers/CMSIS/Include/cmsis_gcc.h **** /**
 246:Drivers/CMSIS/Include/cmsis_gcc.h ****   \brief   Send Event
 247:Drivers/CMSIS/Include/cmsis_gcc.h ****   \details Send Event is a hint instruction. It causes an event to be signaled to the CPU.
 248:Drivers/CMSIS/Include/cmsis_gcc.h ****  */
 249:Drivers/CMSIS/Include/cmsis_gcc.h **** #define __SEV()                             __ASM volatile ("sev")
 250:Drivers/CMSIS/Include/cmsis_gcc.h **** 
 251:Drivers/CMSIS/Include/cmsis_gcc.h **** 
 252:Drivers/CMSIS/Include/cmsis_gcc.h **** /**
 253:Drivers/CMSIS/Include/cmsis_gcc.h ****   \brief   Instruction Synchronization Barrier
 254:Drivers/CMSIS/Include/cmsis_gcc.h ****   \details Instruction Synchronization Barrier flushes the pipeline in the processor,
 255:Drivers/CMSIS/Include/cmsis_gcc.h ****            so that all instructions following the ISB are fetched from cache or memory,
 256:Drivers/CMSIS/Include/cmsis_gcc.h ****            after the instruction has been completed.
 257:Drivers/CMSIS/Include/cmsis_gcc.h ****  */
 258:Drivers/CMSIS/Include/cmsis_gcc.h **** __STATIC_FORCEINLINE void __ISB(void)
 259:Drivers/CMSIS/Include/cmsis_gcc.h **** {
 260:Drivers/CMSIS/Include/cmsis_gcc.h ****   __ASM volatile ("isb 0xF":::"memory");
 261:Drivers/CMSIS/Include/cmsis_gcc.h **** }
 262:Drivers/CMSIS/Include/cmsis_gcc.h **** 
 263:Drivers/CMSIS/Include/cmsis_gcc.h **** 
 264:Drivers/CMSIS/Include/cmsis_gcc.h **** /**
 265:Drivers/CMSIS/Include/cmsis_gcc.h ****   \brief   Data Synchronization Barrier
 266:Drivers/CMSIS/Include/cmsis_gcc.h ****   \details Acts as a special kind of Data Memory Barrier.
 267:Drivers/CMSIS/Include/cmsis_gcc.h ****            It completes when all explicit memory accesses before this instruction complete.
 268:Drivers/CMSIS/Include/cmsis_gcc.h ****  */
 269:Drivers/CMSIS/Include/cmsis_gcc.h **** __STATIC_FORCEINLINE void __DSB(void)
 270:Drivers/CMSIS/Include/cmsis_gcc.h **** {
 271:Drivers/CMSIS/Include/cmsis_gcc.h ****   __ASM volatile ("dsb 0xF":::"memory");
ARM GAS  C:\Users\pablo\AppData\Local\Temp\ccRGFa1Y.s 			page 18


 272:Drivers/CMSIS/Include/cmsis_gcc.h **** }
 273:Drivers/CMSIS/Include/cmsis_gcc.h **** 
 274:Drivers/CMSIS/Include/cmsis_gcc.h **** 
 275:Drivers/CMSIS/Include/cmsis_gcc.h **** /**
 276:Drivers/CMSIS/Include/cmsis_gcc.h ****   \brief   Data Memory Barrier
 277:Drivers/CMSIS/Include/cmsis_gcc.h ****   \details Ensures the apparent order of the explicit memory operations before
 278:Drivers/CMSIS/Include/cmsis_gcc.h ****            and after the instruction, without ensuring their completion.
 279:Drivers/CMSIS/Include/cmsis_gcc.h ****  */
 280:Drivers/CMSIS/Include/cmsis_gcc.h **** __STATIC_FORCEINLINE void __DMB(void)
 281:Drivers/CMSIS/Include/cmsis_gcc.h **** {
 282:Drivers/CMSIS/Include/cmsis_gcc.h ****   __ASM volatile ("dmb 0xF":::"memory");
 283:Drivers/CMSIS/Include/cmsis_gcc.h **** }
 284:Drivers/CMSIS/Include/cmsis_gcc.h **** 
 285:Drivers/CMSIS/Include/cmsis_gcc.h **** 
 286:Drivers/CMSIS/Include/cmsis_gcc.h **** /**
 287:Drivers/CMSIS/Include/cmsis_gcc.h ****   \brief   Reverse byte order (32 bit)
 288:Drivers/CMSIS/Include/cmsis_gcc.h ****   \details Reverses the byte order in unsigned integer value. For example, 0x12345678 becomes 0x785
 289:Drivers/CMSIS/Include/cmsis_gcc.h ****   \param [in]    value  Value to reverse
 290:Drivers/CMSIS/Include/cmsis_gcc.h ****   \return               Reversed value
 291:Drivers/CMSIS/Include/cmsis_gcc.h ****  */
 292:Drivers/CMSIS/Include/cmsis_gcc.h **** __STATIC_FORCEINLINE uint32_t __REV(uint32_t value)
 293:Drivers/CMSIS/Include/cmsis_gcc.h **** {
 294:Drivers/CMSIS/Include/cmsis_gcc.h **** #if (__GNUC__ > 4) || (__GNUC__ == 4 && __GNUC_MINOR__ >= 5)
 295:Drivers/CMSIS/Include/cmsis_gcc.h ****   return __builtin_bswap32(value);
 296:Drivers/CMSIS/Include/cmsis_gcc.h **** #else
 297:Drivers/CMSIS/Include/cmsis_gcc.h ****   uint32_t result;
 298:Drivers/CMSIS/Include/cmsis_gcc.h **** 
 299:Drivers/CMSIS/Include/cmsis_gcc.h ****   __ASM ("rev %0, %1" : __CMSIS_GCC_OUT_REG (result) : __CMSIS_GCC_USE_REG (value) );
 300:Drivers/CMSIS/Include/cmsis_gcc.h ****   return result;
 301:Drivers/CMSIS/Include/cmsis_gcc.h **** #endif
 302:Drivers/CMSIS/Include/cmsis_gcc.h **** }
 303:Drivers/CMSIS/Include/cmsis_gcc.h **** 
 304:Drivers/CMSIS/Include/cmsis_gcc.h **** 
 305:Drivers/CMSIS/Include/cmsis_gcc.h **** /**
 306:Drivers/CMSIS/Include/cmsis_gcc.h ****   \brief   Reverse byte order (16 bit)
 307:Drivers/CMSIS/Include/cmsis_gcc.h ****   \details Reverses the byte order within each halfword of a word. For example, 0x12345678 becomes 
 308:Drivers/CMSIS/Include/cmsis_gcc.h ****   \param [in]    value  Value to reverse
 309:Drivers/CMSIS/Include/cmsis_gcc.h ****   \return               Reversed value
 310:Drivers/CMSIS/Include/cmsis_gcc.h ****  */
 311:Drivers/CMSIS/Include/cmsis_gcc.h **** __STATIC_FORCEINLINE uint32_t __REV16(uint32_t value)
 312:Drivers/CMSIS/Include/cmsis_gcc.h **** {
 313:Drivers/CMSIS/Include/cmsis_gcc.h ****   uint32_t result;
 314:Drivers/CMSIS/Include/cmsis_gcc.h **** 
 315:Drivers/CMSIS/Include/cmsis_gcc.h ****   __ASM ("rev16 %0, %1" : __CMSIS_GCC_OUT_REG (result) : __CMSIS_GCC_USE_REG (value) );
 316:Drivers/CMSIS/Include/cmsis_gcc.h ****   return result;
 317:Drivers/CMSIS/Include/cmsis_gcc.h **** }
 318:Drivers/CMSIS/Include/cmsis_gcc.h **** 
 319:Drivers/CMSIS/Include/cmsis_gcc.h **** 
 320:Drivers/CMSIS/Include/cmsis_gcc.h **** /**
 321:Drivers/CMSIS/Include/cmsis_gcc.h ****   \brief   Reverse byte order (16 bit)
 322:Drivers/CMSIS/Include/cmsis_gcc.h ****   \details Reverses the byte order in a 16-bit value and returns the signed 16-bit result. For exam
 323:Drivers/CMSIS/Include/cmsis_gcc.h ****   \param [in]    value  Value to reverse
 324:Drivers/CMSIS/Include/cmsis_gcc.h ****   \return               Reversed value
 325:Drivers/CMSIS/Include/cmsis_gcc.h ****  */
 326:Drivers/CMSIS/Include/cmsis_gcc.h **** __STATIC_FORCEINLINE int16_t __REVSH(int16_t value)
 327:Drivers/CMSIS/Include/cmsis_gcc.h **** {
 328:Drivers/CMSIS/Include/cmsis_gcc.h **** #if (__GNUC__ > 4) || (__GNUC__ == 4 && __GNUC_MINOR__ >= 8)
ARM GAS  C:\Users\pablo\AppData\Local\Temp\ccRGFa1Y.s 			page 19


 329:Drivers/CMSIS/Include/cmsis_gcc.h ****   return (int16_t)__builtin_bswap16(value);
 330:Drivers/CMSIS/Include/cmsis_gcc.h **** #else
 331:Drivers/CMSIS/Include/cmsis_gcc.h ****   int16_t result;
 332:Drivers/CMSIS/Include/cmsis_gcc.h **** 
 333:Drivers/CMSIS/Include/cmsis_gcc.h ****   __ASM ("revsh %0, %1" : __CMSIS_GCC_OUT_REG (result) : __CMSIS_GCC_USE_REG (value) );
 334:Drivers/CMSIS/Include/cmsis_gcc.h ****   return result;
 335:Drivers/CMSIS/Include/cmsis_gcc.h **** #endif
 336:Drivers/CMSIS/Include/cmsis_gcc.h **** }
 337:Drivers/CMSIS/Include/cmsis_gcc.h **** 
 338:Drivers/CMSIS/Include/cmsis_gcc.h **** 
 339:Drivers/CMSIS/Include/cmsis_gcc.h **** /**
 340:Drivers/CMSIS/Include/cmsis_gcc.h ****   \brief   Rotate Right in unsigned value (32 bit)
 341:Drivers/CMSIS/Include/cmsis_gcc.h ****   \details Rotate Right (immediate) provides the value of the contents of a register rotated by a v
 342:Drivers/CMSIS/Include/cmsis_gcc.h ****   \param [in]    op1  Value to rotate
 343:Drivers/CMSIS/Include/cmsis_gcc.h ****   \param [in]    op2  Number of Bits to rotate
 344:Drivers/CMSIS/Include/cmsis_gcc.h ****   \return               Rotated value
 345:Drivers/CMSIS/Include/cmsis_gcc.h ****  */
 346:Drivers/CMSIS/Include/cmsis_gcc.h **** __STATIC_FORCEINLINE uint32_t __ROR(uint32_t op1, uint32_t op2)
 347:Drivers/CMSIS/Include/cmsis_gcc.h **** {
 348:Drivers/CMSIS/Include/cmsis_gcc.h ****   op2 %= 32U;
 349:Drivers/CMSIS/Include/cmsis_gcc.h ****   if (op2 == 0U)
 350:Drivers/CMSIS/Include/cmsis_gcc.h ****   {
 351:Drivers/CMSIS/Include/cmsis_gcc.h ****     return op1;
 352:Drivers/CMSIS/Include/cmsis_gcc.h ****   }
 353:Drivers/CMSIS/Include/cmsis_gcc.h ****   return (op1 >> op2) | (op1 << (32U - op2));
 354:Drivers/CMSIS/Include/cmsis_gcc.h **** }
 355:Drivers/CMSIS/Include/cmsis_gcc.h **** 
 356:Drivers/CMSIS/Include/cmsis_gcc.h **** 
 357:Drivers/CMSIS/Include/cmsis_gcc.h **** /**
 358:Drivers/CMSIS/Include/cmsis_gcc.h ****   \brief   Breakpoint
 359:Drivers/CMSIS/Include/cmsis_gcc.h ****   \details Causes the processor to enter Debug state.
 360:Drivers/CMSIS/Include/cmsis_gcc.h ****            Debug tools can use this to investigate system state when the instruction at a particula
 361:Drivers/CMSIS/Include/cmsis_gcc.h ****   \param [in]    value  is ignored by the processor.
 362:Drivers/CMSIS/Include/cmsis_gcc.h ****                  If required, a debugger can use it to store additional information about the break
 363:Drivers/CMSIS/Include/cmsis_gcc.h ****  */
 364:Drivers/CMSIS/Include/cmsis_gcc.h **** #define __BKPT(value)                       __ASM volatile ("bkpt "#value)
 365:Drivers/CMSIS/Include/cmsis_gcc.h **** 
 366:Drivers/CMSIS/Include/cmsis_gcc.h **** 
 367:Drivers/CMSIS/Include/cmsis_gcc.h **** /**
 368:Drivers/CMSIS/Include/cmsis_gcc.h ****   \brief   Reverse bit order of value
 369:Drivers/CMSIS/Include/cmsis_gcc.h ****   \details Reverses the bit order of the given value.
 370:Drivers/CMSIS/Include/cmsis_gcc.h ****   \param [in]    value  Value to reverse
 371:Drivers/CMSIS/Include/cmsis_gcc.h ****   \return               Reversed value
 372:Drivers/CMSIS/Include/cmsis_gcc.h ****  */
 373:Drivers/CMSIS/Include/cmsis_gcc.h **** __STATIC_FORCEINLINE uint32_t __RBIT(uint32_t value)
 374:Drivers/CMSIS/Include/cmsis_gcc.h **** {
 375:Drivers/CMSIS/Include/cmsis_gcc.h ****   uint32_t result;
 376:Drivers/CMSIS/Include/cmsis_gcc.h **** 
 377:Drivers/CMSIS/Include/cmsis_gcc.h **** #if ((defined (__ARM_ARCH_7M__      ) && (__ARM_ARCH_7M__      == 1)) || \
 378:Drivers/CMSIS/Include/cmsis_gcc.h ****      (defined (__ARM_ARCH_7EM__     ) && (__ARM_ARCH_7EM__     == 1)) || \
 379:Drivers/CMSIS/Include/cmsis_gcc.h ****      (defined (__ARM_ARCH_8M_MAIN__ ) && (__ARM_ARCH_8M_MAIN__ == 1))    )
 380:Drivers/CMSIS/Include/cmsis_gcc.h ****    __ASM ("rbit %0, %1" : "=r" (result) : "r" (value) );
 381:Drivers/CMSIS/Include/cmsis_gcc.h **** #else
 382:Drivers/CMSIS/Include/cmsis_gcc.h ****   uint32_t s = (4U /*sizeof(v)*/ * 8U) - 1U; /* extra shift needed at end */
 383:Drivers/CMSIS/Include/cmsis_gcc.h **** 
 384:Drivers/CMSIS/Include/cmsis_gcc.h ****   result = value;                      /* r will be reversed bits of v; first get LSB of v */
 385:Drivers/CMSIS/Include/cmsis_gcc.h ****   for (value >>= 1U; value != 0U; value >>= 1U)
ARM GAS  C:\Users\pablo\AppData\Local\Temp\ccRGFa1Y.s 			page 20


 386:Drivers/CMSIS/Include/cmsis_gcc.h ****   {
 387:Drivers/CMSIS/Include/cmsis_gcc.h ****     result <<= 1U;
 388:Drivers/CMSIS/Include/cmsis_gcc.h ****     result |= value & 1U;
 389:Drivers/CMSIS/Include/cmsis_gcc.h ****     s--;
 390:Drivers/CMSIS/Include/cmsis_gcc.h ****   }
 391:Drivers/CMSIS/Include/cmsis_gcc.h ****   result <<= s;                        /* shift when v's highest bits are zero */
 392:Drivers/CMSIS/Include/cmsis_gcc.h **** #endif
 393:Drivers/CMSIS/Include/cmsis_gcc.h ****   return result;
 394:Drivers/CMSIS/Include/cmsis_gcc.h **** }
 395:Drivers/CMSIS/Include/cmsis_gcc.h **** 
 396:Drivers/CMSIS/Include/cmsis_gcc.h **** 
 397:Drivers/CMSIS/Include/cmsis_gcc.h **** /**
 398:Drivers/CMSIS/Include/cmsis_gcc.h ****   \brief   Count leading zeros
 399:Drivers/CMSIS/Include/cmsis_gcc.h ****   \details Counts the number of leading zeros of a data value.
 400:Drivers/CMSIS/Include/cmsis_gcc.h ****   \param [in]  value  Value to count the leading zeros
 401:Drivers/CMSIS/Include/cmsis_gcc.h ****   \return             number of leading zeros in value
 402:Drivers/CMSIS/Include/cmsis_gcc.h ****  */
 403:Drivers/CMSIS/Include/cmsis_gcc.h **** __STATIC_FORCEINLINE uint8_t __CLZ(uint32_t value)
 404:Drivers/CMSIS/Include/cmsis_gcc.h **** {
 405:Drivers/CMSIS/Include/cmsis_gcc.h ****   /* Even though __builtin_clz produces a CLZ instruction on ARM, formally
 406:Drivers/CMSIS/Include/cmsis_gcc.h ****      __builtin_clz(0) is undefined behaviour, so handle this case specially.
 407:Drivers/CMSIS/Include/cmsis_gcc.h ****      This guarantees ARM-compatible results if happening to compile on a non-ARM
 408:Drivers/CMSIS/Include/cmsis_gcc.h ****      target, and ensures the compiler doesn't decide to activate any
 409:Drivers/CMSIS/Include/cmsis_gcc.h ****      optimisations using the logic "value was passed to __builtin_clz, so it
 410:Drivers/CMSIS/Include/cmsis_gcc.h ****      is non-zero".
 411:Drivers/CMSIS/Include/cmsis_gcc.h ****      ARM GCC 7.3 and possibly earlier will optimise this test away, leaving a
 412:Drivers/CMSIS/Include/cmsis_gcc.h ****      single CLZ instruction.
 413:Drivers/CMSIS/Include/cmsis_gcc.h ****    */
 414:Drivers/CMSIS/Include/cmsis_gcc.h ****   if (value == 0U)
 415:Drivers/CMSIS/Include/cmsis_gcc.h ****   {
 416:Drivers/CMSIS/Include/cmsis_gcc.h ****     return 32U;
 417:Drivers/CMSIS/Include/cmsis_gcc.h ****   }
 418:Drivers/CMSIS/Include/cmsis_gcc.h ****   return __builtin_clz(value);
 419:Drivers/CMSIS/Include/cmsis_gcc.h **** }
 420:Drivers/CMSIS/Include/cmsis_gcc.h **** 
 421:Drivers/CMSIS/Include/cmsis_gcc.h **** 
 422:Drivers/CMSIS/Include/cmsis_gcc.h **** #if ((defined (__ARM_ARCH_7M__      ) && (__ARM_ARCH_7M__      == 1)) || \
 423:Drivers/CMSIS/Include/cmsis_gcc.h ****      (defined (__ARM_ARCH_7EM__     ) && (__ARM_ARCH_7EM__     == 1)) || \
 424:Drivers/CMSIS/Include/cmsis_gcc.h ****      (defined (__ARM_ARCH_8M_MAIN__ ) && (__ARM_ARCH_8M_MAIN__ == 1)) || \
 425:Drivers/CMSIS/Include/cmsis_gcc.h ****      (defined (__ARM_ARCH_8M_BASE__ ) && (__ARM_ARCH_8M_BASE__ == 1))    )
 426:Drivers/CMSIS/Include/cmsis_gcc.h **** /**
 427:Drivers/CMSIS/Include/cmsis_gcc.h ****   \brief   LDR Exclusive (8 bit)
 428:Drivers/CMSIS/Include/cmsis_gcc.h ****   \details Executes a exclusive LDR instruction for 8 bit value.
 429:Drivers/CMSIS/Include/cmsis_gcc.h ****   \param [in]    ptr  Pointer to data
 430:Drivers/CMSIS/Include/cmsis_gcc.h ****   \return             value of type uint8_t at (*ptr)
 431:Drivers/CMSIS/Include/cmsis_gcc.h ****  */
 432:Drivers/CMSIS/Include/cmsis_gcc.h **** __STATIC_FORCEINLINE uint8_t __LDREXB(volatile uint8_t *addr)
 433:Drivers/CMSIS/Include/cmsis_gcc.h **** {
 434:Drivers/CMSIS/Include/cmsis_gcc.h ****     uint32_t result;
 435:Drivers/CMSIS/Include/cmsis_gcc.h **** 
 436:Drivers/CMSIS/Include/cmsis_gcc.h **** #if (__GNUC__ > 4) || (__GNUC__ == 4 && __GNUC_MINOR__ >= 8)
 437:Drivers/CMSIS/Include/cmsis_gcc.h ****    __ASM volatile ("ldrexb %0, %1" : "=r" (result) : "Q" (*addr) );
 438:Drivers/CMSIS/Include/cmsis_gcc.h **** #else
 439:Drivers/CMSIS/Include/cmsis_gcc.h ****     /* Prior to GCC 4.8, "Q" will be expanded to [rx, #0] which is not
 440:Drivers/CMSIS/Include/cmsis_gcc.h ****        accepted by assembler. So has to use following less efficient pattern.
 441:Drivers/CMSIS/Include/cmsis_gcc.h ****     */
 442:Drivers/CMSIS/Include/cmsis_gcc.h ****    __ASM volatile ("ldrexb %0, [%1]" : "=r" (result) : "r" (addr) : "memory" );
ARM GAS  C:\Users\pablo\AppData\Local\Temp\ccRGFa1Y.s 			page 21


 443:Drivers/CMSIS/Include/cmsis_gcc.h **** #endif
 444:Drivers/CMSIS/Include/cmsis_gcc.h ****    return ((uint8_t) result);    /* Add explicit type cast here */
 445:Drivers/CMSIS/Include/cmsis_gcc.h **** }
 446:Drivers/CMSIS/Include/cmsis_gcc.h **** 
 447:Drivers/CMSIS/Include/cmsis_gcc.h **** 
 448:Drivers/CMSIS/Include/cmsis_gcc.h **** /**
 449:Drivers/CMSIS/Include/cmsis_gcc.h ****   \brief   LDR Exclusive (16 bit)
 450:Drivers/CMSIS/Include/cmsis_gcc.h ****   \details Executes a exclusive LDR instruction for 16 bit values.
 451:Drivers/CMSIS/Include/cmsis_gcc.h ****   \param [in]    ptr  Pointer to data
 452:Drivers/CMSIS/Include/cmsis_gcc.h ****   \return        value of type uint16_t at (*ptr)
 453:Drivers/CMSIS/Include/cmsis_gcc.h ****  */
 454:Drivers/CMSIS/Include/cmsis_gcc.h **** __STATIC_FORCEINLINE uint16_t __LDREXH(volatile uint16_t *addr)
 455:Drivers/CMSIS/Include/cmsis_gcc.h **** {
 456:Drivers/CMSIS/Include/cmsis_gcc.h ****     uint32_t result;
 457:Drivers/CMSIS/Include/cmsis_gcc.h **** 
 458:Drivers/CMSIS/Include/cmsis_gcc.h **** #if (__GNUC__ > 4) || (__GNUC__ == 4 && __GNUC_MINOR__ >= 8)
 459:Drivers/CMSIS/Include/cmsis_gcc.h ****    __ASM volatile ("ldrexh %0, %1" : "=r" (result) : "Q" (*addr) );
 460:Drivers/CMSIS/Include/cmsis_gcc.h **** #else
 461:Drivers/CMSIS/Include/cmsis_gcc.h ****     /* Prior to GCC 4.8, "Q" will be expanded to [rx, #0] which is not
 462:Drivers/CMSIS/Include/cmsis_gcc.h ****        accepted by assembler. So has to use following less efficient pattern.
 463:Drivers/CMSIS/Include/cmsis_gcc.h ****     */
 464:Drivers/CMSIS/Include/cmsis_gcc.h ****    __ASM volatile ("ldrexh %0, [%1]" : "=r" (result) : "r" (addr) : "memory" );
 465:Drivers/CMSIS/Include/cmsis_gcc.h **** #endif
 466:Drivers/CMSIS/Include/cmsis_gcc.h ****    return ((uint16_t) result);    /* Add explicit type cast here */
 467:Drivers/CMSIS/Include/cmsis_gcc.h **** }
 468:Drivers/CMSIS/Include/cmsis_gcc.h **** 
 469:Drivers/CMSIS/Include/cmsis_gcc.h **** 
 470:Drivers/CMSIS/Include/cmsis_gcc.h **** /**
 471:Drivers/CMSIS/Include/cmsis_gcc.h ****   \brief   LDR Exclusive (32 bit)
 472:Drivers/CMSIS/Include/cmsis_gcc.h ****   \details Executes a exclusive LDR instruction for 32 bit values.
 473:Drivers/CMSIS/Include/cmsis_gcc.h ****   \param [in]    ptr  Pointer to data
 474:Drivers/CMSIS/Include/cmsis_gcc.h ****   \return        value of type uint32_t at (*ptr)
 475:Drivers/CMSIS/Include/cmsis_gcc.h ****  */
 476:Drivers/CMSIS/Include/cmsis_gcc.h **** __STATIC_FORCEINLINE uint32_t __LDREXW(volatile uint32_t *addr)
 477:Drivers/CMSIS/Include/cmsis_gcc.h **** {
 478:Drivers/CMSIS/Include/cmsis_gcc.h ****     uint32_t result;
 479:Drivers/CMSIS/Include/cmsis_gcc.h **** 
 480:Drivers/CMSIS/Include/cmsis_gcc.h ****    __ASM volatile ("ldrex %0, %1" : "=r" (result) : "Q" (*addr) );
 481:Drivers/CMSIS/Include/cmsis_gcc.h ****    return(result);
 482:Drivers/CMSIS/Include/cmsis_gcc.h **** }
 483:Drivers/CMSIS/Include/cmsis_gcc.h **** 
 484:Drivers/CMSIS/Include/cmsis_gcc.h **** 
 485:Drivers/CMSIS/Include/cmsis_gcc.h **** /**
 486:Drivers/CMSIS/Include/cmsis_gcc.h ****   \brief   STR Exclusive (8 bit)
 487:Drivers/CMSIS/Include/cmsis_gcc.h ****   \details Executes a exclusive STR instruction for 8 bit values.
 488:Drivers/CMSIS/Include/cmsis_gcc.h ****   \param [in]  value  Value to store
 489:Drivers/CMSIS/Include/cmsis_gcc.h ****   \param [in]    ptr  Pointer to location
 490:Drivers/CMSIS/Include/cmsis_gcc.h ****   \return          0  Function succeeded
 491:Drivers/CMSIS/Include/cmsis_gcc.h ****   \return          1  Function failed
 492:Drivers/CMSIS/Include/cmsis_gcc.h ****  */
 493:Drivers/CMSIS/Include/cmsis_gcc.h **** __STATIC_FORCEINLINE uint32_t __STREXB(uint8_t value, volatile uint8_t *addr)
 494:Drivers/CMSIS/Include/cmsis_gcc.h **** {
 495:Drivers/CMSIS/Include/cmsis_gcc.h ****    uint32_t result;
 496:Drivers/CMSIS/Include/cmsis_gcc.h **** 
 497:Drivers/CMSIS/Include/cmsis_gcc.h ****    __ASM volatile ("strexb %0, %2, %1" : "=&r" (result), "=Q" (*addr) : "r" ((uint32_t)value) );
 498:Drivers/CMSIS/Include/cmsis_gcc.h ****    return(result);
 499:Drivers/CMSIS/Include/cmsis_gcc.h **** }
ARM GAS  C:\Users\pablo\AppData\Local\Temp\ccRGFa1Y.s 			page 22


 500:Drivers/CMSIS/Include/cmsis_gcc.h **** 
 501:Drivers/CMSIS/Include/cmsis_gcc.h **** 
 502:Drivers/CMSIS/Include/cmsis_gcc.h **** /**
 503:Drivers/CMSIS/Include/cmsis_gcc.h ****   \brief   STR Exclusive (16 bit)
 504:Drivers/CMSIS/Include/cmsis_gcc.h ****   \details Executes a exclusive STR instruction for 16 bit values.
 505:Drivers/CMSIS/Include/cmsis_gcc.h ****   \param [in]  value  Value to store
 506:Drivers/CMSIS/Include/cmsis_gcc.h ****   \param [in]    ptr  Pointer to location
 507:Drivers/CMSIS/Include/cmsis_gcc.h ****   \return          0  Function succeeded
 508:Drivers/CMSIS/Include/cmsis_gcc.h ****   \return          1  Function failed
 509:Drivers/CMSIS/Include/cmsis_gcc.h ****  */
 510:Drivers/CMSIS/Include/cmsis_gcc.h **** __STATIC_FORCEINLINE uint32_t __STREXH(uint16_t value, volatile uint16_t *addr)
 511:Drivers/CMSIS/Include/cmsis_gcc.h **** {
 512:Drivers/CMSIS/Include/cmsis_gcc.h ****    uint32_t result;
 513:Drivers/CMSIS/Include/cmsis_gcc.h **** 
 514:Drivers/CMSIS/Include/cmsis_gcc.h ****    __ASM volatile ("strexh %0, %2, %1" : "=&r" (result), "=Q" (*addr) : "r" ((uint32_t)value) );
 515:Drivers/CMSIS/Include/cmsis_gcc.h ****    return(result);
 516:Drivers/CMSIS/Include/cmsis_gcc.h **** }
 517:Drivers/CMSIS/Include/cmsis_gcc.h **** 
 518:Drivers/CMSIS/Include/cmsis_gcc.h **** 
 519:Drivers/CMSIS/Include/cmsis_gcc.h **** /**
 520:Drivers/CMSIS/Include/cmsis_gcc.h ****   \brief   STR Exclusive (32 bit)
 521:Drivers/CMSIS/Include/cmsis_gcc.h ****   \details Executes a exclusive STR instruction for 32 bit values.
 522:Drivers/CMSIS/Include/cmsis_gcc.h ****   \param [in]  value  Value to store
 523:Drivers/CMSIS/Include/cmsis_gcc.h ****   \param [in]    ptr  Pointer to location
 524:Drivers/CMSIS/Include/cmsis_gcc.h ****   \return          0  Function succeeded
 525:Drivers/CMSIS/Include/cmsis_gcc.h ****   \return          1  Function failed
 526:Drivers/CMSIS/Include/cmsis_gcc.h ****  */
 527:Drivers/CMSIS/Include/cmsis_gcc.h **** __STATIC_FORCEINLINE uint32_t __STREXW(uint32_t value, volatile uint32_t *addr)
 528:Drivers/CMSIS/Include/cmsis_gcc.h **** {
 529:Drivers/CMSIS/Include/cmsis_gcc.h ****    uint32_t result;
 530:Drivers/CMSIS/Include/cmsis_gcc.h **** 
 531:Drivers/CMSIS/Include/cmsis_gcc.h ****    __ASM volatile ("strex %0, %2, %1" : "=&r" (result), "=Q" (*addr) : "r" (value) );
 532:Drivers/CMSIS/Include/cmsis_gcc.h ****    return(result);
 533:Drivers/CMSIS/Include/cmsis_gcc.h **** }
 534:Drivers/CMSIS/Include/cmsis_gcc.h **** 
 535:Drivers/CMSIS/Include/cmsis_gcc.h **** 
 536:Drivers/CMSIS/Include/cmsis_gcc.h **** /**
 537:Drivers/CMSIS/Include/cmsis_gcc.h ****   \brief   Remove the exclusive lock
 538:Drivers/CMSIS/Include/cmsis_gcc.h ****   \details Removes the exclusive lock which is created by LDREX.
 539:Drivers/CMSIS/Include/cmsis_gcc.h ****  */
 540:Drivers/CMSIS/Include/cmsis_gcc.h **** __STATIC_FORCEINLINE void __CLREX(void)
 541:Drivers/CMSIS/Include/cmsis_gcc.h **** {
 542:Drivers/CMSIS/Include/cmsis_gcc.h ****   __ASM volatile ("clrex" ::: "memory");
 543:Drivers/CMSIS/Include/cmsis_gcc.h **** }
 544:Drivers/CMSIS/Include/cmsis_gcc.h **** 
 545:Drivers/CMSIS/Include/cmsis_gcc.h **** #endif /* ((defined (__ARM_ARCH_7M__      ) && (__ARM_ARCH_7M__      == 1)) || \
 546:Drivers/CMSIS/Include/cmsis_gcc.h ****            (defined (__ARM_ARCH_7EM__     ) && (__ARM_ARCH_7EM__     == 1)) || \
 547:Drivers/CMSIS/Include/cmsis_gcc.h ****            (defined (__ARM_ARCH_8M_MAIN__ ) && (__ARM_ARCH_8M_MAIN__ == 1)) || \
 548:Drivers/CMSIS/Include/cmsis_gcc.h ****            (defined (__ARM_ARCH_8M_BASE__ ) && (__ARM_ARCH_8M_BASE__ == 1))    ) */
 549:Drivers/CMSIS/Include/cmsis_gcc.h **** 
 550:Drivers/CMSIS/Include/cmsis_gcc.h **** 
 551:Drivers/CMSIS/Include/cmsis_gcc.h **** #if ((defined (__ARM_ARCH_7M__      ) && (__ARM_ARCH_7M__      == 1)) || \
 552:Drivers/CMSIS/Include/cmsis_gcc.h ****      (defined (__ARM_ARCH_7EM__     ) && (__ARM_ARCH_7EM__     == 1)) || \
 553:Drivers/CMSIS/Include/cmsis_gcc.h ****      (defined (__ARM_ARCH_8M_MAIN__ ) && (__ARM_ARCH_8M_MAIN__ == 1))    )
 554:Drivers/CMSIS/Include/cmsis_gcc.h **** /**
 555:Drivers/CMSIS/Include/cmsis_gcc.h ****   \brief   Signed Saturate
 556:Drivers/CMSIS/Include/cmsis_gcc.h ****   \details Saturates a signed value.
ARM GAS  C:\Users\pablo\AppData\Local\Temp\ccRGFa1Y.s 			page 23


 557:Drivers/CMSIS/Include/cmsis_gcc.h ****   \param [in]  ARG1  Value to be saturated
 558:Drivers/CMSIS/Include/cmsis_gcc.h ****   \param [in]  ARG2  Bit position to saturate to (1..32)
 559:Drivers/CMSIS/Include/cmsis_gcc.h ****   \return             Saturated value
 560:Drivers/CMSIS/Include/cmsis_gcc.h ****  */
 561:Drivers/CMSIS/Include/cmsis_gcc.h **** #define __SSAT(ARG1, ARG2) \
 562:Drivers/CMSIS/Include/cmsis_gcc.h **** __extension__ \
 563:Drivers/CMSIS/Include/cmsis_gcc.h **** ({                          \
 564:Drivers/CMSIS/Include/cmsis_gcc.h ****   int32_t __RES, __ARG1 = (ARG1); \
 565:Drivers/CMSIS/Include/cmsis_gcc.h ****   __ASM volatile ("ssat %0, %1, %2" : "=r" (__RES) :  "I" (ARG2), "r" (__ARG1) : "cc" ); \
 566:Drivers/CMSIS/Include/cmsis_gcc.h ****   __RES; \
 567:Drivers/CMSIS/Include/cmsis_gcc.h ****  })
 568:Drivers/CMSIS/Include/cmsis_gcc.h **** 
 569:Drivers/CMSIS/Include/cmsis_gcc.h **** 
 570:Drivers/CMSIS/Include/cmsis_gcc.h **** /**
 571:Drivers/CMSIS/Include/cmsis_gcc.h ****   \brief   Unsigned Saturate
 572:Drivers/CMSIS/Include/cmsis_gcc.h ****   \details Saturates an unsigned value.
 573:Drivers/CMSIS/Include/cmsis_gcc.h ****   \param [in]  ARG1  Value to be saturated
 574:Drivers/CMSIS/Include/cmsis_gcc.h ****   \param [in]  ARG2  Bit position to saturate to (0..31)
 575:Drivers/CMSIS/Include/cmsis_gcc.h ****   \return             Saturated value
 576:Drivers/CMSIS/Include/cmsis_gcc.h ****  */
 577:Drivers/CMSIS/Include/cmsis_gcc.h **** #define __USAT(ARG1, ARG2) \
 578:Drivers/CMSIS/Include/cmsis_gcc.h **** __extension__ \
 579:Drivers/CMSIS/Include/cmsis_gcc.h **** ({                          \
 580:Drivers/CMSIS/Include/cmsis_gcc.h ****   uint32_t __RES, __ARG1 = (ARG1); \
 581:Drivers/CMSIS/Include/cmsis_gcc.h ****   __ASM volatile ("usat %0, %1, %2" : "=r" (__RES) :  "I" (ARG2), "r" (__ARG1) : "cc" ); \
 582:Drivers/CMSIS/Include/cmsis_gcc.h ****   __RES; \
 583:Drivers/CMSIS/Include/cmsis_gcc.h ****  })
 584:Drivers/CMSIS/Include/cmsis_gcc.h **** 
 585:Drivers/CMSIS/Include/cmsis_gcc.h **** 
 586:Drivers/CMSIS/Include/cmsis_gcc.h **** /**
 587:Drivers/CMSIS/Include/cmsis_gcc.h ****   \brief   Rotate Right with Extend (32 bit)
 588:Drivers/CMSIS/Include/cmsis_gcc.h ****   \details Moves each bit of a bitstring right by one bit.
 589:Drivers/CMSIS/Include/cmsis_gcc.h ****            The carry input is shifted in at the left end of the bitstring.
 590:Drivers/CMSIS/Include/cmsis_gcc.h ****   \param [in]    value  Value to rotate
 591:Drivers/CMSIS/Include/cmsis_gcc.h ****   \return               Rotated value
 592:Drivers/CMSIS/Include/cmsis_gcc.h ****  */
 593:Drivers/CMSIS/Include/cmsis_gcc.h **** __STATIC_FORCEINLINE uint32_t __RRX(uint32_t value)
 594:Drivers/CMSIS/Include/cmsis_gcc.h **** {
 595:Drivers/CMSIS/Include/cmsis_gcc.h ****   uint32_t result;
 596:Drivers/CMSIS/Include/cmsis_gcc.h **** 
 597:Drivers/CMSIS/Include/cmsis_gcc.h ****   __ASM volatile ("rrx %0, %1" : __CMSIS_GCC_OUT_REG (result) : __CMSIS_GCC_USE_REG (value) );
 598:Drivers/CMSIS/Include/cmsis_gcc.h ****   return(result);
 599:Drivers/CMSIS/Include/cmsis_gcc.h **** }
 600:Drivers/CMSIS/Include/cmsis_gcc.h **** 
 601:Drivers/CMSIS/Include/cmsis_gcc.h **** 
 602:Drivers/CMSIS/Include/cmsis_gcc.h **** /**
 603:Drivers/CMSIS/Include/cmsis_gcc.h ****   \brief   LDRT Unprivileged (8 bit)
 604:Drivers/CMSIS/Include/cmsis_gcc.h ****   \details Executes a Unprivileged LDRT instruction for 8 bit value.
 605:Drivers/CMSIS/Include/cmsis_gcc.h ****   \param [in]    ptr  Pointer to data
 606:Drivers/CMSIS/Include/cmsis_gcc.h ****   \return             value of type uint8_t at (*ptr)
 607:Drivers/CMSIS/Include/cmsis_gcc.h ****  */
 608:Drivers/CMSIS/Include/cmsis_gcc.h **** __STATIC_FORCEINLINE uint8_t __LDRBT(volatile uint8_t *ptr)
 609:Drivers/CMSIS/Include/cmsis_gcc.h **** {
 610:Drivers/CMSIS/Include/cmsis_gcc.h ****     uint32_t result;
 611:Drivers/CMSIS/Include/cmsis_gcc.h **** 
 612:Drivers/CMSIS/Include/cmsis_gcc.h **** #if (__GNUC__ > 4) || (__GNUC__ == 4 && __GNUC_MINOR__ >= 8)
 613:Drivers/CMSIS/Include/cmsis_gcc.h ****    __ASM volatile ("ldrbt %0, %1" : "=r" (result) : "Q" (*ptr) );
ARM GAS  C:\Users\pablo\AppData\Local\Temp\ccRGFa1Y.s 			page 24


 614:Drivers/CMSIS/Include/cmsis_gcc.h **** #else
 615:Drivers/CMSIS/Include/cmsis_gcc.h ****     /* Prior to GCC 4.8, "Q" will be expanded to [rx, #0] which is not
 616:Drivers/CMSIS/Include/cmsis_gcc.h ****        accepted by assembler. So has to use following less efficient pattern.
 617:Drivers/CMSIS/Include/cmsis_gcc.h ****     */
 618:Drivers/CMSIS/Include/cmsis_gcc.h ****    __ASM volatile ("ldrbt %0, [%1]" : "=r" (result) : "r" (ptr) : "memory" );
 619:Drivers/CMSIS/Include/cmsis_gcc.h **** #endif
 620:Drivers/CMSIS/Include/cmsis_gcc.h ****    return ((uint8_t) result);    /* Add explicit type cast here */
 621:Drivers/CMSIS/Include/cmsis_gcc.h **** }
 622:Drivers/CMSIS/Include/cmsis_gcc.h **** 
 623:Drivers/CMSIS/Include/cmsis_gcc.h **** 
 624:Drivers/CMSIS/Include/cmsis_gcc.h **** /**
 625:Drivers/CMSIS/Include/cmsis_gcc.h ****   \brief   LDRT Unprivileged (16 bit)
 626:Drivers/CMSIS/Include/cmsis_gcc.h ****   \details Executes a Unprivileged LDRT instruction for 16 bit values.
 627:Drivers/CMSIS/Include/cmsis_gcc.h ****   \param [in]    ptr  Pointer to data
 628:Drivers/CMSIS/Include/cmsis_gcc.h ****   \return        value of type uint16_t at (*ptr)
 629:Drivers/CMSIS/Include/cmsis_gcc.h ****  */
 630:Drivers/CMSIS/Include/cmsis_gcc.h **** __STATIC_FORCEINLINE uint16_t __LDRHT(volatile uint16_t *ptr)
 631:Drivers/CMSIS/Include/cmsis_gcc.h **** {
 632:Drivers/CMSIS/Include/cmsis_gcc.h ****     uint32_t result;
 633:Drivers/CMSIS/Include/cmsis_gcc.h **** 
 634:Drivers/CMSIS/Include/cmsis_gcc.h **** #if (__GNUC__ > 4) || (__GNUC__ == 4 && __GNUC_MINOR__ >= 8)
 635:Drivers/CMSIS/Include/cmsis_gcc.h ****    __ASM volatile ("ldrht %0, %1" : "=r" (result) : "Q" (*ptr) );
 636:Drivers/CMSIS/Include/cmsis_gcc.h **** #else
 637:Drivers/CMSIS/Include/cmsis_gcc.h ****     /* Prior to GCC 4.8, "Q" will be expanded to [rx, #0] which is not
 638:Drivers/CMSIS/Include/cmsis_gcc.h ****        accepted by assembler. So has to use following less efficient pattern.
 639:Drivers/CMSIS/Include/cmsis_gcc.h ****     */
 640:Drivers/CMSIS/Include/cmsis_gcc.h ****    __ASM volatile ("ldrht %0, [%1]" : "=r" (result) : "r" (ptr) : "memory" );
 641:Drivers/CMSIS/Include/cmsis_gcc.h **** #endif
 642:Drivers/CMSIS/Include/cmsis_gcc.h ****    return ((uint16_t) result);    /* Add explicit type cast here */
 643:Drivers/CMSIS/Include/cmsis_gcc.h **** }
 644:Drivers/CMSIS/Include/cmsis_gcc.h **** 
 645:Drivers/CMSIS/Include/cmsis_gcc.h **** 
 646:Drivers/CMSIS/Include/cmsis_gcc.h **** /**
 647:Drivers/CMSIS/Include/cmsis_gcc.h ****   \brief   LDRT Unprivileged (32 bit)
 648:Drivers/CMSIS/Include/cmsis_gcc.h ****   \details Executes a Unprivileged LDRT instruction for 32 bit values.
 649:Drivers/CMSIS/Include/cmsis_gcc.h ****   \param [in]    ptr  Pointer to data
 650:Drivers/CMSIS/Include/cmsis_gcc.h ****   \return        value of type uint32_t at (*ptr)
 651:Drivers/CMSIS/Include/cmsis_gcc.h ****  */
 652:Drivers/CMSIS/Include/cmsis_gcc.h **** __STATIC_FORCEINLINE uint32_t __LDRT(volatile uint32_t *ptr)
 653:Drivers/CMSIS/Include/cmsis_gcc.h **** {
 654:Drivers/CMSIS/Include/cmsis_gcc.h ****     uint32_t result;
 655:Drivers/CMSIS/Include/cmsis_gcc.h **** 
 656:Drivers/CMSIS/Include/cmsis_gcc.h ****    __ASM volatile ("ldrt %0, %1" : "=r" (result) : "Q" (*ptr) );
 657:Drivers/CMSIS/Include/cmsis_gcc.h ****    return(result);
 658:Drivers/CMSIS/Include/cmsis_gcc.h **** }
 659:Drivers/CMSIS/Include/cmsis_gcc.h **** 
 660:Drivers/CMSIS/Include/cmsis_gcc.h **** 
 661:Drivers/CMSIS/Include/cmsis_gcc.h **** /**
 662:Drivers/CMSIS/Include/cmsis_gcc.h ****   \brief   STRT Unprivileged (8 bit)
 663:Drivers/CMSIS/Include/cmsis_gcc.h ****   \details Executes a Unprivileged STRT instruction for 8 bit values.
 664:Drivers/CMSIS/Include/cmsis_gcc.h ****   \param [in]  value  Value to store
 665:Drivers/CMSIS/Include/cmsis_gcc.h ****   \param [in]    ptr  Pointer to location
 666:Drivers/CMSIS/Include/cmsis_gcc.h ****  */
 667:Drivers/CMSIS/Include/cmsis_gcc.h **** __STATIC_FORCEINLINE void __STRBT(uint8_t value, volatile uint8_t *ptr)
 668:Drivers/CMSIS/Include/cmsis_gcc.h **** {
 669:Drivers/CMSIS/Include/cmsis_gcc.h ****    __ASM volatile ("strbt %1, %0" : "=Q" (*ptr) : "r" ((uint32_t)value) );
 670:Drivers/CMSIS/Include/cmsis_gcc.h **** }
ARM GAS  C:\Users\pablo\AppData\Local\Temp\ccRGFa1Y.s 			page 25


 671:Drivers/CMSIS/Include/cmsis_gcc.h **** 
 672:Drivers/CMSIS/Include/cmsis_gcc.h **** 
 673:Drivers/CMSIS/Include/cmsis_gcc.h **** /**
 674:Drivers/CMSIS/Include/cmsis_gcc.h ****   \brief   STRT Unprivileged (16 bit)
 675:Drivers/CMSIS/Include/cmsis_gcc.h ****   \details Executes a Unprivileged STRT instruction for 16 bit values.
 676:Drivers/CMSIS/Include/cmsis_gcc.h ****   \param [in]  value  Value to store
 677:Drivers/CMSIS/Include/cmsis_gcc.h ****   \param [in]    ptr  Pointer to location
 678:Drivers/CMSIS/Include/cmsis_gcc.h ****  */
 679:Drivers/CMSIS/Include/cmsis_gcc.h **** __STATIC_FORCEINLINE void __STRHT(uint16_t value, volatile uint16_t *ptr)
 680:Drivers/CMSIS/Include/cmsis_gcc.h **** {
 681:Drivers/CMSIS/Include/cmsis_gcc.h ****    __ASM volatile ("strht %1, %0" : "=Q" (*ptr) : "r" ((uint32_t)value) );
 682:Drivers/CMSIS/Include/cmsis_gcc.h **** }
 683:Drivers/CMSIS/Include/cmsis_gcc.h **** 
 684:Drivers/CMSIS/Include/cmsis_gcc.h **** 
 685:Drivers/CMSIS/Include/cmsis_gcc.h **** /**
 686:Drivers/CMSIS/Include/cmsis_gcc.h ****   \brief   STRT Unprivileged (32 bit)
 687:Drivers/CMSIS/Include/cmsis_gcc.h ****   \details Executes a Unprivileged STRT instruction for 32 bit values.
 688:Drivers/CMSIS/Include/cmsis_gcc.h ****   \param [in]  value  Value to store
 689:Drivers/CMSIS/Include/cmsis_gcc.h ****   \param [in]    ptr  Pointer to location
 690:Drivers/CMSIS/Include/cmsis_gcc.h ****  */
 691:Drivers/CMSIS/Include/cmsis_gcc.h **** __STATIC_FORCEINLINE void __STRT(uint32_t value, volatile uint32_t *ptr)
 692:Drivers/CMSIS/Include/cmsis_gcc.h **** {
 693:Drivers/CMSIS/Include/cmsis_gcc.h ****    __ASM volatile ("strt %1, %0" : "=Q" (*ptr) : "r" (value) );
 694:Drivers/CMSIS/Include/cmsis_gcc.h **** }
 695:Drivers/CMSIS/Include/cmsis_gcc.h **** 
 696:Drivers/CMSIS/Include/cmsis_gcc.h **** #else  /* ((defined (__ARM_ARCH_7M__      ) && (__ARM_ARCH_7M__      == 1)) || \
 697:Drivers/CMSIS/Include/cmsis_gcc.h ****            (defined (__ARM_ARCH_7EM__     ) && (__ARM_ARCH_7EM__     == 1)) || \
 698:Drivers/CMSIS/Include/cmsis_gcc.h ****            (defined (__ARM_ARCH_8M_MAIN__ ) && (__ARM_ARCH_8M_MAIN__ == 1))    ) */
 699:Drivers/CMSIS/Include/cmsis_gcc.h **** 
 700:Drivers/CMSIS/Include/cmsis_gcc.h **** /**
 701:Drivers/CMSIS/Include/cmsis_gcc.h ****   \brief   Signed Saturate
 702:Drivers/CMSIS/Include/cmsis_gcc.h ****   \details Saturates a signed value.
 703:Drivers/CMSIS/Include/cmsis_gcc.h ****   \param [in]  value  Value to be saturated
 704:Drivers/CMSIS/Include/cmsis_gcc.h ****   \param [in]    sat  Bit position to saturate to (1..32)
 705:Drivers/CMSIS/Include/cmsis_gcc.h ****   \return             Saturated value
 706:Drivers/CMSIS/Include/cmsis_gcc.h ****  */
 707:Drivers/CMSIS/Include/cmsis_gcc.h **** __STATIC_FORCEINLINE int32_t __SSAT(int32_t val, uint32_t sat)
 708:Drivers/CMSIS/Include/cmsis_gcc.h **** {
 709:Drivers/CMSIS/Include/cmsis_gcc.h ****   if ((sat >= 1U) && (sat <= 32U))
 710:Drivers/CMSIS/Include/cmsis_gcc.h ****   {
 711:Drivers/CMSIS/Include/cmsis_gcc.h ****     const int32_t max = (int32_t)((1U << (sat - 1U)) - 1U);
 712:Drivers/CMSIS/Include/cmsis_gcc.h ****     const int32_t min = -1 - max ;
 713:Drivers/CMSIS/Include/cmsis_gcc.h ****     if (val > max)
 714:Drivers/CMSIS/Include/cmsis_gcc.h ****     {
 715:Drivers/CMSIS/Include/cmsis_gcc.h ****       return max;
 716:Drivers/CMSIS/Include/cmsis_gcc.h ****     }
 717:Drivers/CMSIS/Include/cmsis_gcc.h ****     else if (val < min)
 718:Drivers/CMSIS/Include/cmsis_gcc.h ****     {
 719:Drivers/CMSIS/Include/cmsis_gcc.h ****       return min;
 720:Drivers/CMSIS/Include/cmsis_gcc.h ****     }
 721:Drivers/CMSIS/Include/cmsis_gcc.h ****   }
 722:Drivers/CMSIS/Include/cmsis_gcc.h ****   return val;
 723:Drivers/CMSIS/Include/cmsis_gcc.h **** }
 724:Drivers/CMSIS/Include/cmsis_gcc.h **** 
 725:Drivers/CMSIS/Include/cmsis_gcc.h **** /**
 726:Drivers/CMSIS/Include/cmsis_gcc.h ****   \brief   Unsigned Saturate
 727:Drivers/CMSIS/Include/cmsis_gcc.h ****   \details Saturates an unsigned value.
ARM GAS  C:\Users\pablo\AppData\Local\Temp\ccRGFa1Y.s 			page 26


 728:Drivers/CMSIS/Include/cmsis_gcc.h ****   \param [in]  value  Value to be saturated
 729:Drivers/CMSIS/Include/cmsis_gcc.h ****   \param [in]    sat  Bit position to saturate to (0..31)
 730:Drivers/CMSIS/Include/cmsis_gcc.h ****   \return             Saturated value
 731:Drivers/CMSIS/Include/cmsis_gcc.h ****  */
 732:Drivers/CMSIS/Include/cmsis_gcc.h **** __STATIC_FORCEINLINE uint32_t __USAT(int32_t val, uint32_t sat)
 733:Drivers/CMSIS/Include/cmsis_gcc.h **** {
 734:Drivers/CMSIS/Include/cmsis_gcc.h ****   if (sat <= 31U)
 735:Drivers/CMSIS/Include/cmsis_gcc.h ****   {
 736:Drivers/CMSIS/Include/cmsis_gcc.h ****     const uint32_t max = ((1U << sat) - 1U);
 737:Drivers/CMSIS/Include/cmsis_gcc.h ****     if (val > (int32_t)max)
 738:Drivers/CMSIS/Include/cmsis_gcc.h ****     {
 739:Drivers/CMSIS/Include/cmsis_gcc.h ****       return max;
 740:Drivers/CMSIS/Include/cmsis_gcc.h ****     }
 741:Drivers/CMSIS/Include/cmsis_gcc.h ****     else if (val < 0)
 742:Drivers/CMSIS/Include/cmsis_gcc.h ****     {
 743:Drivers/CMSIS/Include/cmsis_gcc.h ****       return 0U;
 744:Drivers/CMSIS/Include/cmsis_gcc.h ****     }
 745:Drivers/CMSIS/Include/cmsis_gcc.h ****   }
 746:Drivers/CMSIS/Include/cmsis_gcc.h ****   return (uint32_t)val;
 747:Drivers/CMSIS/Include/cmsis_gcc.h **** }
 748:Drivers/CMSIS/Include/cmsis_gcc.h **** 
 749:Drivers/CMSIS/Include/cmsis_gcc.h **** #endif /* ((defined (__ARM_ARCH_7M__      ) && (__ARM_ARCH_7M__      == 1)) || \
 750:Drivers/CMSIS/Include/cmsis_gcc.h ****            (defined (__ARM_ARCH_7EM__     ) && (__ARM_ARCH_7EM__     == 1)) || \
 751:Drivers/CMSIS/Include/cmsis_gcc.h ****            (defined (__ARM_ARCH_8M_MAIN__ ) && (__ARM_ARCH_8M_MAIN__ == 1))    ) */
 752:Drivers/CMSIS/Include/cmsis_gcc.h **** 
 753:Drivers/CMSIS/Include/cmsis_gcc.h **** 
 754:Drivers/CMSIS/Include/cmsis_gcc.h **** #if ((defined (__ARM_ARCH_8M_MAIN__ ) && (__ARM_ARCH_8M_MAIN__ == 1)) || \
 755:Drivers/CMSIS/Include/cmsis_gcc.h ****      (defined (__ARM_ARCH_8M_BASE__ ) && (__ARM_ARCH_8M_BASE__ == 1))    )
 756:Drivers/CMSIS/Include/cmsis_gcc.h **** /**
 757:Drivers/CMSIS/Include/cmsis_gcc.h ****   \brief   Load-Acquire (8 bit)
 758:Drivers/CMSIS/Include/cmsis_gcc.h ****   \details Executes a LDAB instruction for 8 bit value.
 759:Drivers/CMSIS/Include/cmsis_gcc.h ****   \param [in]    ptr  Pointer to data
 760:Drivers/CMSIS/Include/cmsis_gcc.h ****   \return             value of type uint8_t at (*ptr)
 761:Drivers/CMSIS/Include/cmsis_gcc.h ****  */
 762:Drivers/CMSIS/Include/cmsis_gcc.h **** __STATIC_FORCEINLINE uint8_t __LDAB(volatile uint8_t *ptr)
 763:Drivers/CMSIS/Include/cmsis_gcc.h **** {
 764:Drivers/CMSIS/Include/cmsis_gcc.h ****     uint32_t result;
 765:Drivers/CMSIS/Include/cmsis_gcc.h **** 
 766:Drivers/CMSIS/Include/cmsis_gcc.h ****    __ASM volatile ("ldab %0, %1" : "=r" (result) : "Q" (*ptr) : "memory" );
 767:Drivers/CMSIS/Include/cmsis_gcc.h ****    return ((uint8_t) result);
 768:Drivers/CMSIS/Include/cmsis_gcc.h **** }
 769:Drivers/CMSIS/Include/cmsis_gcc.h **** 
 770:Drivers/CMSIS/Include/cmsis_gcc.h **** 
 771:Drivers/CMSIS/Include/cmsis_gcc.h **** /**
 772:Drivers/CMSIS/Include/cmsis_gcc.h ****   \brief   Load-Acquire (16 bit)
 773:Drivers/CMSIS/Include/cmsis_gcc.h ****   \details Executes a LDAH instruction for 16 bit values.
 774:Drivers/CMSIS/Include/cmsis_gcc.h ****   \param [in]    ptr  Pointer to data
 775:Drivers/CMSIS/Include/cmsis_gcc.h ****   \return        value of type uint16_t at (*ptr)
 776:Drivers/CMSIS/Include/cmsis_gcc.h ****  */
 777:Drivers/CMSIS/Include/cmsis_gcc.h **** __STATIC_FORCEINLINE uint16_t __LDAH(volatile uint16_t *ptr)
 778:Drivers/CMSIS/Include/cmsis_gcc.h **** {
 779:Drivers/CMSIS/Include/cmsis_gcc.h ****     uint32_t result;
 780:Drivers/CMSIS/Include/cmsis_gcc.h **** 
 781:Drivers/CMSIS/Include/cmsis_gcc.h ****    __ASM volatile ("ldah %0, %1" : "=r" (result) : "Q" (*ptr) : "memory" );
 782:Drivers/CMSIS/Include/cmsis_gcc.h ****    return ((uint16_t) result);
 783:Drivers/CMSIS/Include/cmsis_gcc.h **** }
 784:Drivers/CMSIS/Include/cmsis_gcc.h **** 
ARM GAS  C:\Users\pablo\AppData\Local\Temp\ccRGFa1Y.s 			page 27


 785:Drivers/CMSIS/Include/cmsis_gcc.h **** 
 786:Drivers/CMSIS/Include/cmsis_gcc.h **** /**
 787:Drivers/CMSIS/Include/cmsis_gcc.h ****   \brief   Load-Acquire (32 bit)
 788:Drivers/CMSIS/Include/cmsis_gcc.h ****   \details Executes a LDA instruction for 32 bit values.
 789:Drivers/CMSIS/Include/cmsis_gcc.h ****   \param [in]    ptr  Pointer to data
 790:Drivers/CMSIS/Include/cmsis_gcc.h ****   \return        value of type uint32_t at (*ptr)
 791:Drivers/CMSIS/Include/cmsis_gcc.h ****  */
 792:Drivers/CMSIS/Include/cmsis_gcc.h **** __STATIC_FORCEINLINE uint32_t __LDA(volatile uint32_t *ptr)
 793:Drivers/CMSIS/Include/cmsis_gcc.h **** {
 794:Drivers/CMSIS/Include/cmsis_gcc.h ****     uint32_t result;
 795:Drivers/CMSIS/Include/cmsis_gcc.h **** 
 796:Drivers/CMSIS/Include/cmsis_gcc.h ****    __ASM volatile ("lda %0, %1" : "=r" (result) : "Q" (*ptr) : "memory" );
 797:Drivers/CMSIS/Include/cmsis_gcc.h ****    return(result);
 798:Drivers/CMSIS/Include/cmsis_gcc.h **** }
 799:Drivers/CMSIS/Include/cmsis_gcc.h **** 
 800:Drivers/CMSIS/Include/cmsis_gcc.h **** 
 801:Drivers/CMSIS/Include/cmsis_gcc.h **** /**
 802:Drivers/CMSIS/Include/cmsis_gcc.h ****   \brief   Store-Release (8 bit)
 803:Drivers/CMSIS/Include/cmsis_gcc.h ****   \details Executes a STLB instruction for 8 bit values.
 804:Drivers/CMSIS/Include/cmsis_gcc.h ****   \param [in]  value  Value to store
 805:Drivers/CMSIS/Include/cmsis_gcc.h ****   \param [in]    ptr  Pointer to location
 806:Drivers/CMSIS/Include/cmsis_gcc.h ****  */
 807:Drivers/CMSIS/Include/cmsis_gcc.h **** __STATIC_FORCEINLINE void __STLB(uint8_t value, volatile uint8_t *ptr)
 808:Drivers/CMSIS/Include/cmsis_gcc.h **** {
 809:Drivers/CMSIS/Include/cmsis_gcc.h ****    __ASM volatile ("stlb %1, %0" : "=Q" (*ptr) : "r" ((uint32_t)value) : "memory" );
 810:Drivers/CMSIS/Include/cmsis_gcc.h **** }
 811:Drivers/CMSIS/Include/cmsis_gcc.h **** 
 812:Drivers/CMSIS/Include/cmsis_gcc.h **** 
 813:Drivers/CMSIS/Include/cmsis_gcc.h **** /**
 814:Drivers/CMSIS/Include/cmsis_gcc.h ****   \brief   Store-Release (16 bit)
 815:Drivers/CMSIS/Include/cmsis_gcc.h ****   \details Executes a STLH instruction for 16 bit values.
 816:Drivers/CMSIS/Include/cmsis_gcc.h ****   \param [in]  value  Value to store
 817:Drivers/CMSIS/Include/cmsis_gcc.h ****   \param [in]    ptr  Pointer to location
 818:Drivers/CMSIS/Include/cmsis_gcc.h ****  */
 819:Drivers/CMSIS/Include/cmsis_gcc.h **** __STATIC_FORCEINLINE void __STLH(uint16_t value, volatile uint16_t *ptr)
 820:Drivers/CMSIS/Include/cmsis_gcc.h **** {
 821:Drivers/CMSIS/Include/cmsis_gcc.h ****    __ASM volatile ("stlh %1, %0" : "=Q" (*ptr) : "r" ((uint32_t)value) : "memory" );
 822:Drivers/CMSIS/Include/cmsis_gcc.h **** }
 823:Drivers/CMSIS/Include/cmsis_gcc.h **** 
 824:Drivers/CMSIS/Include/cmsis_gcc.h **** 
 825:Drivers/CMSIS/Include/cmsis_gcc.h **** /**
 826:Drivers/CMSIS/Include/cmsis_gcc.h ****   \brief   Store-Release (32 bit)
 827:Drivers/CMSIS/Include/cmsis_gcc.h ****   \details Executes a STL instruction for 32 bit values.
 828:Drivers/CMSIS/Include/cmsis_gcc.h ****   \param [in]  value  Value to store
 829:Drivers/CMSIS/Include/cmsis_gcc.h ****   \param [in]    ptr  Pointer to location
 830:Drivers/CMSIS/Include/cmsis_gcc.h ****  */
 831:Drivers/CMSIS/Include/cmsis_gcc.h **** __STATIC_FORCEINLINE void __STL(uint32_t value, volatile uint32_t *ptr)
 832:Drivers/CMSIS/Include/cmsis_gcc.h **** {
 833:Drivers/CMSIS/Include/cmsis_gcc.h ****    __ASM volatile ("stl %1, %0" : "=Q" (*ptr) : "r" ((uint32_t)value) : "memory" );
 834:Drivers/CMSIS/Include/cmsis_gcc.h **** }
 835:Drivers/CMSIS/Include/cmsis_gcc.h **** 
 836:Drivers/CMSIS/Include/cmsis_gcc.h **** 
 837:Drivers/CMSIS/Include/cmsis_gcc.h **** /**
 838:Drivers/CMSIS/Include/cmsis_gcc.h ****   \brief   Load-Acquire Exclusive (8 bit)
 839:Drivers/CMSIS/Include/cmsis_gcc.h ****   \details Executes a LDAB exclusive instruction for 8 bit value.
 840:Drivers/CMSIS/Include/cmsis_gcc.h ****   \param [in]    ptr  Pointer to data
 841:Drivers/CMSIS/Include/cmsis_gcc.h ****   \return             value of type uint8_t at (*ptr)
ARM GAS  C:\Users\pablo\AppData\Local\Temp\ccRGFa1Y.s 			page 28


 842:Drivers/CMSIS/Include/cmsis_gcc.h ****  */
 843:Drivers/CMSIS/Include/cmsis_gcc.h **** __STATIC_FORCEINLINE uint8_t __LDAEXB(volatile uint8_t *ptr)
 844:Drivers/CMSIS/Include/cmsis_gcc.h **** {
 845:Drivers/CMSIS/Include/cmsis_gcc.h ****     uint32_t result;
 846:Drivers/CMSIS/Include/cmsis_gcc.h **** 
 847:Drivers/CMSIS/Include/cmsis_gcc.h ****    __ASM volatile ("ldaexb %0, %1" : "=r" (result) : "Q" (*ptr) : "memory" );
 848:Drivers/CMSIS/Include/cmsis_gcc.h ****    return ((uint8_t) result);
 849:Drivers/CMSIS/Include/cmsis_gcc.h **** }
 850:Drivers/CMSIS/Include/cmsis_gcc.h **** 
 851:Drivers/CMSIS/Include/cmsis_gcc.h **** 
 852:Drivers/CMSIS/Include/cmsis_gcc.h **** /**
 853:Drivers/CMSIS/Include/cmsis_gcc.h ****   \brief   Load-Acquire Exclusive (16 bit)
 854:Drivers/CMSIS/Include/cmsis_gcc.h ****   \details Executes a LDAH exclusive instruction for 16 bit values.
 855:Drivers/CMSIS/Include/cmsis_gcc.h ****   \param [in]    ptr  Pointer to data
 856:Drivers/CMSIS/Include/cmsis_gcc.h ****   \return        value of type uint16_t at (*ptr)
 857:Drivers/CMSIS/Include/cmsis_gcc.h ****  */
 858:Drivers/CMSIS/Include/cmsis_gcc.h **** __STATIC_FORCEINLINE uint16_t __LDAEXH(volatile uint16_t *ptr)
 859:Drivers/CMSIS/Include/cmsis_gcc.h **** {
 860:Drivers/CMSIS/Include/cmsis_gcc.h ****     uint32_t result;
 861:Drivers/CMSIS/Include/cmsis_gcc.h **** 
 862:Drivers/CMSIS/Include/cmsis_gcc.h ****    __ASM volatile ("ldaexh %0, %1" : "=r" (result) : "Q" (*ptr) : "memory" );
 863:Drivers/CMSIS/Include/cmsis_gcc.h ****    return ((uint16_t) result);
 864:Drivers/CMSIS/Include/cmsis_gcc.h **** }
 865:Drivers/CMSIS/Include/cmsis_gcc.h **** 
 866:Drivers/CMSIS/Include/cmsis_gcc.h **** 
 867:Drivers/CMSIS/Include/cmsis_gcc.h **** /**
 868:Drivers/CMSIS/Include/cmsis_gcc.h ****   \brief   Load-Acquire Exclusive (32 bit)
 869:Drivers/CMSIS/Include/cmsis_gcc.h ****   \details Executes a LDA exclusive instruction for 32 bit values.
 870:Drivers/CMSIS/Include/cmsis_gcc.h ****   \param [in]    ptr  Pointer to data
 871:Drivers/CMSIS/Include/cmsis_gcc.h ****   \return        value of type uint32_t at (*ptr)
 872:Drivers/CMSIS/Include/cmsis_gcc.h ****  */
 873:Drivers/CMSIS/Include/cmsis_gcc.h **** __STATIC_FORCEINLINE uint32_t __LDAEX(volatile uint32_t *ptr)
 874:Drivers/CMSIS/Include/cmsis_gcc.h **** {
 875:Drivers/CMSIS/Include/cmsis_gcc.h ****     uint32_t result;
 876:Drivers/CMSIS/Include/cmsis_gcc.h **** 
 877:Drivers/CMSIS/Include/cmsis_gcc.h ****    __ASM volatile ("ldaex %0, %1" : "=r" (result) : "Q" (*ptr) : "memory" );
 878:Drivers/CMSIS/Include/cmsis_gcc.h ****    return(result);
 879:Drivers/CMSIS/Include/cmsis_gcc.h **** }
 880:Drivers/CMSIS/Include/cmsis_gcc.h **** 
 881:Drivers/CMSIS/Include/cmsis_gcc.h **** 
 882:Drivers/CMSIS/Include/cmsis_gcc.h **** /**
 883:Drivers/CMSIS/Include/cmsis_gcc.h ****   \brief   Store-Release Exclusive (8 bit)
 884:Drivers/CMSIS/Include/cmsis_gcc.h ****   \details Executes a STLB exclusive instruction for 8 bit values.
 885:Drivers/CMSIS/Include/cmsis_gcc.h ****   \param [in]  value  Value to store
 886:Drivers/CMSIS/Include/cmsis_gcc.h ****   \param [in]    ptr  Pointer to location
 887:Drivers/CMSIS/Include/cmsis_gcc.h ****   \return          0  Function succeeded
 888:Drivers/CMSIS/Include/cmsis_gcc.h ****   \return          1  Function failed
 889:Drivers/CMSIS/Include/cmsis_gcc.h ****  */
 890:Drivers/CMSIS/Include/cmsis_gcc.h **** __STATIC_FORCEINLINE uint32_t __STLEXB(uint8_t value, volatile uint8_t *ptr)
 891:Drivers/CMSIS/Include/cmsis_gcc.h **** {
 892:Drivers/CMSIS/Include/cmsis_gcc.h ****    uint32_t result;
 893:Drivers/CMSIS/Include/cmsis_gcc.h **** 
 894:Drivers/CMSIS/Include/cmsis_gcc.h ****    __ASM volatile ("stlexb %0, %2, %1" : "=&r" (result), "=Q" (*ptr) : "r" ((uint32_t)value) : "mem
 895:Drivers/CMSIS/Include/cmsis_gcc.h ****    return(result);
 896:Drivers/CMSIS/Include/cmsis_gcc.h **** }
 897:Drivers/CMSIS/Include/cmsis_gcc.h **** 
 898:Drivers/CMSIS/Include/cmsis_gcc.h **** 
ARM GAS  C:\Users\pablo\AppData\Local\Temp\ccRGFa1Y.s 			page 29


 899:Drivers/CMSIS/Include/cmsis_gcc.h **** /**
 900:Drivers/CMSIS/Include/cmsis_gcc.h ****   \brief   Store-Release Exclusive (16 bit)
 901:Drivers/CMSIS/Include/cmsis_gcc.h ****   \details Executes a STLH exclusive instruction for 16 bit values.
 902:Drivers/CMSIS/Include/cmsis_gcc.h ****   \param [in]  value  Value to store
 903:Drivers/CMSIS/Include/cmsis_gcc.h ****   \param [in]    ptr  Pointer to location
 904:Drivers/CMSIS/Include/cmsis_gcc.h ****   \return          0  Function succeeded
 905:Drivers/CMSIS/Include/cmsis_gcc.h ****   \return          1  Function failed
 906:Drivers/CMSIS/Include/cmsis_gcc.h ****  */
 907:Drivers/CMSIS/Include/cmsis_gcc.h **** __STATIC_FORCEINLINE uint32_t __STLEXH(uint16_t value, volatile uint16_t *ptr)
 908:Drivers/CMSIS/Include/cmsis_gcc.h **** {
 909:Drivers/CMSIS/Include/cmsis_gcc.h ****    uint32_t result;
 910:Drivers/CMSIS/Include/cmsis_gcc.h **** 
 911:Drivers/CMSIS/Include/cmsis_gcc.h ****    __ASM volatile ("stlexh %0, %2, %1" : "=&r" (result), "=Q" (*ptr) : "r" ((uint32_t)value) : "mem
 912:Drivers/CMSIS/Include/cmsis_gcc.h ****    return(result);
 913:Drivers/CMSIS/Include/cmsis_gcc.h **** }
 914:Drivers/CMSIS/Include/cmsis_gcc.h **** 
 915:Drivers/CMSIS/Include/cmsis_gcc.h **** 
 916:Drivers/CMSIS/Include/cmsis_gcc.h **** /**
 917:Drivers/CMSIS/Include/cmsis_gcc.h ****   \brief   Store-Release Exclusive (32 bit)
 918:Drivers/CMSIS/Include/cmsis_gcc.h ****   \details Executes a STL exclusive instruction for 32 bit values.
 919:Drivers/CMSIS/Include/cmsis_gcc.h ****   \param [in]  value  Value to store
 920:Drivers/CMSIS/Include/cmsis_gcc.h ****   \param [in]    ptr  Pointer to location
 921:Drivers/CMSIS/Include/cmsis_gcc.h ****   \return          0  Function succeeded
 922:Drivers/CMSIS/Include/cmsis_gcc.h ****   \return          1  Function failed
 923:Drivers/CMSIS/Include/cmsis_gcc.h ****  */
 924:Drivers/CMSIS/Include/cmsis_gcc.h **** __STATIC_FORCEINLINE uint32_t __STLEX(uint32_t value, volatile uint32_t *ptr)
 925:Drivers/CMSIS/Include/cmsis_gcc.h **** {
 926:Drivers/CMSIS/Include/cmsis_gcc.h ****    uint32_t result;
 927:Drivers/CMSIS/Include/cmsis_gcc.h **** 
 928:Drivers/CMSIS/Include/cmsis_gcc.h ****    __ASM volatile ("stlex %0, %2, %1" : "=&r" (result), "=Q" (*ptr) : "r" ((uint32_t)value) : "memo
 929:Drivers/CMSIS/Include/cmsis_gcc.h ****    return(result);
 930:Drivers/CMSIS/Include/cmsis_gcc.h **** }
 931:Drivers/CMSIS/Include/cmsis_gcc.h **** 
 932:Drivers/CMSIS/Include/cmsis_gcc.h **** #endif /* ((defined (__ARM_ARCH_8M_MAIN__ ) && (__ARM_ARCH_8M_MAIN__ == 1)) || \
 933:Drivers/CMSIS/Include/cmsis_gcc.h ****            (defined (__ARM_ARCH_8M_BASE__ ) && (__ARM_ARCH_8M_BASE__ == 1))    ) */
 934:Drivers/CMSIS/Include/cmsis_gcc.h **** 
 935:Drivers/CMSIS/Include/cmsis_gcc.h **** /*@}*/ /* end of group CMSIS_Core_InstructionInterface */
 936:Drivers/CMSIS/Include/cmsis_gcc.h **** 
 937:Drivers/CMSIS/Include/cmsis_gcc.h **** 
 938:Drivers/CMSIS/Include/cmsis_gcc.h **** /* ###########################  Core Function Access  ########################### */
 939:Drivers/CMSIS/Include/cmsis_gcc.h **** /** \ingroup  CMSIS_Core_FunctionInterface
 940:Drivers/CMSIS/Include/cmsis_gcc.h ****     \defgroup CMSIS_Core_RegAccFunctions CMSIS Core Register Access Functions
 941:Drivers/CMSIS/Include/cmsis_gcc.h ****   @{
 942:Drivers/CMSIS/Include/cmsis_gcc.h ****  */
 943:Drivers/CMSIS/Include/cmsis_gcc.h **** 
 944:Drivers/CMSIS/Include/cmsis_gcc.h **** /**
 945:Drivers/CMSIS/Include/cmsis_gcc.h ****   \brief   Enable IRQ Interrupts
 946:Drivers/CMSIS/Include/cmsis_gcc.h ****   \details Enables IRQ interrupts by clearing special-purpose register PRIMASK.
 947:Drivers/CMSIS/Include/cmsis_gcc.h ****            Can only be executed in Privileged modes.
 948:Drivers/CMSIS/Include/cmsis_gcc.h ****  */
 949:Drivers/CMSIS/Include/cmsis_gcc.h **** __STATIC_FORCEINLINE void __enable_irq(void)
 950:Drivers/CMSIS/Include/cmsis_gcc.h **** {
 951:Drivers/CMSIS/Include/cmsis_gcc.h ****   __ASM volatile ("cpsie i" : : : "memory");
 952:Drivers/CMSIS/Include/cmsis_gcc.h **** }
 953:Drivers/CMSIS/Include/cmsis_gcc.h **** 
 954:Drivers/CMSIS/Include/cmsis_gcc.h **** 
 955:Drivers/CMSIS/Include/cmsis_gcc.h **** /**
ARM GAS  C:\Users\pablo\AppData\Local\Temp\ccRGFa1Y.s 			page 30


 956:Drivers/CMSIS/Include/cmsis_gcc.h ****   \brief   Disable IRQ Interrupts
 957:Drivers/CMSIS/Include/cmsis_gcc.h ****   \details Disables IRQ interrupts by setting special-purpose register PRIMASK.
 958:Drivers/CMSIS/Include/cmsis_gcc.h ****            Can only be executed in Privileged modes.
 959:Drivers/CMSIS/Include/cmsis_gcc.h ****  */
 960:Drivers/CMSIS/Include/cmsis_gcc.h **** __STATIC_FORCEINLINE void __disable_irq(void)
 291              		.loc 2 960 27 view .LVU89
 292              	.LBB9:
 961:Drivers/CMSIS/Include/cmsis_gcc.h **** {
 962:Drivers/CMSIS/Include/cmsis_gcc.h ****   __ASM volatile ("cpsid i" : : : "memory");
 293              		.loc 2 962 3 view .LVU90
 294              		.syntax unified
 295              	@ 962 "Drivers/CMSIS/Include/cmsis_gcc.h" 1
 296 0000 72B6     		cpsid i
 297              	@ 0 "" 2
 298              		.thumb
 299              		.syntax unified
 300              	.L6:
 301              	.LBE9:
 302              	.LBE8:
 412:Core/Src/main.c ****   while (1)
 303              		.loc 1 412 3 view .LVU91
 413:Core/Src/main.c ****   {
 414:Core/Src/main.c ****   }
 304              		.loc 1 414 3 view .LVU92
 412:Core/Src/main.c ****   while (1)
 305              		.loc 1 412 9 view .LVU93
 306 0002 FEE7     		b	.L6
 307              		.cfi_endproc
 308              	.LFE138:
 310              		.section	.text.MX_TIM3_Init,"ax",%progbits
 311              		.align	1
 312              		.syntax unified
 313              		.thumb
 314              		.thumb_func
 316              	MX_TIM3_Init:
 317              	.LFB136:
 285:Core/Src/main.c **** 
 318              		.loc 1 285 1 view -0
 319              		.cfi_startproc
 320              		@ args = 0, pretend = 0, frame = 24
 321              		@ frame_needed = 0, uses_anonymous_args = 0
 322 0000 00B5     		push	{lr}
 323              	.LCFI3:
 324              		.cfi_def_cfa_offset 4
 325              		.cfi_offset 14, -4
 326 0002 87B0     		sub	sp, sp, #28
 327              	.LCFI4:
 328              		.cfi_def_cfa_offset 32
 291:Core/Src/main.c ****   TIM_MasterConfigTypeDef sMasterConfig = {0};
 329              		.loc 1 291 3 view .LVU95
 291:Core/Src/main.c ****   TIM_MasterConfigTypeDef sMasterConfig = {0};
 330              		.loc 1 291 26 is_stmt 0 view .LVU96
 331 0004 0023     		movs	r3, #0
 332 0006 0293     		str	r3, [sp, #8]
 333 0008 0393     		str	r3, [sp, #12]
 334 000a 0493     		str	r3, [sp, #16]
 335 000c 0593     		str	r3, [sp, #20]
ARM GAS  C:\Users\pablo\AppData\Local\Temp\ccRGFa1Y.s 			page 31


 292:Core/Src/main.c **** 
 336              		.loc 1 292 3 is_stmt 1 view .LVU97
 292:Core/Src/main.c **** 
 337              		.loc 1 292 27 is_stmt 0 view .LVU98
 338 000e 0093     		str	r3, [sp]
 339 0010 0193     		str	r3, [sp, #4]
 297:Core/Src/main.c ****   htim3.Init.Prescaler = 48000-1;
 340              		.loc 1 297 3 is_stmt 1 view .LVU99
 297:Core/Src/main.c ****   htim3.Init.Prescaler = 48000-1;
 341              		.loc 1 297 18 is_stmt 0 view .LVU100
 342 0012 1448     		ldr	r0, .L15
 343 0014 144A     		ldr	r2, .L15+4
 344 0016 0260     		str	r2, [r0]
 298:Core/Src/main.c ****   htim3.Init.CounterMode = TIM_COUNTERMODE_UP;
 345              		.loc 1 298 3 is_stmt 1 view .LVU101
 298:Core/Src/main.c ****   htim3.Init.CounterMode = TIM_COUNTERMODE_UP;
 346              		.loc 1 298 24 is_stmt 0 view .LVU102
 347 0018 4BF67F32 		movw	r2, #47999
 348 001c 4260     		str	r2, [r0, #4]
 299:Core/Src/main.c ****   htim3.Init.Period = 65536-1;
 349              		.loc 1 299 3 is_stmt 1 view .LVU103
 299:Core/Src/main.c ****   htim3.Init.Period = 65536-1;
 350              		.loc 1 299 26 is_stmt 0 view .LVU104
 351 001e 8360     		str	r3, [r0, #8]
 300:Core/Src/main.c ****   htim3.Init.ClockDivision = TIM_CLOCKDIVISION_DIV1;
 352              		.loc 1 300 3 is_stmt 1 view .LVU105
 300:Core/Src/main.c ****   htim3.Init.ClockDivision = TIM_CLOCKDIVISION_DIV1;
 353              		.loc 1 300 21 is_stmt 0 view .LVU106
 354 0020 4FF6FF72 		movw	r2, #65535
 355 0024 C260     		str	r2, [r0, #12]
 301:Core/Src/main.c ****   htim3.Init.AutoReloadPreload = TIM_AUTORELOAD_PRELOAD_DISABLE;
 356              		.loc 1 301 3 is_stmt 1 view .LVU107
 301:Core/Src/main.c ****   htim3.Init.AutoReloadPreload = TIM_AUTORELOAD_PRELOAD_DISABLE;
 357              		.loc 1 301 28 is_stmt 0 view .LVU108
 358 0026 0361     		str	r3, [r0, #16]
 302:Core/Src/main.c ****   if (HAL_TIM_Base_Init(&htim3) != HAL_OK)
 359              		.loc 1 302 3 is_stmt 1 view .LVU109
 302:Core/Src/main.c ****   if (HAL_TIM_Base_Init(&htim3) != HAL_OK)
 360              		.loc 1 302 32 is_stmt 0 view .LVU110
 361 0028 8361     		str	r3, [r0, #24]
 303:Core/Src/main.c ****   {
 362              		.loc 1 303 3 is_stmt 1 view .LVU111
 303:Core/Src/main.c ****   {
 363              		.loc 1 303 7 is_stmt 0 view .LVU112
 364 002a FFF7FEFF 		bl	HAL_TIM_Base_Init
 365              	.LVL9:
 303:Core/Src/main.c ****   {
 366              		.loc 1 303 6 discriminator 1 view .LVU113
 367 002e 90B9     		cbnz	r0, .L12
 307:Core/Src/main.c ****   if (HAL_TIM_ConfigClockSource(&htim3, &sClockSourceConfig) != HAL_OK)
 368              		.loc 1 307 3 is_stmt 1 view .LVU114
 307:Core/Src/main.c ****   if (HAL_TIM_ConfigClockSource(&htim3, &sClockSourceConfig) != HAL_OK)
 369              		.loc 1 307 34 is_stmt 0 view .LVU115
 370 0030 4FF48053 		mov	r3, #4096
 371 0034 0293     		str	r3, [sp, #8]
 308:Core/Src/main.c ****   {
 372              		.loc 1 308 3 is_stmt 1 view .LVU116
ARM GAS  C:\Users\pablo\AppData\Local\Temp\ccRGFa1Y.s 			page 32


 308:Core/Src/main.c ****   {
 373              		.loc 1 308 7 is_stmt 0 view .LVU117
 374 0036 02A9     		add	r1, sp, #8
 375 0038 0A48     		ldr	r0, .L15
 376 003a FFF7FEFF 		bl	HAL_TIM_ConfigClockSource
 377              	.LVL10:
 308:Core/Src/main.c ****   {
 378              		.loc 1 308 6 discriminator 1 view .LVU118
 379 003e 60B9     		cbnz	r0, .L13
 312:Core/Src/main.c ****   sMasterConfig.MasterSlaveMode = TIM_MASTERSLAVEMODE_DISABLE;
 380              		.loc 1 312 3 is_stmt 1 view .LVU119
 312:Core/Src/main.c ****   sMasterConfig.MasterSlaveMode = TIM_MASTERSLAVEMODE_DISABLE;
 381              		.loc 1 312 37 is_stmt 0 view .LVU120
 382 0040 0023     		movs	r3, #0
 383 0042 0093     		str	r3, [sp]
 313:Core/Src/main.c ****   if (HAL_TIMEx_MasterConfigSynchronization(&htim3, &sMasterConfig) != HAL_OK)
 384              		.loc 1 313 3 is_stmt 1 view .LVU121
 313:Core/Src/main.c ****   if (HAL_TIMEx_MasterConfigSynchronization(&htim3, &sMasterConfig) != HAL_OK)
 385              		.loc 1 313 33 is_stmt 0 view .LVU122
 386 0044 0193     		str	r3, [sp, #4]
 314:Core/Src/main.c ****   {
 387              		.loc 1 314 3 is_stmt 1 view .LVU123
 314:Core/Src/main.c ****   {
 388              		.loc 1 314 7 is_stmt 0 view .LVU124
 389 0046 6946     		mov	r1, sp
 390 0048 0648     		ldr	r0, .L15
 391 004a FFF7FEFF 		bl	HAL_TIMEx_MasterConfigSynchronization
 392              	.LVL11:
 314:Core/Src/main.c ****   {
 393              		.loc 1 314 6 discriminator 1 view .LVU125
 394 004e 30B9     		cbnz	r0, .L14
 322:Core/Src/main.c **** 
 395              		.loc 1 322 1 view .LVU126
 396 0050 07B0     		add	sp, sp, #28
 397              	.LCFI5:
 398              		.cfi_remember_state
 399              		.cfi_def_cfa_offset 4
 400              		@ sp needed
 401 0052 5DF804FB 		ldr	pc, [sp], #4
 402              	.L12:
 403              	.LCFI6:
 404              		.cfi_restore_state
 305:Core/Src/main.c ****   }
 405              		.loc 1 305 5 is_stmt 1 view .LVU127
 406 0056 FFF7FEFF 		bl	Error_Handler
 407              	.LVL12:
 408              	.L13:
 310:Core/Src/main.c ****   }
 409              		.loc 1 310 5 view .LVU128
 410 005a FFF7FEFF 		bl	Error_Handler
 411              	.LVL13:
 412              	.L14:
 316:Core/Src/main.c ****   }
 413              		.loc 1 316 5 view .LVU129
 414 005e FFF7FEFF 		bl	Error_Handler
 415              	.LVL14:
 416              	.L16:
ARM GAS  C:\Users\pablo\AppData\Local\Temp\ccRGFa1Y.s 			page 33


 417 0062 00BF     		.align	2
 418              	.L15:
 419 0064 00000000 		.word	htim3
 420 0068 00040040 		.word	1073742848
 421              		.cfi_endproc
 422              	.LFE136:
 424              		.section	.text.SystemClock_Config,"ax",%progbits
 425              		.align	1
 426              		.global	SystemClock_Config
 427              		.syntax unified
 428              		.thumb
 429              		.thumb_func
 431              	SystemClock_Config:
 432              	.LFB135:
 238:Core/Src/main.c ****   RCC_OscInitTypeDef RCC_OscInitStruct = {0};
 433              		.loc 1 238 1 view -0
 434              		.cfi_startproc
 435              		@ args = 0, pretend = 0, frame = 80
 436              		@ frame_needed = 0, uses_anonymous_args = 0
 437 0000 10B5     		push	{r4, lr}
 438              	.LCFI7:
 439              		.cfi_def_cfa_offset 8
 440              		.cfi_offset 4, -8
 441              		.cfi_offset 14, -4
 442 0002 94B0     		sub	sp, sp, #80
 443              	.LCFI8:
 444              		.cfi_def_cfa_offset 88
 239:Core/Src/main.c ****   RCC_ClkInitTypeDef RCC_ClkInitStruct = {0};
 445              		.loc 1 239 3 view .LVU131
 239:Core/Src/main.c ****   RCC_ClkInitTypeDef RCC_ClkInitStruct = {0};
 446              		.loc 1 239 22 is_stmt 0 view .LVU132
 447 0004 08AC     		add	r4, sp, #32
 448 0006 3022     		movs	r2, #48
 449 0008 0021     		movs	r1, #0
 450 000a 2046     		mov	r0, r4
 451 000c FFF7FEFF 		bl	memset
 452              	.LVL15:
 240:Core/Src/main.c **** 
 453              		.loc 1 240 3 is_stmt 1 view .LVU133
 240:Core/Src/main.c **** 
 454              		.loc 1 240 22 is_stmt 0 view .LVU134
 455 0010 0023     		movs	r3, #0
 456 0012 0393     		str	r3, [sp, #12]
 457 0014 0493     		str	r3, [sp, #16]
 458 0016 0593     		str	r3, [sp, #20]
 459 0018 0693     		str	r3, [sp, #24]
 460 001a 0793     		str	r3, [sp, #28]
 244:Core/Src/main.c ****   __HAL_PWR_VOLTAGESCALING_CONFIG(PWR_REGULATOR_VOLTAGE_SCALE1);
 461              		.loc 1 244 3 is_stmt 1 view .LVU135
 462              	.LBB10:
 244:Core/Src/main.c ****   __HAL_PWR_VOLTAGESCALING_CONFIG(PWR_REGULATOR_VOLTAGE_SCALE1);
 463              		.loc 1 244 3 view .LVU136
 464 001c 0193     		str	r3, [sp, #4]
 244:Core/Src/main.c ****   __HAL_PWR_VOLTAGESCALING_CONFIG(PWR_REGULATOR_VOLTAGE_SCALE1);
 465              		.loc 1 244 3 view .LVU137
 466 001e 1E4A     		ldr	r2, .L23
 467 0020 116C     		ldr	r1, [r2, #64]
ARM GAS  C:\Users\pablo\AppData\Local\Temp\ccRGFa1Y.s 			page 34


 468 0022 41F08051 		orr	r1, r1, #268435456
 469 0026 1164     		str	r1, [r2, #64]
 244:Core/Src/main.c ****   __HAL_PWR_VOLTAGESCALING_CONFIG(PWR_REGULATOR_VOLTAGE_SCALE1);
 470              		.loc 1 244 3 view .LVU138
 471 0028 126C     		ldr	r2, [r2, #64]
 472 002a 02F08052 		and	r2, r2, #268435456
 473 002e 0192     		str	r2, [sp, #4]
 244:Core/Src/main.c ****   __HAL_PWR_VOLTAGESCALING_CONFIG(PWR_REGULATOR_VOLTAGE_SCALE1);
 474              		.loc 1 244 3 view .LVU139
 475 0030 019A     		ldr	r2, [sp, #4]
 476              	.LBE10:
 244:Core/Src/main.c ****   __HAL_PWR_VOLTAGESCALING_CONFIG(PWR_REGULATOR_VOLTAGE_SCALE1);
 477              		.loc 1 244 3 view .LVU140
 245:Core/Src/main.c **** 
 478              		.loc 1 245 3 view .LVU141
 479              	.LBB11:
 245:Core/Src/main.c **** 
 480              		.loc 1 245 3 view .LVU142
 481 0032 0293     		str	r3, [sp, #8]
 245:Core/Src/main.c **** 
 482              		.loc 1 245 3 view .LVU143
 483 0034 194A     		ldr	r2, .L23+4
 484 0036 1168     		ldr	r1, [r2]
 485 0038 41F44041 		orr	r1, r1, #49152
 486 003c 1160     		str	r1, [r2]
 245:Core/Src/main.c **** 
 487              		.loc 1 245 3 view .LVU144
 488 003e 1268     		ldr	r2, [r2]
 489 0040 02F44042 		and	r2, r2, #49152
 490 0044 0292     		str	r2, [sp, #8]
 245:Core/Src/main.c **** 
 491              		.loc 1 245 3 view .LVU145
 492 0046 029A     		ldr	r2, [sp, #8]
 493              	.LBE11:
 245:Core/Src/main.c **** 
 494              		.loc 1 245 3 view .LVU146
 250:Core/Src/main.c ****   RCC_OscInitStruct.HSIState = RCC_HSI_ON;
 495              		.loc 1 250 3 view .LVU147
 250:Core/Src/main.c ****   RCC_OscInitStruct.HSIState = RCC_HSI_ON;
 496              		.loc 1 250 36 is_stmt 0 view .LVU148
 497 0048 0222     		movs	r2, #2
 498 004a 0892     		str	r2, [sp, #32]
 251:Core/Src/main.c ****   RCC_OscInitStruct.HSICalibrationValue = RCC_HSICALIBRATION_DEFAULT;
 499              		.loc 1 251 3 is_stmt 1 view .LVU149
 251:Core/Src/main.c ****   RCC_OscInitStruct.HSICalibrationValue = RCC_HSICALIBRATION_DEFAULT;
 500              		.loc 1 251 30 is_stmt 0 view .LVU150
 501 004c 0121     		movs	r1, #1
 502 004e 0B91     		str	r1, [sp, #44]
 252:Core/Src/main.c ****   RCC_OscInitStruct.PLL.PLLState = RCC_PLL_ON;
 503              		.loc 1 252 3 is_stmt 1 view .LVU151
 252:Core/Src/main.c ****   RCC_OscInitStruct.PLL.PLLState = RCC_PLL_ON;
 504              		.loc 1 252 41 is_stmt 0 view .LVU152
 505 0050 1021     		movs	r1, #16
 506 0052 0C91     		str	r1, [sp, #48]
 253:Core/Src/main.c ****   RCC_OscInitStruct.PLL.PLLSource = RCC_PLLSOURCE_HSI;
 507              		.loc 1 253 3 is_stmt 1 view .LVU153
 253:Core/Src/main.c ****   RCC_OscInitStruct.PLL.PLLSource = RCC_PLLSOURCE_HSI;
ARM GAS  C:\Users\pablo\AppData\Local\Temp\ccRGFa1Y.s 			page 35


 508              		.loc 1 253 34 is_stmt 0 view .LVU154
 509 0054 0E92     		str	r2, [sp, #56]
 254:Core/Src/main.c ****   RCC_OscInitStruct.PLL.PLLM = 8;
 510              		.loc 1 254 3 is_stmt 1 view .LVU155
 254:Core/Src/main.c ****   RCC_OscInitStruct.PLL.PLLM = 8;
 511              		.loc 1 254 35 is_stmt 0 view .LVU156
 512 0056 0F93     		str	r3, [sp, #60]
 255:Core/Src/main.c ****   RCC_OscInitStruct.PLL.PLLN = 96;
 513              		.loc 1 255 3 is_stmt 1 view .LVU157
 255:Core/Src/main.c ****   RCC_OscInitStruct.PLL.PLLN = 96;
 514              		.loc 1 255 30 is_stmt 0 view .LVU158
 515 0058 0823     		movs	r3, #8
 516 005a 1093     		str	r3, [sp, #64]
 256:Core/Src/main.c ****   RCC_OscInitStruct.PLL.PLLP = RCC_PLLP_DIV2;
 517              		.loc 1 256 3 is_stmt 1 view .LVU159
 256:Core/Src/main.c ****   RCC_OscInitStruct.PLL.PLLP = RCC_PLLP_DIV2;
 518              		.loc 1 256 30 is_stmt 0 view .LVU160
 519 005c 6023     		movs	r3, #96
 520 005e 1193     		str	r3, [sp, #68]
 257:Core/Src/main.c ****   RCC_OscInitStruct.PLL.PLLQ = 4;
 521              		.loc 1 257 3 is_stmt 1 view .LVU161
 257:Core/Src/main.c ****   RCC_OscInitStruct.PLL.PLLQ = 4;
 522              		.loc 1 257 30 is_stmt 0 view .LVU162
 523 0060 1292     		str	r2, [sp, #72]
 258:Core/Src/main.c ****   if (HAL_RCC_OscConfig(&RCC_OscInitStruct) != HAL_OK)
 524              		.loc 1 258 3 is_stmt 1 view .LVU163
 258:Core/Src/main.c ****   if (HAL_RCC_OscConfig(&RCC_OscInitStruct) != HAL_OK)
 525              		.loc 1 258 30 is_stmt 0 view .LVU164
 526 0062 0423     		movs	r3, #4
 527 0064 1393     		str	r3, [sp, #76]
 259:Core/Src/main.c ****   {
 528              		.loc 1 259 3 is_stmt 1 view .LVU165
 259:Core/Src/main.c ****   {
 529              		.loc 1 259 7 is_stmt 0 view .LVU166
 530 0066 2046     		mov	r0, r4
 531 0068 FFF7FEFF 		bl	HAL_RCC_OscConfig
 532              	.LVL16:
 259:Core/Src/main.c ****   {
 533              		.loc 1 259 6 discriminator 1 view .LVU167
 534 006c 78B9     		cbnz	r0, .L21
 266:Core/Src/main.c ****                               |RCC_CLOCKTYPE_PCLK1|RCC_CLOCKTYPE_PCLK2;
 535              		.loc 1 266 3 is_stmt 1 view .LVU168
 266:Core/Src/main.c ****                               |RCC_CLOCKTYPE_PCLK1|RCC_CLOCKTYPE_PCLK2;
 536              		.loc 1 266 31 is_stmt 0 view .LVU169
 537 006e 0F23     		movs	r3, #15
 538 0070 0393     		str	r3, [sp, #12]
 268:Core/Src/main.c ****   RCC_ClkInitStruct.AHBCLKDivider = RCC_SYSCLK_DIV2;
 539              		.loc 1 268 3 is_stmt 1 view .LVU170
 268:Core/Src/main.c ****   RCC_ClkInitStruct.AHBCLKDivider = RCC_SYSCLK_DIV2;
 540              		.loc 1 268 34 is_stmt 0 view .LVU171
 541 0072 0223     		movs	r3, #2
 542 0074 0493     		str	r3, [sp, #16]
 269:Core/Src/main.c ****   RCC_ClkInitStruct.APB1CLKDivider = RCC_HCLK_DIV1;
 543              		.loc 1 269 3 is_stmt 1 view .LVU172
 269:Core/Src/main.c ****   RCC_ClkInitStruct.APB1CLKDivider = RCC_HCLK_DIV1;
 544              		.loc 1 269 35 is_stmt 0 view .LVU173
 545 0076 8023     		movs	r3, #128
ARM GAS  C:\Users\pablo\AppData\Local\Temp\ccRGFa1Y.s 			page 36


 546 0078 0593     		str	r3, [sp, #20]
 270:Core/Src/main.c ****   RCC_ClkInitStruct.APB2CLKDivider = RCC_HCLK_DIV1;
 547              		.loc 1 270 3 is_stmt 1 view .LVU174
 270:Core/Src/main.c ****   RCC_ClkInitStruct.APB2CLKDivider = RCC_HCLK_DIV1;
 548              		.loc 1 270 36 is_stmt 0 view .LVU175
 549 007a 0023     		movs	r3, #0
 550 007c 0693     		str	r3, [sp, #24]
 271:Core/Src/main.c **** 
 551              		.loc 1 271 3 is_stmt 1 view .LVU176
 271:Core/Src/main.c **** 
 552              		.loc 1 271 36 is_stmt 0 view .LVU177
 553 007e 0793     		str	r3, [sp, #28]
 273:Core/Src/main.c ****   {
 554              		.loc 1 273 3 is_stmt 1 view .LVU178
 273:Core/Src/main.c ****   {
 555              		.loc 1 273 7 is_stmt 0 view .LVU179
 556 0080 0121     		movs	r1, #1
 557 0082 03A8     		add	r0, sp, #12
 558 0084 FFF7FEFF 		bl	HAL_RCC_ClockConfig
 559              	.LVL17:
 273:Core/Src/main.c ****   {
 560              		.loc 1 273 6 discriminator 1 view .LVU180
 561 0088 18B9     		cbnz	r0, .L22
 277:Core/Src/main.c **** 
 562              		.loc 1 277 1 view .LVU181
 563 008a 14B0     		add	sp, sp, #80
 564              	.LCFI9:
 565              		.cfi_remember_state
 566              		.cfi_def_cfa_offset 8
 567              		@ sp needed
 568 008c 10BD     		pop	{r4, pc}
 569              	.L21:
 570              	.LCFI10:
 571              		.cfi_restore_state
 261:Core/Src/main.c ****   }
 572              		.loc 1 261 5 is_stmt 1 view .LVU182
 573 008e FFF7FEFF 		bl	Error_Handler
 574              	.LVL18:
 575              	.L22:
 275:Core/Src/main.c ****   }
 576              		.loc 1 275 5 view .LVU183
 577 0092 FFF7FEFF 		bl	Error_Handler
 578              	.LVL19:
 579              	.L24:
 580 0096 00BF     		.align	2
 581              	.L23:
 582 0098 00380240 		.word	1073887232
 583 009c 00700040 		.word	1073770496
 584              		.cfi_endproc
 585              	.LFE135:
 587              		.section	.text.main,"ax",%progbits
 588              		.align	1
 589              		.global	main
 590              		.syntax unified
 591              		.thumb
 592              		.thumb_func
 594              	main:
ARM GAS  C:\Users\pablo\AppData\Local\Temp\ccRGFa1Y.s 			page 37


 595              	.LFB134:
  67:Core/Src/main.c **** 
 596              		.loc 1 67 1 view -0
 597              		.cfi_startproc
 598              		@ args = 0, pretend = 0, frame = 0
 599              		@ frame_needed = 0, uses_anonymous_args = 0
 600 0000 F8B5     		push	{r3, r4, r5, r6, r7, lr}
 601              	.LCFI11:
 602              		.cfi_def_cfa_offset 24
 603              		.cfi_offset 3, -24
 604              		.cfi_offset 4, -20
 605              		.cfi_offset 5, -16
 606              		.cfi_offset 6, -12
 607              		.cfi_offset 7, -8
 608              		.cfi_offset 14, -4
  76:Core/Src/main.c **** 
 609              		.loc 1 76 3 view .LVU185
 610 0002 FFF7FEFF 		bl	HAL_Init
 611              	.LVL20:
  83:Core/Src/main.c **** 
 612              		.loc 1 83 3 view .LVU186
 613 0006 FFF7FEFF 		bl	SystemClock_Config
 614              	.LVL21:
  90:Core/Src/main.c ****   MX_TIM3_Init();
 615              		.loc 1 90 3 view .LVU187
 616 000a FFF7FEFF 		bl	MX_GPIO_Init
 617              	.LVL22:
  91:Core/Src/main.c ****   /* USER CODE BEGIN 2 */
 618              		.loc 1 91 3 view .LVU188
 619 000e FFF7FEFF 		bl	MX_TIM3_Init
 620              	.LVL23:
  93:Core/Src/main.c ****   uint16_t last_5s_toggle_time = 0; // Variable to store the last toggle time for LED_1 and LED_2
 621              		.loc 1 93 3 view .LVU189
  94:Core/Src/main.c ****   uint16_t last_10s_toggle_time = 0; // Variable to store the last toggle time for LED_1, LED_2, an
 622              		.loc 1 94 3 view .LVU190
  95:Core/Src/main.c **** 
 623              		.loc 1 95 3 view .LVU191
  97:Core/Src/main.c ****   /* USER CODE END 2 */
 624              		.loc 1 97 3 view .LVU192
 625 0012 2948     		ldr	r0, .L33
 626 0014 FFF7FEFF 		bl	HAL_TIM_Base_Start
 627              	.LVL24:
  95:Core/Src/main.c **** 
 628              		.loc 1 95 12 is_stmt 0 view .LVU193
 629 0018 0025     		movs	r5, #0
  94:Core/Src/main.c ****   uint16_t last_10s_toggle_time = 0; // Variable to store the last toggle time for LED_1, LED_2, an
 630              		.loc 1 94 12 view .LVU194
 631 001a 2F46     		mov	r7, r5
  93:Core/Src/main.c ****   uint16_t last_5s_toggle_time = 0; // Variable to store the last toggle time for LED_1 and LED_2
 632              		.loc 1 93 12 view .LVU195
 633 001c 2E46     		mov	r6, r5
 634 001e 0DE0     		b	.L26
 635              	.LVL25:
 636              	.L27:
 637              	.LBB12:
 123:Core/Src/main.c ****     {
 638              		.loc 1 123 5 is_stmt 1 view .LVU196
ARM GAS  C:\Users\pablo\AppData\Local\Temp\ccRGFa1Y.s 			page 38


 123:Core/Src/main.c ****     {
 639              		.loc 1 123 9 is_stmt 0 view .LVU197
 640 0020 4FF48051 		mov	r1, #4096
 641 0024 2548     		ldr	r0, .L33+4
 642 0026 FFF7FEFF 		bl	HAL_GPIO_ReadPin
 643              	.LVL26:
 123:Core/Src/main.c ****     {
 644              		.loc 1 123 8 discriminator 1 view .LVU198
 645 002a 0128     		cmp	r0, #1
 646 002c 1CD0     		beq	.L31
 647              	.LVL27:
 648              	.L28:
 135:Core/Src/main.c ****     {
 649              		.loc 1 135 5 is_stmt 1 view .LVU199
 135:Core/Src/main.c ****     {
 650              		.loc 1 135 9 is_stmt 0 view .LVU200
 651 002e 4FF48071 		mov	r1, #256
 652 0032 2248     		ldr	r0, .L33+4
 653 0034 FFF7FEFF 		bl	HAL_GPIO_ReadPin
 654              	.LVL28:
 135:Core/Src/main.c ****     {
 655              		.loc 1 135 8 discriminator 1 view .LVU201
 656 0038 0128     		cmp	r0, #1
 657 003a 26D0     		beq	.L32
 658              	.LVL29:
 659              	.L26:
 135:Core/Src/main.c ****     {
 660              		.loc 1 135 8 discriminator 1 view .LVU202
 661              	.LBE12:
 102:Core/Src/main.c ****   {
 662              		.loc 1 102 3 is_stmt 1 view .LVU203
 663              	.LBB13:
 107:Core/Src/main.c **** 
 664              		.loc 1 107 5 view .LVU204
 107:Core/Src/main.c **** 
 665              		.loc 1 107 29 is_stmt 0 view .LVU205
 666 003c 1E4B     		ldr	r3, .L33
 667 003e 1B68     		ldr	r3, [r3]
 668 0040 5C6A     		ldr	r4, [r3, #36]
 107:Core/Src/main.c **** 
 669              		.loc 1 107 14 view .LVU206
 670 0042 A4B2     		uxth	r4, r4
 671              	.LVL30:
 112:Core/Src/main.c ****     {
 672              		.loc 1 112 5 is_stmt 1 view .LVU207
 112:Core/Src/main.c ****     {
 673              		.loc 1 112 9 is_stmt 0 view .LVU208
 674 0044 4FF48071 		mov	r1, #256
 675 0048 1D48     		ldr	r0, .L33+8
 676 004a FFF7FEFF 		bl	HAL_GPIO_ReadPin
 677              	.LVL31:
 112:Core/Src/main.c ****     {
 678              		.loc 1 112 8 discriminator 1 view .LVU209
 679 004e 0128     		cmp	r0, #1
 680 0050 E6D1     		bne	.L27
 115:Core/Src/main.c ****       {
 681              		.loc 1 115 7 is_stmt 1 view .LVU210
ARM GAS  C:\Users\pablo\AppData\Local\Temp\ccRGFa1Y.s 			page 39


 115:Core/Src/main.c ****       {
 682              		.loc 1 115 11 is_stmt 0 view .LVU211
 683 0052 A31B     		subs	r3, r4, r6
 684 0054 9BB2     		uxth	r3, r3
 115:Core/Src/main.c ****       {
 685              		.loc 1 115 10 view .LVU212
 686 0056 B3F57A7F 		cmp	r3, #1000
 687 005a E1D3     		bcc	.L27
 117:Core/Src/main.c ****         last_1s_toggle_time = current_time; // Update the last toggle time for LED_1
 688              		.loc 1 117 9 is_stmt 1 view .LVU213
 689 005c 8021     		movs	r1, #128
 690 005e 1948     		ldr	r0, .L33+12
 691 0060 FFF7FEFF 		bl	HAL_GPIO_TogglePin
 692              	.LVL32:
 118:Core/Src/main.c ****       }
 693              		.loc 1 118 9 view .LVU214
 118:Core/Src/main.c ****       }
 694              		.loc 1 118 29 is_stmt 0 view .LVU215
 695 0064 2646     		mov	r6, r4
 696 0066 DBE7     		b	.L27
 697              	.LVL33:
 698              	.L31:
 126:Core/Src/main.c ****       {
 699              		.loc 1 126 7 is_stmt 1 view .LVU216
 126:Core/Src/main.c ****       {
 700              		.loc 1 126 11 is_stmt 0 view .LVU217
 701 0068 E31B     		subs	r3, r4, r7
 702 006a 9BB2     		uxth	r3, r3
 126:Core/Src/main.c ****       {
 703              		.loc 1 126 10 view .LVU218
 704 006c 41F28732 		movw	r2, #4999
 705 0070 9342     		cmp	r3, r2
 706 0072 DCD9     		bls	.L28
 128:Core/Src/main.c ****         HAL_GPIO_TogglePin(LED_2_GPIO_Port, LED_2_Pin); // Toggle LED_2 state
 707              		.loc 1 128 9 is_stmt 1 view .LVU219
 708 0074 8021     		movs	r1, #128
 709 0076 1348     		ldr	r0, .L33+12
 710 0078 FFF7FEFF 		bl	HAL_GPIO_TogglePin
 711              	.LVL34:
 129:Core/Src/main.c ****         last_5s_toggle_time = current_time; // Update the last toggle time for LED_1 and LED_2
 712              		.loc 1 129 9 view .LVU220
 713 007c 4FF40061 		mov	r1, #2048
 714 0080 0F48     		ldr	r0, .L33+8
 715 0082 FFF7FEFF 		bl	HAL_GPIO_TogglePin
 716              	.LVL35:
 130:Core/Src/main.c ****       }
 717              		.loc 1 130 9 view .LVU221
 130:Core/Src/main.c ****       }
 718              		.loc 1 130 29 is_stmt 0 view .LVU222
 719 0086 2746     		mov	r7, r4
 720 0088 D1E7     		b	.L28
 721              	.LVL36:
 722              	.L32:
 138:Core/Src/main.c ****       {
 723              		.loc 1 138 7 is_stmt 1 view .LVU223
 138:Core/Src/main.c ****       {
 724              		.loc 1 138 11 is_stmt 0 view .LVU224
ARM GAS  C:\Users\pablo\AppData\Local\Temp\ccRGFa1Y.s 			page 40


 725 008a 631B     		subs	r3, r4, r5
 726 008c 9BB2     		uxth	r3, r3
 138:Core/Src/main.c ****       {
 727              		.loc 1 138 10 view .LVU225
 728 008e 42F20F72 		movw	r2, #9999
 729 0092 9342     		cmp	r3, r2
 730 0094 D2D9     		bls	.L26
 140:Core/Src/main.c ****         HAL_GPIO_TogglePin(LED_2_GPIO_Port, LED_2_Pin); // Toggle LED_2 state
 731              		.loc 1 140 9 is_stmt 1 view .LVU226
 732 0096 0B4D     		ldr	r5, .L33+12
 733              	.LVL37:
 140:Core/Src/main.c ****         HAL_GPIO_TogglePin(LED_2_GPIO_Port, LED_2_Pin); // Toggle LED_2 state
 734              		.loc 1 140 9 is_stmt 0 view .LVU227
 735 0098 8021     		movs	r1, #128
 736 009a 2846     		mov	r0, r5
 737 009c FFF7FEFF 		bl	HAL_GPIO_TogglePin
 738              	.LVL38:
 141:Core/Src/main.c ****         HAL_GPIO_TogglePin(LED_3_GPIO_Port, LED_3_Pin); // Toggle LED_3 state
 739              		.loc 1 141 9 is_stmt 1 view .LVU228
 740 00a0 4FF40061 		mov	r1, #2048
 741 00a4 0648     		ldr	r0, .L33+8
 742 00a6 FFF7FEFF 		bl	HAL_GPIO_TogglePin
 743              	.LVL39:
 142:Core/Src/main.c ****         last_10s_toggle_time = current_time; // Update the last toggle time for LED_1, LED_2, and L
 744              		.loc 1 142 9 view .LVU229
 745 00aa 4021     		movs	r1, #64
 746 00ac 2846     		mov	r0, r5
 747 00ae FFF7FEFF 		bl	HAL_GPIO_TogglePin
 748              	.LVL40:
 143:Core/Src/main.c ****       }
 749              		.loc 1 143 9 view .LVU230
 143:Core/Src/main.c ****       }
 750              		.loc 1 143 30 is_stmt 0 view .LVU231
 751 00b2 2546     		mov	r5, r4
 752 00b4 C2E7     		b	.L26
 753              	.L34:
 754 00b6 00BF     		.align	2
 755              	.L33:
 756 00b8 00000000 		.word	htim3
 757 00bc 00040240 		.word	1073873920
 758 00c0 00000240 		.word	1073872896
 759 00c4 00080240 		.word	1073874944
 760              	.LBE13:
 761              		.cfi_endproc
 762              	.LFE134:
 764              		.global	htim3
 765              		.section	.bss.htim3,"aw",%nobits
 766              		.align	2
 769              	htim3:
 770 0000 00000000 		.space	72
 770      00000000 
 770      00000000 
 770      00000000 
 770      00000000 
 771              		.text
 772              	.Letext0:
 773              		.file 3 "C:/Program Files (x86)/Arm GNU Toolchain arm-none-eabi/14.2 rel1/arm-none-eabi/include/ma
ARM GAS  C:\Users\pablo\AppData\Local\Temp\ccRGFa1Y.s 			page 41


 774              		.file 4 "C:/Program Files (x86)/Arm GNU Toolchain arm-none-eabi/14.2 rel1/arm-none-eabi/include/sy
 775              		.file 5 "Drivers/CMSIS/Device/ST/STM32F4xx/Include/stm32f411xe.h"
 776              		.file 6 "Drivers/STM32F4xx_HAL_Driver/Inc/stm32f4xx_hal_def.h"
 777              		.file 7 "Drivers/STM32F4xx_HAL_Driver/Inc/stm32f4xx_hal_rcc_ex.h"
 778              		.file 8 "Drivers/STM32F4xx_HAL_Driver/Inc/stm32f4xx_hal_rcc.h"
 779              		.file 9 "Drivers/STM32F4xx_HAL_Driver/Inc/stm32f4xx_hal_gpio.h"
 780              		.file 10 "Drivers/STM32F4xx_HAL_Driver/Inc/stm32f4xx_hal_dma.h"
 781              		.file 11 "Drivers/STM32F4xx_HAL_Driver/Inc/stm32f4xx_hal_tim.h"
 782              		.file 12 "Drivers/STM32F4xx_HAL_Driver/Inc/stm32f4xx_hal_tim_ex.h"
 783              		.file 13 "Drivers/STM32F4xx_HAL_Driver/Inc/stm32f4xx_hal.h"
 784              		.file 14 "<built-in>"
ARM GAS  C:\Users\pablo\AppData\Local\Temp\ccRGFa1Y.s 			page 42


DEFINED SYMBOLS
                            *ABS*:00000000 main.c
C:\Users\pablo\AppData\Local\Temp\ccRGFa1Y.s:21     .text.MX_GPIO_Init:00000000 $t
C:\Users\pablo\AppData\Local\Temp\ccRGFa1Y.s:26     .text.MX_GPIO_Init:00000000 MX_GPIO_Init
C:\Users\pablo\AppData\Local\Temp\ccRGFa1Y.s:265    .text.MX_GPIO_Init:00000120 $d
C:\Users\pablo\AppData\Local\Temp\ccRGFa1Y.s:273    .text.Error_Handler:00000000 $t
C:\Users\pablo\AppData\Local\Temp\ccRGFa1Y.s:279    .text.Error_Handler:00000000 Error_Handler
C:\Users\pablo\AppData\Local\Temp\ccRGFa1Y.s:311    .text.MX_TIM3_Init:00000000 $t
C:\Users\pablo\AppData\Local\Temp\ccRGFa1Y.s:316    .text.MX_TIM3_Init:00000000 MX_TIM3_Init
C:\Users\pablo\AppData\Local\Temp\ccRGFa1Y.s:419    .text.MX_TIM3_Init:00000064 $d
C:\Users\pablo\AppData\Local\Temp\ccRGFa1Y.s:769    .bss.htim3:00000000 htim3
C:\Users\pablo\AppData\Local\Temp\ccRGFa1Y.s:425    .text.SystemClock_Config:00000000 $t
C:\Users\pablo\AppData\Local\Temp\ccRGFa1Y.s:431    .text.SystemClock_Config:00000000 SystemClock_Config
C:\Users\pablo\AppData\Local\Temp\ccRGFa1Y.s:582    .text.SystemClock_Config:00000098 $d
C:\Users\pablo\AppData\Local\Temp\ccRGFa1Y.s:588    .text.main:00000000 $t
C:\Users\pablo\AppData\Local\Temp\ccRGFa1Y.s:594    .text.main:00000000 main
C:\Users\pablo\AppData\Local\Temp\ccRGFa1Y.s:756    .text.main:000000b8 $d
C:\Users\pablo\AppData\Local\Temp\ccRGFa1Y.s:766    .bss.htim3:00000000 $d

UNDEFINED SYMBOLS
HAL_GPIO_WritePin
HAL_GPIO_Init
HAL_TIM_Base_Init
HAL_TIM_ConfigClockSource
HAL_TIMEx_MasterConfigSynchronization
memset
HAL_RCC_OscConfig
HAL_RCC_ClockConfig
HAL_Init
HAL_TIM_Base_Start
HAL_GPIO_ReadPin
HAL_GPIO_TogglePin
