ARM GAS  C:\Users\pablo\AppData\Local\Temp\ccRGdM61.s 			page 1


   1              		.cpu cortex-m4
   2              		.arch armv7e-m
   3              		.fpu fpv4-sp-d16
   4              		.eabi_attribute 27, 1
   5              		.eabi_attribute 28, 1
   6              		.eabi_attribute 20, 1
   7              		.eabi_attribute 21, 1
   8              		.eabi_attribute 23, 3
   9              		.eabi_attribute 24, 1
  10              		.eabi_attribute 25, 1
  11              		.eabi_attribute 26, 1
  12              		.eabi_attribute 30, 1
  13              		.eabi_attribute 34, 1
  14              		.eabi_attribute 18, 4
  15              		.file	"stm32f4xx_hal_tim_ex.c"
  16              		.text
  17              	.Ltext0:
  18              		.cfi_sections	.debug_frame
  19              		.file 1 "Drivers/STM32F4xx_HAL_Driver/Src/stm32f4xx_hal_tim_ex.c"
  20              		.section	.text.TIM_CCxNChannelCmd,"ax",%progbits
  21              		.align	1
  22              		.syntax unified
  23              		.thumb
  24              		.thumb_func
  26              	TIM_CCxNChannelCmd:
  27              	.LVL0:
  28              	.LFB175:
   1:Drivers/STM32F4xx_HAL_Driver/Src/stm32f4xx_hal_tim_ex.c **** /**
   2:Drivers/STM32F4xx_HAL_Driver/Src/stm32f4xx_hal_tim_ex.c ****   ******************************************************************************
   3:Drivers/STM32F4xx_HAL_Driver/Src/stm32f4xx_hal_tim_ex.c ****   * @file    stm32f4xx_hal_tim_ex.c
   4:Drivers/STM32F4xx_HAL_Driver/Src/stm32f4xx_hal_tim_ex.c ****   * @author  MCD Application Team
   5:Drivers/STM32F4xx_HAL_Driver/Src/stm32f4xx_hal_tim_ex.c ****   * @brief   TIM HAL module driver.
   6:Drivers/STM32F4xx_HAL_Driver/Src/stm32f4xx_hal_tim_ex.c ****   *          This file provides firmware functions to manage the following
   7:Drivers/STM32F4xx_HAL_Driver/Src/stm32f4xx_hal_tim_ex.c ****   *          functionalities of the Timer Extended peripheral:
   8:Drivers/STM32F4xx_HAL_Driver/Src/stm32f4xx_hal_tim_ex.c ****   *           + Time Hall Sensor Interface Initialization
   9:Drivers/STM32F4xx_HAL_Driver/Src/stm32f4xx_hal_tim_ex.c ****   *           + Time Hall Sensor Interface Start
  10:Drivers/STM32F4xx_HAL_Driver/Src/stm32f4xx_hal_tim_ex.c ****   *           + Time Complementary signal break and dead time configuration
  11:Drivers/STM32F4xx_HAL_Driver/Src/stm32f4xx_hal_tim_ex.c ****   *           + Time Master and Slave synchronization configuration
  12:Drivers/STM32F4xx_HAL_Driver/Src/stm32f4xx_hal_tim_ex.c ****   *           + Timer remapping capabilities configuration
  13:Drivers/STM32F4xx_HAL_Driver/Src/stm32f4xx_hal_tim_ex.c ****   ******************************************************************************
  14:Drivers/STM32F4xx_HAL_Driver/Src/stm32f4xx_hal_tim_ex.c ****   * @attention
  15:Drivers/STM32F4xx_HAL_Driver/Src/stm32f4xx_hal_tim_ex.c ****   *
  16:Drivers/STM32F4xx_HAL_Driver/Src/stm32f4xx_hal_tim_ex.c ****   * Copyright (c) 2016 STMicroelectronics.
  17:Drivers/STM32F4xx_HAL_Driver/Src/stm32f4xx_hal_tim_ex.c ****   * All rights reserved.
  18:Drivers/STM32F4xx_HAL_Driver/Src/stm32f4xx_hal_tim_ex.c ****   *
  19:Drivers/STM32F4xx_HAL_Driver/Src/stm32f4xx_hal_tim_ex.c ****   * This software is licensed under terms that can be found in the LICENSE file
  20:Drivers/STM32F4xx_HAL_Driver/Src/stm32f4xx_hal_tim_ex.c ****   * in the root directory of this software component.
  21:Drivers/STM32F4xx_HAL_Driver/Src/stm32f4xx_hal_tim_ex.c ****   * If no LICENSE file comes with this software, it is provided AS-IS.
  22:Drivers/STM32F4xx_HAL_Driver/Src/stm32f4xx_hal_tim_ex.c ****   *
  23:Drivers/STM32F4xx_HAL_Driver/Src/stm32f4xx_hal_tim_ex.c ****   ******************************************************************************
  24:Drivers/STM32F4xx_HAL_Driver/Src/stm32f4xx_hal_tim_ex.c ****   @verbatim
  25:Drivers/STM32F4xx_HAL_Driver/Src/stm32f4xx_hal_tim_ex.c ****   ==============================================================================
  26:Drivers/STM32F4xx_HAL_Driver/Src/stm32f4xx_hal_tim_ex.c ****                       ##### TIMER Extended features #####
  27:Drivers/STM32F4xx_HAL_Driver/Src/stm32f4xx_hal_tim_ex.c ****   ==============================================================================
  28:Drivers/STM32F4xx_HAL_Driver/Src/stm32f4xx_hal_tim_ex.c ****   [..]
  29:Drivers/STM32F4xx_HAL_Driver/Src/stm32f4xx_hal_tim_ex.c ****     The Timer Extended features include:
  30:Drivers/STM32F4xx_HAL_Driver/Src/stm32f4xx_hal_tim_ex.c ****     (#) Complementary outputs with programmable dead-time for :
ARM GAS  C:\Users\pablo\AppData\Local\Temp\ccRGdM61.s 			page 2


  31:Drivers/STM32F4xx_HAL_Driver/Src/stm32f4xx_hal_tim_ex.c ****         (++) Output Compare
  32:Drivers/STM32F4xx_HAL_Driver/Src/stm32f4xx_hal_tim_ex.c ****         (++) PWM generation (Edge and Center-aligned Mode)
  33:Drivers/STM32F4xx_HAL_Driver/Src/stm32f4xx_hal_tim_ex.c ****         (++) One-pulse mode output
  34:Drivers/STM32F4xx_HAL_Driver/Src/stm32f4xx_hal_tim_ex.c ****     (#) Synchronization circuit to control the timer with external signals and to
  35:Drivers/STM32F4xx_HAL_Driver/Src/stm32f4xx_hal_tim_ex.c ****         interconnect several timers together.
  36:Drivers/STM32F4xx_HAL_Driver/Src/stm32f4xx_hal_tim_ex.c ****     (#) Break input to put the timer output signals in reset state or in a known state.
  37:Drivers/STM32F4xx_HAL_Driver/Src/stm32f4xx_hal_tim_ex.c ****     (#) Supports incremental (quadrature) encoder and hall-sensor circuitry for
  38:Drivers/STM32F4xx_HAL_Driver/Src/stm32f4xx_hal_tim_ex.c ****         positioning purposes
  39:Drivers/STM32F4xx_HAL_Driver/Src/stm32f4xx_hal_tim_ex.c **** 
  40:Drivers/STM32F4xx_HAL_Driver/Src/stm32f4xx_hal_tim_ex.c ****             ##### How to use this driver #####
  41:Drivers/STM32F4xx_HAL_Driver/Src/stm32f4xx_hal_tim_ex.c ****   ==============================================================================
  42:Drivers/STM32F4xx_HAL_Driver/Src/stm32f4xx_hal_tim_ex.c ****     [..]
  43:Drivers/STM32F4xx_HAL_Driver/Src/stm32f4xx_hal_tim_ex.c ****      (#) Initialize the TIM low level resources by implementing the following functions
  44:Drivers/STM32F4xx_HAL_Driver/Src/stm32f4xx_hal_tim_ex.c ****          depending on the selected feature:
  45:Drivers/STM32F4xx_HAL_Driver/Src/stm32f4xx_hal_tim_ex.c ****            (++) Hall Sensor output : HAL_TIMEx_HallSensor_MspInit()
  46:Drivers/STM32F4xx_HAL_Driver/Src/stm32f4xx_hal_tim_ex.c **** 
  47:Drivers/STM32F4xx_HAL_Driver/Src/stm32f4xx_hal_tim_ex.c ****      (#) Initialize the TIM low level resources :
  48:Drivers/STM32F4xx_HAL_Driver/Src/stm32f4xx_hal_tim_ex.c ****         (##) Enable the TIM interface clock using __HAL_RCC_TIMx_CLK_ENABLE();
  49:Drivers/STM32F4xx_HAL_Driver/Src/stm32f4xx_hal_tim_ex.c ****         (##) TIM pins configuration
  50:Drivers/STM32F4xx_HAL_Driver/Src/stm32f4xx_hal_tim_ex.c ****             (+++) Enable the clock for the TIM GPIOs using the following function:
  51:Drivers/STM32F4xx_HAL_Driver/Src/stm32f4xx_hal_tim_ex.c ****               __HAL_RCC_GPIOx_CLK_ENABLE();
  52:Drivers/STM32F4xx_HAL_Driver/Src/stm32f4xx_hal_tim_ex.c ****             (+++) Configure these TIM pins in Alternate function mode using HAL_GPIO_Init();
  53:Drivers/STM32F4xx_HAL_Driver/Src/stm32f4xx_hal_tim_ex.c **** 
  54:Drivers/STM32F4xx_HAL_Driver/Src/stm32f4xx_hal_tim_ex.c ****      (#) The external Clock can be configured, if needed (the default clock is the
  55:Drivers/STM32F4xx_HAL_Driver/Src/stm32f4xx_hal_tim_ex.c ****          internal clock from the APBx), using the following function:
  56:Drivers/STM32F4xx_HAL_Driver/Src/stm32f4xx_hal_tim_ex.c ****          HAL_TIM_ConfigClockSource, the clock configuration should be done before
  57:Drivers/STM32F4xx_HAL_Driver/Src/stm32f4xx_hal_tim_ex.c ****          any start function.
  58:Drivers/STM32F4xx_HAL_Driver/Src/stm32f4xx_hal_tim_ex.c **** 
  59:Drivers/STM32F4xx_HAL_Driver/Src/stm32f4xx_hal_tim_ex.c ****      (#) Configure the TIM in the desired functioning mode using one of the
  60:Drivers/STM32F4xx_HAL_Driver/Src/stm32f4xx_hal_tim_ex.c ****          initialization function of this driver:
  61:Drivers/STM32F4xx_HAL_Driver/Src/stm32f4xx_hal_tim_ex.c ****           (++) HAL_TIMEx_HallSensor_Init() and HAL_TIMEx_ConfigCommutEvent(): to use the
  62:Drivers/STM32F4xx_HAL_Driver/Src/stm32f4xx_hal_tim_ex.c ****                Timer Hall Sensor Interface and the commutation event with the corresponding
  63:Drivers/STM32F4xx_HAL_Driver/Src/stm32f4xx_hal_tim_ex.c ****                Interrupt and DMA request if needed (Note that One Timer is used to interface
  64:Drivers/STM32F4xx_HAL_Driver/Src/stm32f4xx_hal_tim_ex.c ****                with the Hall sensor Interface and another Timer should be used to use
  65:Drivers/STM32F4xx_HAL_Driver/Src/stm32f4xx_hal_tim_ex.c ****                the commutation event).
  66:Drivers/STM32F4xx_HAL_Driver/Src/stm32f4xx_hal_tim_ex.c **** 
  67:Drivers/STM32F4xx_HAL_Driver/Src/stm32f4xx_hal_tim_ex.c ****      (#) Activate the TIM peripheral using one of the start functions:
  68:Drivers/STM32F4xx_HAL_Driver/Src/stm32f4xx_hal_tim_ex.c ****            (++) Complementary Output Compare : HAL_TIMEx_OCN_Start(), HAL_TIMEx_OCN_Start_DMA(),
  69:Drivers/STM32F4xx_HAL_Driver/Src/stm32f4xx_hal_tim_ex.c ****                 HAL_TIMEx_OCN_Start_IT()
  70:Drivers/STM32F4xx_HAL_Driver/Src/stm32f4xx_hal_tim_ex.c ****            (++) Complementary PWM generation : HAL_TIMEx_PWMN_Start(), HAL_TIMEx_PWMN_Start_DMA(),
  71:Drivers/STM32F4xx_HAL_Driver/Src/stm32f4xx_hal_tim_ex.c ****                 HAL_TIMEx_PWMN_Start_IT()
  72:Drivers/STM32F4xx_HAL_Driver/Src/stm32f4xx_hal_tim_ex.c ****            (++) Complementary One-pulse mode output : HAL_TIMEx_OnePulseN_Start(), HAL_TIMEx_OnePul
  73:Drivers/STM32F4xx_HAL_Driver/Src/stm32f4xx_hal_tim_ex.c ****            (++) Hall Sensor output : HAL_TIMEx_HallSensor_Start(), HAL_TIMEx_HallSensor_Start_DMA()
  74:Drivers/STM32F4xx_HAL_Driver/Src/stm32f4xx_hal_tim_ex.c ****                 HAL_TIMEx_HallSensor_Start_IT().
  75:Drivers/STM32F4xx_HAL_Driver/Src/stm32f4xx_hal_tim_ex.c **** 
  76:Drivers/STM32F4xx_HAL_Driver/Src/stm32f4xx_hal_tim_ex.c ****   @endverbatim
  77:Drivers/STM32F4xx_HAL_Driver/Src/stm32f4xx_hal_tim_ex.c ****   ******************************************************************************
  78:Drivers/STM32F4xx_HAL_Driver/Src/stm32f4xx_hal_tim_ex.c ****   */
  79:Drivers/STM32F4xx_HAL_Driver/Src/stm32f4xx_hal_tim_ex.c **** 
  80:Drivers/STM32F4xx_HAL_Driver/Src/stm32f4xx_hal_tim_ex.c **** /* Includes ------------------------------------------------------------------*/
  81:Drivers/STM32F4xx_HAL_Driver/Src/stm32f4xx_hal_tim_ex.c **** #include "stm32f4xx_hal.h"
  82:Drivers/STM32F4xx_HAL_Driver/Src/stm32f4xx_hal_tim_ex.c **** 
  83:Drivers/STM32F4xx_HAL_Driver/Src/stm32f4xx_hal_tim_ex.c **** /** @addtogroup STM32F4xx_HAL_Driver
  84:Drivers/STM32F4xx_HAL_Driver/Src/stm32f4xx_hal_tim_ex.c ****   * @{
  85:Drivers/STM32F4xx_HAL_Driver/Src/stm32f4xx_hal_tim_ex.c ****   */
  86:Drivers/STM32F4xx_HAL_Driver/Src/stm32f4xx_hal_tim_ex.c **** 
  87:Drivers/STM32F4xx_HAL_Driver/Src/stm32f4xx_hal_tim_ex.c **** /** @defgroup TIMEx TIMEx
ARM GAS  C:\Users\pablo\AppData\Local\Temp\ccRGdM61.s 			page 3


  88:Drivers/STM32F4xx_HAL_Driver/Src/stm32f4xx_hal_tim_ex.c ****   * @brief TIM Extended HAL module driver
  89:Drivers/STM32F4xx_HAL_Driver/Src/stm32f4xx_hal_tim_ex.c ****   * @{
  90:Drivers/STM32F4xx_HAL_Driver/Src/stm32f4xx_hal_tim_ex.c ****   */
  91:Drivers/STM32F4xx_HAL_Driver/Src/stm32f4xx_hal_tim_ex.c **** 
  92:Drivers/STM32F4xx_HAL_Driver/Src/stm32f4xx_hal_tim_ex.c **** #ifdef HAL_TIM_MODULE_ENABLED
  93:Drivers/STM32F4xx_HAL_Driver/Src/stm32f4xx_hal_tim_ex.c **** 
  94:Drivers/STM32F4xx_HAL_Driver/Src/stm32f4xx_hal_tim_ex.c **** /* Private typedef -----------------------------------------------------------*/
  95:Drivers/STM32F4xx_HAL_Driver/Src/stm32f4xx_hal_tim_ex.c **** /* Private define ------------------------------------------------------------*/
  96:Drivers/STM32F4xx_HAL_Driver/Src/stm32f4xx_hal_tim_ex.c **** /* Private macros ------------------------------------------------------------*/
  97:Drivers/STM32F4xx_HAL_Driver/Src/stm32f4xx_hal_tim_ex.c **** /* Private variables ---------------------------------------------------------*/
  98:Drivers/STM32F4xx_HAL_Driver/Src/stm32f4xx_hal_tim_ex.c **** /* Private function prototypes -----------------------------------------------*/
  99:Drivers/STM32F4xx_HAL_Driver/Src/stm32f4xx_hal_tim_ex.c **** static void TIM_DMADelayPulseNCplt(DMA_HandleTypeDef *hdma);
 100:Drivers/STM32F4xx_HAL_Driver/Src/stm32f4xx_hal_tim_ex.c **** static void TIM_DMAErrorCCxN(DMA_HandleTypeDef *hdma);
 101:Drivers/STM32F4xx_HAL_Driver/Src/stm32f4xx_hal_tim_ex.c **** static void TIM_CCxNChannelCmd(TIM_TypeDef *TIMx, uint32_t Channel, uint32_t ChannelNState);
 102:Drivers/STM32F4xx_HAL_Driver/Src/stm32f4xx_hal_tim_ex.c **** 
 103:Drivers/STM32F4xx_HAL_Driver/Src/stm32f4xx_hal_tim_ex.c **** /* Exported functions --------------------------------------------------------*/
 104:Drivers/STM32F4xx_HAL_Driver/Src/stm32f4xx_hal_tim_ex.c **** /** @defgroup TIMEx_Exported_Functions TIM Extended Exported Functions
 105:Drivers/STM32F4xx_HAL_Driver/Src/stm32f4xx_hal_tim_ex.c ****   * @{
 106:Drivers/STM32F4xx_HAL_Driver/Src/stm32f4xx_hal_tim_ex.c ****   */
 107:Drivers/STM32F4xx_HAL_Driver/Src/stm32f4xx_hal_tim_ex.c **** 
 108:Drivers/STM32F4xx_HAL_Driver/Src/stm32f4xx_hal_tim_ex.c **** /** @defgroup TIMEx_Exported_Functions_Group1 Extended Timer Hall Sensor functions
 109:Drivers/STM32F4xx_HAL_Driver/Src/stm32f4xx_hal_tim_ex.c ****   * @brief    Timer Hall Sensor functions
 110:Drivers/STM32F4xx_HAL_Driver/Src/stm32f4xx_hal_tim_ex.c ****   *
 111:Drivers/STM32F4xx_HAL_Driver/Src/stm32f4xx_hal_tim_ex.c **** @verbatim
 112:Drivers/STM32F4xx_HAL_Driver/Src/stm32f4xx_hal_tim_ex.c ****   ==============================================================================
 113:Drivers/STM32F4xx_HAL_Driver/Src/stm32f4xx_hal_tim_ex.c ****                       ##### Timer Hall Sensor functions #####
 114:Drivers/STM32F4xx_HAL_Driver/Src/stm32f4xx_hal_tim_ex.c ****   ==============================================================================
 115:Drivers/STM32F4xx_HAL_Driver/Src/stm32f4xx_hal_tim_ex.c ****   [..]
 116:Drivers/STM32F4xx_HAL_Driver/Src/stm32f4xx_hal_tim_ex.c ****     This section provides functions allowing to:
 117:Drivers/STM32F4xx_HAL_Driver/Src/stm32f4xx_hal_tim_ex.c ****     (+) Initialize and configure TIM HAL Sensor.
 118:Drivers/STM32F4xx_HAL_Driver/Src/stm32f4xx_hal_tim_ex.c ****     (+) De-initialize TIM HAL Sensor.
 119:Drivers/STM32F4xx_HAL_Driver/Src/stm32f4xx_hal_tim_ex.c ****     (+) Start the Hall Sensor Interface.
 120:Drivers/STM32F4xx_HAL_Driver/Src/stm32f4xx_hal_tim_ex.c ****     (+) Stop the Hall Sensor Interface.
 121:Drivers/STM32F4xx_HAL_Driver/Src/stm32f4xx_hal_tim_ex.c ****     (+) Start the Hall Sensor Interface and enable interrupts.
 122:Drivers/STM32F4xx_HAL_Driver/Src/stm32f4xx_hal_tim_ex.c ****     (+) Stop the Hall Sensor Interface and disable interrupts.
 123:Drivers/STM32F4xx_HAL_Driver/Src/stm32f4xx_hal_tim_ex.c ****     (+) Start the Hall Sensor Interface and enable DMA transfers.
 124:Drivers/STM32F4xx_HAL_Driver/Src/stm32f4xx_hal_tim_ex.c ****     (+) Stop the Hall Sensor Interface and disable DMA transfers.
 125:Drivers/STM32F4xx_HAL_Driver/Src/stm32f4xx_hal_tim_ex.c **** 
 126:Drivers/STM32F4xx_HAL_Driver/Src/stm32f4xx_hal_tim_ex.c **** @endverbatim
 127:Drivers/STM32F4xx_HAL_Driver/Src/stm32f4xx_hal_tim_ex.c ****   * @{
 128:Drivers/STM32F4xx_HAL_Driver/Src/stm32f4xx_hal_tim_ex.c ****   */
 129:Drivers/STM32F4xx_HAL_Driver/Src/stm32f4xx_hal_tim_ex.c **** /**
 130:Drivers/STM32F4xx_HAL_Driver/Src/stm32f4xx_hal_tim_ex.c ****   * @brief  Initializes the TIM Hall Sensor Interface and initialize the associated handle.
 131:Drivers/STM32F4xx_HAL_Driver/Src/stm32f4xx_hal_tim_ex.c ****   * @note   When the timer instance is initialized in Hall Sensor Interface mode,
 132:Drivers/STM32F4xx_HAL_Driver/Src/stm32f4xx_hal_tim_ex.c ****   *         timer channels 1 and channel 2 are reserved and cannot be used for
 133:Drivers/STM32F4xx_HAL_Driver/Src/stm32f4xx_hal_tim_ex.c ****   *         other purpose.
 134:Drivers/STM32F4xx_HAL_Driver/Src/stm32f4xx_hal_tim_ex.c ****   * @param  htim TIM Hall Sensor Interface handle
 135:Drivers/STM32F4xx_HAL_Driver/Src/stm32f4xx_hal_tim_ex.c ****   * @param  sConfig TIM Hall Sensor configuration structure
 136:Drivers/STM32F4xx_HAL_Driver/Src/stm32f4xx_hal_tim_ex.c ****   * @retval HAL status
 137:Drivers/STM32F4xx_HAL_Driver/Src/stm32f4xx_hal_tim_ex.c ****   */
 138:Drivers/STM32F4xx_HAL_Driver/Src/stm32f4xx_hal_tim_ex.c **** HAL_StatusTypeDef HAL_TIMEx_HallSensor_Init(TIM_HandleTypeDef *htim, const TIM_HallSensor_InitTypeD
 139:Drivers/STM32F4xx_HAL_Driver/Src/stm32f4xx_hal_tim_ex.c **** {
 140:Drivers/STM32F4xx_HAL_Driver/Src/stm32f4xx_hal_tim_ex.c ****   TIM_OC_InitTypeDef OC_Config;
 141:Drivers/STM32F4xx_HAL_Driver/Src/stm32f4xx_hal_tim_ex.c **** 
 142:Drivers/STM32F4xx_HAL_Driver/Src/stm32f4xx_hal_tim_ex.c ****   /* Check the TIM handle allocation */
 143:Drivers/STM32F4xx_HAL_Driver/Src/stm32f4xx_hal_tim_ex.c ****   if (htim == NULL)
 144:Drivers/STM32F4xx_HAL_Driver/Src/stm32f4xx_hal_tim_ex.c ****   {
ARM GAS  C:\Users\pablo\AppData\Local\Temp\ccRGdM61.s 			page 4


 145:Drivers/STM32F4xx_HAL_Driver/Src/stm32f4xx_hal_tim_ex.c ****     return HAL_ERROR;
 146:Drivers/STM32F4xx_HAL_Driver/Src/stm32f4xx_hal_tim_ex.c ****   }
 147:Drivers/STM32F4xx_HAL_Driver/Src/stm32f4xx_hal_tim_ex.c **** 
 148:Drivers/STM32F4xx_HAL_Driver/Src/stm32f4xx_hal_tim_ex.c ****   /* Check the parameters */
 149:Drivers/STM32F4xx_HAL_Driver/Src/stm32f4xx_hal_tim_ex.c ****   assert_param(IS_TIM_HALL_SENSOR_INTERFACE_INSTANCE(htim->Instance));
 150:Drivers/STM32F4xx_HAL_Driver/Src/stm32f4xx_hal_tim_ex.c ****   assert_param(IS_TIM_COUNTER_MODE(htim->Init.CounterMode));
 151:Drivers/STM32F4xx_HAL_Driver/Src/stm32f4xx_hal_tim_ex.c ****   assert_param(IS_TIM_CLOCKDIVISION_DIV(htim->Init.ClockDivision));
 152:Drivers/STM32F4xx_HAL_Driver/Src/stm32f4xx_hal_tim_ex.c ****   assert_param(IS_TIM_AUTORELOAD_PRELOAD(htim->Init.AutoReloadPreload));
 153:Drivers/STM32F4xx_HAL_Driver/Src/stm32f4xx_hal_tim_ex.c ****   assert_param(IS_TIM_IC_POLARITY(sConfig->IC1Polarity));
 154:Drivers/STM32F4xx_HAL_Driver/Src/stm32f4xx_hal_tim_ex.c ****   assert_param(IS_TIM_PERIOD(htim, htim->Init.Period));
 155:Drivers/STM32F4xx_HAL_Driver/Src/stm32f4xx_hal_tim_ex.c ****   assert_param(IS_TIM_IC_PRESCALER(sConfig->IC1Prescaler));
 156:Drivers/STM32F4xx_HAL_Driver/Src/stm32f4xx_hal_tim_ex.c ****   assert_param(IS_TIM_IC_FILTER(sConfig->IC1Filter));
 157:Drivers/STM32F4xx_HAL_Driver/Src/stm32f4xx_hal_tim_ex.c **** 
 158:Drivers/STM32F4xx_HAL_Driver/Src/stm32f4xx_hal_tim_ex.c ****   if (htim->State == HAL_TIM_STATE_RESET)
 159:Drivers/STM32F4xx_HAL_Driver/Src/stm32f4xx_hal_tim_ex.c ****   {
 160:Drivers/STM32F4xx_HAL_Driver/Src/stm32f4xx_hal_tim_ex.c ****     /* Allocate lock resource and initialize it */
 161:Drivers/STM32F4xx_HAL_Driver/Src/stm32f4xx_hal_tim_ex.c ****     htim->Lock = HAL_UNLOCKED;
 162:Drivers/STM32F4xx_HAL_Driver/Src/stm32f4xx_hal_tim_ex.c **** 
 163:Drivers/STM32F4xx_HAL_Driver/Src/stm32f4xx_hal_tim_ex.c **** #if (USE_HAL_TIM_REGISTER_CALLBACKS == 1)
 164:Drivers/STM32F4xx_HAL_Driver/Src/stm32f4xx_hal_tim_ex.c ****     /* Reset interrupt callbacks to legacy week callbacks */
 165:Drivers/STM32F4xx_HAL_Driver/Src/stm32f4xx_hal_tim_ex.c ****     TIM_ResetCallback(htim);
 166:Drivers/STM32F4xx_HAL_Driver/Src/stm32f4xx_hal_tim_ex.c **** 
 167:Drivers/STM32F4xx_HAL_Driver/Src/stm32f4xx_hal_tim_ex.c ****     if (htim->HallSensor_MspInitCallback == NULL)
 168:Drivers/STM32F4xx_HAL_Driver/Src/stm32f4xx_hal_tim_ex.c ****     {
 169:Drivers/STM32F4xx_HAL_Driver/Src/stm32f4xx_hal_tim_ex.c ****       htim->HallSensor_MspInitCallback = HAL_TIMEx_HallSensor_MspInit;
 170:Drivers/STM32F4xx_HAL_Driver/Src/stm32f4xx_hal_tim_ex.c ****     }
 171:Drivers/STM32F4xx_HAL_Driver/Src/stm32f4xx_hal_tim_ex.c ****     /* Init the low level hardware : GPIO, CLOCK, NVIC */
 172:Drivers/STM32F4xx_HAL_Driver/Src/stm32f4xx_hal_tim_ex.c ****     htim->HallSensor_MspInitCallback(htim);
 173:Drivers/STM32F4xx_HAL_Driver/Src/stm32f4xx_hal_tim_ex.c **** #else
 174:Drivers/STM32F4xx_HAL_Driver/Src/stm32f4xx_hal_tim_ex.c ****     /* Init the low level hardware : GPIO, CLOCK, NVIC and DMA */
 175:Drivers/STM32F4xx_HAL_Driver/Src/stm32f4xx_hal_tim_ex.c ****     HAL_TIMEx_HallSensor_MspInit(htim);
 176:Drivers/STM32F4xx_HAL_Driver/Src/stm32f4xx_hal_tim_ex.c **** #endif /* USE_HAL_TIM_REGISTER_CALLBACKS */
 177:Drivers/STM32F4xx_HAL_Driver/Src/stm32f4xx_hal_tim_ex.c ****   }
 178:Drivers/STM32F4xx_HAL_Driver/Src/stm32f4xx_hal_tim_ex.c **** 
 179:Drivers/STM32F4xx_HAL_Driver/Src/stm32f4xx_hal_tim_ex.c ****   /* Set the TIM state */
 180:Drivers/STM32F4xx_HAL_Driver/Src/stm32f4xx_hal_tim_ex.c ****   htim->State = HAL_TIM_STATE_BUSY;
 181:Drivers/STM32F4xx_HAL_Driver/Src/stm32f4xx_hal_tim_ex.c **** 
 182:Drivers/STM32F4xx_HAL_Driver/Src/stm32f4xx_hal_tim_ex.c ****   /* Configure the Time base in the Encoder Mode */
 183:Drivers/STM32F4xx_HAL_Driver/Src/stm32f4xx_hal_tim_ex.c ****   TIM_Base_SetConfig(htim->Instance, &htim->Init);
 184:Drivers/STM32F4xx_HAL_Driver/Src/stm32f4xx_hal_tim_ex.c **** 
 185:Drivers/STM32F4xx_HAL_Driver/Src/stm32f4xx_hal_tim_ex.c ****   /* Configure the Channel 1 as Input Channel to interface with the three Outputs of the  Hall sens
 186:Drivers/STM32F4xx_HAL_Driver/Src/stm32f4xx_hal_tim_ex.c ****   TIM_TI1_SetConfig(htim->Instance, sConfig->IC1Polarity, TIM_ICSELECTION_TRC, sConfig->IC1Filter);
 187:Drivers/STM32F4xx_HAL_Driver/Src/stm32f4xx_hal_tim_ex.c **** 
 188:Drivers/STM32F4xx_HAL_Driver/Src/stm32f4xx_hal_tim_ex.c ****   /* Reset the IC1PSC Bits */
 189:Drivers/STM32F4xx_HAL_Driver/Src/stm32f4xx_hal_tim_ex.c ****   htim->Instance->CCMR1 &= ~TIM_CCMR1_IC1PSC;
 190:Drivers/STM32F4xx_HAL_Driver/Src/stm32f4xx_hal_tim_ex.c ****   /* Set the IC1PSC value */
 191:Drivers/STM32F4xx_HAL_Driver/Src/stm32f4xx_hal_tim_ex.c ****   htim->Instance->CCMR1 |= sConfig->IC1Prescaler;
 192:Drivers/STM32F4xx_HAL_Driver/Src/stm32f4xx_hal_tim_ex.c **** 
 193:Drivers/STM32F4xx_HAL_Driver/Src/stm32f4xx_hal_tim_ex.c ****   /* Enable the Hall sensor interface (XOR function of the three inputs) */
 194:Drivers/STM32F4xx_HAL_Driver/Src/stm32f4xx_hal_tim_ex.c ****   htim->Instance->CR2 |= TIM_CR2_TI1S;
 195:Drivers/STM32F4xx_HAL_Driver/Src/stm32f4xx_hal_tim_ex.c **** 
 196:Drivers/STM32F4xx_HAL_Driver/Src/stm32f4xx_hal_tim_ex.c ****   /* Select the TIM_TS_TI1F_ED signal as Input trigger for the TIM */
 197:Drivers/STM32F4xx_HAL_Driver/Src/stm32f4xx_hal_tim_ex.c ****   htim->Instance->SMCR &= ~TIM_SMCR_TS;
 198:Drivers/STM32F4xx_HAL_Driver/Src/stm32f4xx_hal_tim_ex.c ****   htim->Instance->SMCR |= TIM_TS_TI1F_ED;
 199:Drivers/STM32F4xx_HAL_Driver/Src/stm32f4xx_hal_tim_ex.c **** 
 200:Drivers/STM32F4xx_HAL_Driver/Src/stm32f4xx_hal_tim_ex.c ****   /* Use the TIM_TS_TI1F_ED signal to reset the TIM counter each edge detection */
 201:Drivers/STM32F4xx_HAL_Driver/Src/stm32f4xx_hal_tim_ex.c ****   htim->Instance->SMCR &= ~TIM_SMCR_SMS;
ARM GAS  C:\Users\pablo\AppData\Local\Temp\ccRGdM61.s 			page 5


 202:Drivers/STM32F4xx_HAL_Driver/Src/stm32f4xx_hal_tim_ex.c ****   htim->Instance->SMCR |= TIM_SLAVEMODE_RESET;
 203:Drivers/STM32F4xx_HAL_Driver/Src/stm32f4xx_hal_tim_ex.c **** 
 204:Drivers/STM32F4xx_HAL_Driver/Src/stm32f4xx_hal_tim_ex.c ****   /* Program channel 2 in PWM 2 mode with the desired Commutation_Delay*/
 205:Drivers/STM32F4xx_HAL_Driver/Src/stm32f4xx_hal_tim_ex.c ****   OC_Config.OCFastMode = TIM_OCFAST_DISABLE;
 206:Drivers/STM32F4xx_HAL_Driver/Src/stm32f4xx_hal_tim_ex.c ****   OC_Config.OCIdleState = TIM_OCIDLESTATE_RESET;
 207:Drivers/STM32F4xx_HAL_Driver/Src/stm32f4xx_hal_tim_ex.c ****   OC_Config.OCMode = TIM_OCMODE_PWM2;
 208:Drivers/STM32F4xx_HAL_Driver/Src/stm32f4xx_hal_tim_ex.c ****   OC_Config.OCNIdleState = TIM_OCNIDLESTATE_RESET;
 209:Drivers/STM32F4xx_HAL_Driver/Src/stm32f4xx_hal_tim_ex.c ****   OC_Config.OCNPolarity = TIM_OCNPOLARITY_HIGH;
 210:Drivers/STM32F4xx_HAL_Driver/Src/stm32f4xx_hal_tim_ex.c ****   OC_Config.OCPolarity = TIM_OCPOLARITY_HIGH;
 211:Drivers/STM32F4xx_HAL_Driver/Src/stm32f4xx_hal_tim_ex.c ****   OC_Config.Pulse = sConfig->Commutation_Delay;
 212:Drivers/STM32F4xx_HAL_Driver/Src/stm32f4xx_hal_tim_ex.c **** 
 213:Drivers/STM32F4xx_HAL_Driver/Src/stm32f4xx_hal_tim_ex.c ****   TIM_OC2_SetConfig(htim->Instance, &OC_Config);
 214:Drivers/STM32F4xx_HAL_Driver/Src/stm32f4xx_hal_tim_ex.c **** 
 215:Drivers/STM32F4xx_HAL_Driver/Src/stm32f4xx_hal_tim_ex.c ****   /* Select OC2REF as trigger output on TRGO: write the MMS bits in the TIMx_CR2
 216:Drivers/STM32F4xx_HAL_Driver/Src/stm32f4xx_hal_tim_ex.c ****     register to 101 */
 217:Drivers/STM32F4xx_HAL_Driver/Src/stm32f4xx_hal_tim_ex.c ****   htim->Instance->CR2 &= ~TIM_CR2_MMS;
 218:Drivers/STM32F4xx_HAL_Driver/Src/stm32f4xx_hal_tim_ex.c ****   htim->Instance->CR2 |= TIM_TRGO_OC2REF;
 219:Drivers/STM32F4xx_HAL_Driver/Src/stm32f4xx_hal_tim_ex.c **** 
 220:Drivers/STM32F4xx_HAL_Driver/Src/stm32f4xx_hal_tim_ex.c ****   /* Initialize the DMA burst operation state */
 221:Drivers/STM32F4xx_HAL_Driver/Src/stm32f4xx_hal_tim_ex.c ****   htim->DMABurstState = HAL_DMA_BURST_STATE_READY;
 222:Drivers/STM32F4xx_HAL_Driver/Src/stm32f4xx_hal_tim_ex.c **** 
 223:Drivers/STM32F4xx_HAL_Driver/Src/stm32f4xx_hal_tim_ex.c ****   /* Initialize the TIM channels state */
 224:Drivers/STM32F4xx_HAL_Driver/Src/stm32f4xx_hal_tim_ex.c ****   TIM_CHANNEL_STATE_SET(htim, TIM_CHANNEL_1, HAL_TIM_CHANNEL_STATE_READY);
 225:Drivers/STM32F4xx_HAL_Driver/Src/stm32f4xx_hal_tim_ex.c ****   TIM_CHANNEL_STATE_SET(htim, TIM_CHANNEL_2, HAL_TIM_CHANNEL_STATE_READY);
 226:Drivers/STM32F4xx_HAL_Driver/Src/stm32f4xx_hal_tim_ex.c ****   TIM_CHANNEL_N_STATE_SET(htim, TIM_CHANNEL_1, HAL_TIM_CHANNEL_STATE_READY);
 227:Drivers/STM32F4xx_HAL_Driver/Src/stm32f4xx_hal_tim_ex.c ****   TIM_CHANNEL_N_STATE_SET(htim, TIM_CHANNEL_2, HAL_TIM_CHANNEL_STATE_READY);
 228:Drivers/STM32F4xx_HAL_Driver/Src/stm32f4xx_hal_tim_ex.c **** 
 229:Drivers/STM32F4xx_HAL_Driver/Src/stm32f4xx_hal_tim_ex.c ****   /* Initialize the TIM state*/
 230:Drivers/STM32F4xx_HAL_Driver/Src/stm32f4xx_hal_tim_ex.c ****   htim->State = HAL_TIM_STATE_READY;
 231:Drivers/STM32F4xx_HAL_Driver/Src/stm32f4xx_hal_tim_ex.c **** 
 232:Drivers/STM32F4xx_HAL_Driver/Src/stm32f4xx_hal_tim_ex.c ****   return HAL_OK;
 233:Drivers/STM32F4xx_HAL_Driver/Src/stm32f4xx_hal_tim_ex.c **** }
 234:Drivers/STM32F4xx_HAL_Driver/Src/stm32f4xx_hal_tim_ex.c **** 
 235:Drivers/STM32F4xx_HAL_Driver/Src/stm32f4xx_hal_tim_ex.c **** /**
 236:Drivers/STM32F4xx_HAL_Driver/Src/stm32f4xx_hal_tim_ex.c ****   * @brief  DeInitializes the TIM Hall Sensor interface
 237:Drivers/STM32F4xx_HAL_Driver/Src/stm32f4xx_hal_tim_ex.c ****   * @param  htim TIM Hall Sensor Interface handle
 238:Drivers/STM32F4xx_HAL_Driver/Src/stm32f4xx_hal_tim_ex.c ****   * @retval HAL status
 239:Drivers/STM32F4xx_HAL_Driver/Src/stm32f4xx_hal_tim_ex.c ****   */
 240:Drivers/STM32F4xx_HAL_Driver/Src/stm32f4xx_hal_tim_ex.c **** HAL_StatusTypeDef HAL_TIMEx_HallSensor_DeInit(TIM_HandleTypeDef *htim)
 241:Drivers/STM32F4xx_HAL_Driver/Src/stm32f4xx_hal_tim_ex.c **** {
 242:Drivers/STM32F4xx_HAL_Driver/Src/stm32f4xx_hal_tim_ex.c ****   /* Check the parameters */
 243:Drivers/STM32F4xx_HAL_Driver/Src/stm32f4xx_hal_tim_ex.c ****   assert_param(IS_TIM_INSTANCE(htim->Instance));
 244:Drivers/STM32F4xx_HAL_Driver/Src/stm32f4xx_hal_tim_ex.c **** 
 245:Drivers/STM32F4xx_HAL_Driver/Src/stm32f4xx_hal_tim_ex.c ****   htim->State = HAL_TIM_STATE_BUSY;
 246:Drivers/STM32F4xx_HAL_Driver/Src/stm32f4xx_hal_tim_ex.c **** 
 247:Drivers/STM32F4xx_HAL_Driver/Src/stm32f4xx_hal_tim_ex.c ****   /* Disable the TIM Peripheral Clock */
 248:Drivers/STM32F4xx_HAL_Driver/Src/stm32f4xx_hal_tim_ex.c ****   __HAL_TIM_DISABLE(htim);
 249:Drivers/STM32F4xx_HAL_Driver/Src/stm32f4xx_hal_tim_ex.c **** 
 250:Drivers/STM32F4xx_HAL_Driver/Src/stm32f4xx_hal_tim_ex.c **** #if (USE_HAL_TIM_REGISTER_CALLBACKS == 1)
 251:Drivers/STM32F4xx_HAL_Driver/Src/stm32f4xx_hal_tim_ex.c ****   if (htim->HallSensor_MspDeInitCallback == NULL)
 252:Drivers/STM32F4xx_HAL_Driver/Src/stm32f4xx_hal_tim_ex.c ****   {
 253:Drivers/STM32F4xx_HAL_Driver/Src/stm32f4xx_hal_tim_ex.c ****     htim->HallSensor_MspDeInitCallback = HAL_TIMEx_HallSensor_MspDeInit;
 254:Drivers/STM32F4xx_HAL_Driver/Src/stm32f4xx_hal_tim_ex.c ****   }
 255:Drivers/STM32F4xx_HAL_Driver/Src/stm32f4xx_hal_tim_ex.c ****   /* DeInit the low level hardware */
 256:Drivers/STM32F4xx_HAL_Driver/Src/stm32f4xx_hal_tim_ex.c ****   htim->HallSensor_MspDeInitCallback(htim);
 257:Drivers/STM32F4xx_HAL_Driver/Src/stm32f4xx_hal_tim_ex.c **** #else
 258:Drivers/STM32F4xx_HAL_Driver/Src/stm32f4xx_hal_tim_ex.c ****   /* DeInit the low level hardware: GPIO, CLOCK, NVIC */
ARM GAS  C:\Users\pablo\AppData\Local\Temp\ccRGdM61.s 			page 6


 259:Drivers/STM32F4xx_HAL_Driver/Src/stm32f4xx_hal_tim_ex.c ****   HAL_TIMEx_HallSensor_MspDeInit(htim);
 260:Drivers/STM32F4xx_HAL_Driver/Src/stm32f4xx_hal_tim_ex.c **** #endif /* USE_HAL_TIM_REGISTER_CALLBACKS */
 261:Drivers/STM32F4xx_HAL_Driver/Src/stm32f4xx_hal_tim_ex.c **** 
 262:Drivers/STM32F4xx_HAL_Driver/Src/stm32f4xx_hal_tim_ex.c ****   /* Change the DMA burst operation state */
 263:Drivers/STM32F4xx_HAL_Driver/Src/stm32f4xx_hal_tim_ex.c ****   htim->DMABurstState = HAL_DMA_BURST_STATE_RESET;
 264:Drivers/STM32F4xx_HAL_Driver/Src/stm32f4xx_hal_tim_ex.c **** 
 265:Drivers/STM32F4xx_HAL_Driver/Src/stm32f4xx_hal_tim_ex.c ****   /* Change the TIM channels state */
 266:Drivers/STM32F4xx_HAL_Driver/Src/stm32f4xx_hal_tim_ex.c ****   TIM_CHANNEL_STATE_SET(htim, TIM_CHANNEL_1, HAL_TIM_CHANNEL_STATE_RESET);
 267:Drivers/STM32F4xx_HAL_Driver/Src/stm32f4xx_hal_tim_ex.c ****   TIM_CHANNEL_STATE_SET(htim, TIM_CHANNEL_2, HAL_TIM_CHANNEL_STATE_RESET);
 268:Drivers/STM32F4xx_HAL_Driver/Src/stm32f4xx_hal_tim_ex.c ****   TIM_CHANNEL_N_STATE_SET(htim, TIM_CHANNEL_1, HAL_TIM_CHANNEL_STATE_RESET);
 269:Drivers/STM32F4xx_HAL_Driver/Src/stm32f4xx_hal_tim_ex.c ****   TIM_CHANNEL_N_STATE_SET(htim, TIM_CHANNEL_2, HAL_TIM_CHANNEL_STATE_RESET);
 270:Drivers/STM32F4xx_HAL_Driver/Src/stm32f4xx_hal_tim_ex.c **** 
 271:Drivers/STM32F4xx_HAL_Driver/Src/stm32f4xx_hal_tim_ex.c ****   /* Change TIM state */
 272:Drivers/STM32F4xx_HAL_Driver/Src/stm32f4xx_hal_tim_ex.c ****   htim->State = HAL_TIM_STATE_RESET;
 273:Drivers/STM32F4xx_HAL_Driver/Src/stm32f4xx_hal_tim_ex.c **** 
 274:Drivers/STM32F4xx_HAL_Driver/Src/stm32f4xx_hal_tim_ex.c ****   /* Release Lock */
 275:Drivers/STM32F4xx_HAL_Driver/Src/stm32f4xx_hal_tim_ex.c ****   __HAL_UNLOCK(htim);
 276:Drivers/STM32F4xx_HAL_Driver/Src/stm32f4xx_hal_tim_ex.c **** 
 277:Drivers/STM32F4xx_HAL_Driver/Src/stm32f4xx_hal_tim_ex.c ****   return HAL_OK;
 278:Drivers/STM32F4xx_HAL_Driver/Src/stm32f4xx_hal_tim_ex.c **** }
 279:Drivers/STM32F4xx_HAL_Driver/Src/stm32f4xx_hal_tim_ex.c **** 
 280:Drivers/STM32F4xx_HAL_Driver/Src/stm32f4xx_hal_tim_ex.c **** /**
 281:Drivers/STM32F4xx_HAL_Driver/Src/stm32f4xx_hal_tim_ex.c ****   * @brief  Initializes the TIM Hall Sensor MSP.
 282:Drivers/STM32F4xx_HAL_Driver/Src/stm32f4xx_hal_tim_ex.c ****   * @param  htim TIM Hall Sensor Interface handle
 283:Drivers/STM32F4xx_HAL_Driver/Src/stm32f4xx_hal_tim_ex.c ****   * @retval None
 284:Drivers/STM32F4xx_HAL_Driver/Src/stm32f4xx_hal_tim_ex.c ****   */
 285:Drivers/STM32F4xx_HAL_Driver/Src/stm32f4xx_hal_tim_ex.c **** __weak void HAL_TIMEx_HallSensor_MspInit(TIM_HandleTypeDef *htim)
 286:Drivers/STM32F4xx_HAL_Driver/Src/stm32f4xx_hal_tim_ex.c **** {
 287:Drivers/STM32F4xx_HAL_Driver/Src/stm32f4xx_hal_tim_ex.c ****   /* Prevent unused argument(s) compilation warning */
 288:Drivers/STM32F4xx_HAL_Driver/Src/stm32f4xx_hal_tim_ex.c ****   UNUSED(htim);
 289:Drivers/STM32F4xx_HAL_Driver/Src/stm32f4xx_hal_tim_ex.c **** 
 290:Drivers/STM32F4xx_HAL_Driver/Src/stm32f4xx_hal_tim_ex.c ****   /* NOTE : This function should not be modified, when the callback is needed,
 291:Drivers/STM32F4xx_HAL_Driver/Src/stm32f4xx_hal_tim_ex.c ****             the HAL_TIMEx_HallSensor_MspInit could be implemented in the user file
 292:Drivers/STM32F4xx_HAL_Driver/Src/stm32f4xx_hal_tim_ex.c ****    */
 293:Drivers/STM32F4xx_HAL_Driver/Src/stm32f4xx_hal_tim_ex.c **** }
 294:Drivers/STM32F4xx_HAL_Driver/Src/stm32f4xx_hal_tim_ex.c **** 
 295:Drivers/STM32F4xx_HAL_Driver/Src/stm32f4xx_hal_tim_ex.c **** /**
 296:Drivers/STM32F4xx_HAL_Driver/Src/stm32f4xx_hal_tim_ex.c ****   * @brief  DeInitializes TIM Hall Sensor MSP.
 297:Drivers/STM32F4xx_HAL_Driver/Src/stm32f4xx_hal_tim_ex.c ****   * @param  htim TIM Hall Sensor Interface handle
 298:Drivers/STM32F4xx_HAL_Driver/Src/stm32f4xx_hal_tim_ex.c ****   * @retval None
 299:Drivers/STM32F4xx_HAL_Driver/Src/stm32f4xx_hal_tim_ex.c ****   */
 300:Drivers/STM32F4xx_HAL_Driver/Src/stm32f4xx_hal_tim_ex.c **** __weak void HAL_TIMEx_HallSensor_MspDeInit(TIM_HandleTypeDef *htim)
 301:Drivers/STM32F4xx_HAL_Driver/Src/stm32f4xx_hal_tim_ex.c **** {
 302:Drivers/STM32F4xx_HAL_Driver/Src/stm32f4xx_hal_tim_ex.c ****   /* Prevent unused argument(s) compilation warning */
 303:Drivers/STM32F4xx_HAL_Driver/Src/stm32f4xx_hal_tim_ex.c ****   UNUSED(htim);
 304:Drivers/STM32F4xx_HAL_Driver/Src/stm32f4xx_hal_tim_ex.c **** 
 305:Drivers/STM32F4xx_HAL_Driver/Src/stm32f4xx_hal_tim_ex.c ****   /* NOTE : This function should not be modified, when the callback is needed,
 306:Drivers/STM32F4xx_HAL_Driver/Src/stm32f4xx_hal_tim_ex.c ****             the HAL_TIMEx_HallSensor_MspDeInit could be implemented in the user file
 307:Drivers/STM32F4xx_HAL_Driver/Src/stm32f4xx_hal_tim_ex.c ****    */
 308:Drivers/STM32F4xx_HAL_Driver/Src/stm32f4xx_hal_tim_ex.c **** }
 309:Drivers/STM32F4xx_HAL_Driver/Src/stm32f4xx_hal_tim_ex.c **** 
 310:Drivers/STM32F4xx_HAL_Driver/Src/stm32f4xx_hal_tim_ex.c **** /**
 311:Drivers/STM32F4xx_HAL_Driver/Src/stm32f4xx_hal_tim_ex.c ****   * @brief  Starts the TIM Hall Sensor Interface.
 312:Drivers/STM32F4xx_HAL_Driver/Src/stm32f4xx_hal_tim_ex.c ****   * @param  htim TIM Hall Sensor Interface handle
 313:Drivers/STM32F4xx_HAL_Driver/Src/stm32f4xx_hal_tim_ex.c ****   * @retval HAL status
 314:Drivers/STM32F4xx_HAL_Driver/Src/stm32f4xx_hal_tim_ex.c ****   */
 315:Drivers/STM32F4xx_HAL_Driver/Src/stm32f4xx_hal_tim_ex.c **** HAL_StatusTypeDef HAL_TIMEx_HallSensor_Start(TIM_HandleTypeDef *htim)
ARM GAS  C:\Users\pablo\AppData\Local\Temp\ccRGdM61.s 			page 7


 316:Drivers/STM32F4xx_HAL_Driver/Src/stm32f4xx_hal_tim_ex.c **** {
 317:Drivers/STM32F4xx_HAL_Driver/Src/stm32f4xx_hal_tim_ex.c ****   uint32_t tmpsmcr;
 318:Drivers/STM32F4xx_HAL_Driver/Src/stm32f4xx_hal_tim_ex.c ****   HAL_TIM_ChannelStateTypeDef channel_1_state = TIM_CHANNEL_STATE_GET(htim, TIM_CHANNEL_1);
 319:Drivers/STM32F4xx_HAL_Driver/Src/stm32f4xx_hal_tim_ex.c ****   HAL_TIM_ChannelStateTypeDef channel_2_state = TIM_CHANNEL_STATE_GET(htim, TIM_CHANNEL_2);
 320:Drivers/STM32F4xx_HAL_Driver/Src/stm32f4xx_hal_tim_ex.c ****   HAL_TIM_ChannelStateTypeDef complementary_channel_1_state = TIM_CHANNEL_N_STATE_GET(htim, TIM_CHA
 321:Drivers/STM32F4xx_HAL_Driver/Src/stm32f4xx_hal_tim_ex.c ****   HAL_TIM_ChannelStateTypeDef complementary_channel_2_state = TIM_CHANNEL_N_STATE_GET(htim, TIM_CHA
 322:Drivers/STM32F4xx_HAL_Driver/Src/stm32f4xx_hal_tim_ex.c **** 
 323:Drivers/STM32F4xx_HAL_Driver/Src/stm32f4xx_hal_tim_ex.c ****   /* Check the parameters */
 324:Drivers/STM32F4xx_HAL_Driver/Src/stm32f4xx_hal_tim_ex.c ****   assert_param(IS_TIM_HALL_SENSOR_INTERFACE_INSTANCE(htim->Instance));
 325:Drivers/STM32F4xx_HAL_Driver/Src/stm32f4xx_hal_tim_ex.c **** 
 326:Drivers/STM32F4xx_HAL_Driver/Src/stm32f4xx_hal_tim_ex.c ****   /* Check the TIM channels state */
 327:Drivers/STM32F4xx_HAL_Driver/Src/stm32f4xx_hal_tim_ex.c ****   if ((channel_1_state != HAL_TIM_CHANNEL_STATE_READY)
 328:Drivers/STM32F4xx_HAL_Driver/Src/stm32f4xx_hal_tim_ex.c ****       || (channel_2_state != HAL_TIM_CHANNEL_STATE_READY)
 329:Drivers/STM32F4xx_HAL_Driver/Src/stm32f4xx_hal_tim_ex.c ****       || (complementary_channel_1_state != HAL_TIM_CHANNEL_STATE_READY)
 330:Drivers/STM32F4xx_HAL_Driver/Src/stm32f4xx_hal_tim_ex.c ****       || (complementary_channel_2_state != HAL_TIM_CHANNEL_STATE_READY))
 331:Drivers/STM32F4xx_HAL_Driver/Src/stm32f4xx_hal_tim_ex.c ****   {
 332:Drivers/STM32F4xx_HAL_Driver/Src/stm32f4xx_hal_tim_ex.c ****     return HAL_ERROR;
 333:Drivers/STM32F4xx_HAL_Driver/Src/stm32f4xx_hal_tim_ex.c ****   }
 334:Drivers/STM32F4xx_HAL_Driver/Src/stm32f4xx_hal_tim_ex.c **** 
 335:Drivers/STM32F4xx_HAL_Driver/Src/stm32f4xx_hal_tim_ex.c ****   /* Set the TIM channels state */
 336:Drivers/STM32F4xx_HAL_Driver/Src/stm32f4xx_hal_tim_ex.c ****   TIM_CHANNEL_STATE_SET(htim, TIM_CHANNEL_1, HAL_TIM_CHANNEL_STATE_BUSY);
 337:Drivers/STM32F4xx_HAL_Driver/Src/stm32f4xx_hal_tim_ex.c ****   TIM_CHANNEL_STATE_SET(htim, TIM_CHANNEL_2, HAL_TIM_CHANNEL_STATE_BUSY);
 338:Drivers/STM32F4xx_HAL_Driver/Src/stm32f4xx_hal_tim_ex.c ****   TIM_CHANNEL_N_STATE_SET(htim, TIM_CHANNEL_1, HAL_TIM_CHANNEL_STATE_BUSY);
 339:Drivers/STM32F4xx_HAL_Driver/Src/stm32f4xx_hal_tim_ex.c ****   TIM_CHANNEL_N_STATE_SET(htim, TIM_CHANNEL_2, HAL_TIM_CHANNEL_STATE_BUSY);
 340:Drivers/STM32F4xx_HAL_Driver/Src/stm32f4xx_hal_tim_ex.c **** 
 341:Drivers/STM32F4xx_HAL_Driver/Src/stm32f4xx_hal_tim_ex.c ****   /* Enable the Input Capture channel 1
 342:Drivers/STM32F4xx_HAL_Driver/Src/stm32f4xx_hal_tim_ex.c ****   (in the Hall Sensor Interface the three possible channels that can be used are TIM_CHANNEL_1,
 343:Drivers/STM32F4xx_HAL_Driver/Src/stm32f4xx_hal_tim_ex.c ****   TIM_CHANNEL_2 and TIM_CHANNEL_3) */
 344:Drivers/STM32F4xx_HAL_Driver/Src/stm32f4xx_hal_tim_ex.c ****   TIM_CCxChannelCmd(htim->Instance, TIM_CHANNEL_1, TIM_CCx_ENABLE);
 345:Drivers/STM32F4xx_HAL_Driver/Src/stm32f4xx_hal_tim_ex.c **** 
 346:Drivers/STM32F4xx_HAL_Driver/Src/stm32f4xx_hal_tim_ex.c ****   /* Enable the Peripheral, except in trigger mode where enable is automatically done with trigger 
 347:Drivers/STM32F4xx_HAL_Driver/Src/stm32f4xx_hal_tim_ex.c ****   if (IS_TIM_SLAVE_INSTANCE(htim->Instance))
 348:Drivers/STM32F4xx_HAL_Driver/Src/stm32f4xx_hal_tim_ex.c ****   {
 349:Drivers/STM32F4xx_HAL_Driver/Src/stm32f4xx_hal_tim_ex.c ****     tmpsmcr = htim->Instance->SMCR & TIM_SMCR_SMS;
 350:Drivers/STM32F4xx_HAL_Driver/Src/stm32f4xx_hal_tim_ex.c ****     if (!IS_TIM_SLAVEMODE_TRIGGER_ENABLED(tmpsmcr))
 351:Drivers/STM32F4xx_HAL_Driver/Src/stm32f4xx_hal_tim_ex.c ****     {
 352:Drivers/STM32F4xx_HAL_Driver/Src/stm32f4xx_hal_tim_ex.c ****       __HAL_TIM_ENABLE(htim);
 353:Drivers/STM32F4xx_HAL_Driver/Src/stm32f4xx_hal_tim_ex.c ****     }
 354:Drivers/STM32F4xx_HAL_Driver/Src/stm32f4xx_hal_tim_ex.c ****   }
 355:Drivers/STM32F4xx_HAL_Driver/Src/stm32f4xx_hal_tim_ex.c ****   else
 356:Drivers/STM32F4xx_HAL_Driver/Src/stm32f4xx_hal_tim_ex.c ****   {
 357:Drivers/STM32F4xx_HAL_Driver/Src/stm32f4xx_hal_tim_ex.c ****     __HAL_TIM_ENABLE(htim);
 358:Drivers/STM32F4xx_HAL_Driver/Src/stm32f4xx_hal_tim_ex.c ****   }
 359:Drivers/STM32F4xx_HAL_Driver/Src/stm32f4xx_hal_tim_ex.c **** 
 360:Drivers/STM32F4xx_HAL_Driver/Src/stm32f4xx_hal_tim_ex.c ****   /* Return function status */
 361:Drivers/STM32F4xx_HAL_Driver/Src/stm32f4xx_hal_tim_ex.c ****   return HAL_OK;
 362:Drivers/STM32F4xx_HAL_Driver/Src/stm32f4xx_hal_tim_ex.c **** }
 363:Drivers/STM32F4xx_HAL_Driver/Src/stm32f4xx_hal_tim_ex.c **** 
 364:Drivers/STM32F4xx_HAL_Driver/Src/stm32f4xx_hal_tim_ex.c **** /**
 365:Drivers/STM32F4xx_HAL_Driver/Src/stm32f4xx_hal_tim_ex.c ****   * @brief  Stops the TIM Hall sensor Interface.
 366:Drivers/STM32F4xx_HAL_Driver/Src/stm32f4xx_hal_tim_ex.c ****   * @param  htim TIM Hall Sensor Interface handle
 367:Drivers/STM32F4xx_HAL_Driver/Src/stm32f4xx_hal_tim_ex.c ****   * @retval HAL status
 368:Drivers/STM32F4xx_HAL_Driver/Src/stm32f4xx_hal_tim_ex.c ****   */
 369:Drivers/STM32F4xx_HAL_Driver/Src/stm32f4xx_hal_tim_ex.c **** HAL_StatusTypeDef HAL_TIMEx_HallSensor_Stop(TIM_HandleTypeDef *htim)
 370:Drivers/STM32F4xx_HAL_Driver/Src/stm32f4xx_hal_tim_ex.c **** {
 371:Drivers/STM32F4xx_HAL_Driver/Src/stm32f4xx_hal_tim_ex.c ****   /* Check the parameters */
 372:Drivers/STM32F4xx_HAL_Driver/Src/stm32f4xx_hal_tim_ex.c ****   assert_param(IS_TIM_HALL_SENSOR_INTERFACE_INSTANCE(htim->Instance));
ARM GAS  C:\Users\pablo\AppData\Local\Temp\ccRGdM61.s 			page 8


 373:Drivers/STM32F4xx_HAL_Driver/Src/stm32f4xx_hal_tim_ex.c **** 
 374:Drivers/STM32F4xx_HAL_Driver/Src/stm32f4xx_hal_tim_ex.c ****   /* Disable the Input Capture channels 1, 2 and 3
 375:Drivers/STM32F4xx_HAL_Driver/Src/stm32f4xx_hal_tim_ex.c ****   (in the Hall Sensor Interface the three possible channels that can be used are TIM_CHANNEL_1,
 376:Drivers/STM32F4xx_HAL_Driver/Src/stm32f4xx_hal_tim_ex.c ****   TIM_CHANNEL_2 and TIM_CHANNEL_3) */
 377:Drivers/STM32F4xx_HAL_Driver/Src/stm32f4xx_hal_tim_ex.c ****   TIM_CCxChannelCmd(htim->Instance, TIM_CHANNEL_1, TIM_CCx_DISABLE);
 378:Drivers/STM32F4xx_HAL_Driver/Src/stm32f4xx_hal_tim_ex.c **** 
 379:Drivers/STM32F4xx_HAL_Driver/Src/stm32f4xx_hal_tim_ex.c ****   /* Disable the Peripheral */
 380:Drivers/STM32F4xx_HAL_Driver/Src/stm32f4xx_hal_tim_ex.c ****   __HAL_TIM_DISABLE(htim);
 381:Drivers/STM32F4xx_HAL_Driver/Src/stm32f4xx_hal_tim_ex.c **** 
 382:Drivers/STM32F4xx_HAL_Driver/Src/stm32f4xx_hal_tim_ex.c ****   /* Set the TIM channels state */
 383:Drivers/STM32F4xx_HAL_Driver/Src/stm32f4xx_hal_tim_ex.c ****   TIM_CHANNEL_STATE_SET(htim, TIM_CHANNEL_1, HAL_TIM_CHANNEL_STATE_READY);
 384:Drivers/STM32F4xx_HAL_Driver/Src/stm32f4xx_hal_tim_ex.c ****   TIM_CHANNEL_STATE_SET(htim, TIM_CHANNEL_2, HAL_TIM_CHANNEL_STATE_READY);
 385:Drivers/STM32F4xx_HAL_Driver/Src/stm32f4xx_hal_tim_ex.c ****   TIM_CHANNEL_N_STATE_SET(htim, TIM_CHANNEL_1, HAL_TIM_CHANNEL_STATE_READY);
 386:Drivers/STM32F4xx_HAL_Driver/Src/stm32f4xx_hal_tim_ex.c ****   TIM_CHANNEL_N_STATE_SET(htim, TIM_CHANNEL_2, HAL_TIM_CHANNEL_STATE_READY);
 387:Drivers/STM32F4xx_HAL_Driver/Src/stm32f4xx_hal_tim_ex.c **** 
 388:Drivers/STM32F4xx_HAL_Driver/Src/stm32f4xx_hal_tim_ex.c ****   /* Return function status */
 389:Drivers/STM32F4xx_HAL_Driver/Src/stm32f4xx_hal_tim_ex.c ****   return HAL_OK;
 390:Drivers/STM32F4xx_HAL_Driver/Src/stm32f4xx_hal_tim_ex.c **** }
 391:Drivers/STM32F4xx_HAL_Driver/Src/stm32f4xx_hal_tim_ex.c **** 
 392:Drivers/STM32F4xx_HAL_Driver/Src/stm32f4xx_hal_tim_ex.c **** /**
 393:Drivers/STM32F4xx_HAL_Driver/Src/stm32f4xx_hal_tim_ex.c ****   * @brief  Starts the TIM Hall Sensor Interface in interrupt mode.
 394:Drivers/STM32F4xx_HAL_Driver/Src/stm32f4xx_hal_tim_ex.c ****   * @param  htim TIM Hall Sensor Interface handle
 395:Drivers/STM32F4xx_HAL_Driver/Src/stm32f4xx_hal_tim_ex.c ****   * @retval HAL status
 396:Drivers/STM32F4xx_HAL_Driver/Src/stm32f4xx_hal_tim_ex.c ****   */
 397:Drivers/STM32F4xx_HAL_Driver/Src/stm32f4xx_hal_tim_ex.c **** HAL_StatusTypeDef HAL_TIMEx_HallSensor_Start_IT(TIM_HandleTypeDef *htim)
 398:Drivers/STM32F4xx_HAL_Driver/Src/stm32f4xx_hal_tim_ex.c **** {
 399:Drivers/STM32F4xx_HAL_Driver/Src/stm32f4xx_hal_tim_ex.c ****   uint32_t tmpsmcr;
 400:Drivers/STM32F4xx_HAL_Driver/Src/stm32f4xx_hal_tim_ex.c ****   HAL_TIM_ChannelStateTypeDef channel_1_state = TIM_CHANNEL_STATE_GET(htim, TIM_CHANNEL_1);
 401:Drivers/STM32F4xx_HAL_Driver/Src/stm32f4xx_hal_tim_ex.c ****   HAL_TIM_ChannelStateTypeDef channel_2_state = TIM_CHANNEL_STATE_GET(htim, TIM_CHANNEL_2);
 402:Drivers/STM32F4xx_HAL_Driver/Src/stm32f4xx_hal_tim_ex.c ****   HAL_TIM_ChannelStateTypeDef complementary_channel_1_state = TIM_CHANNEL_N_STATE_GET(htim, TIM_CHA
 403:Drivers/STM32F4xx_HAL_Driver/Src/stm32f4xx_hal_tim_ex.c ****   HAL_TIM_ChannelStateTypeDef complementary_channel_2_state = TIM_CHANNEL_N_STATE_GET(htim, TIM_CHA
 404:Drivers/STM32F4xx_HAL_Driver/Src/stm32f4xx_hal_tim_ex.c **** 
 405:Drivers/STM32F4xx_HAL_Driver/Src/stm32f4xx_hal_tim_ex.c ****   /* Check the parameters */
 406:Drivers/STM32F4xx_HAL_Driver/Src/stm32f4xx_hal_tim_ex.c ****   assert_param(IS_TIM_HALL_SENSOR_INTERFACE_INSTANCE(htim->Instance));
 407:Drivers/STM32F4xx_HAL_Driver/Src/stm32f4xx_hal_tim_ex.c **** 
 408:Drivers/STM32F4xx_HAL_Driver/Src/stm32f4xx_hal_tim_ex.c ****   /* Check the TIM channels state */
 409:Drivers/STM32F4xx_HAL_Driver/Src/stm32f4xx_hal_tim_ex.c ****   if ((channel_1_state != HAL_TIM_CHANNEL_STATE_READY)
 410:Drivers/STM32F4xx_HAL_Driver/Src/stm32f4xx_hal_tim_ex.c ****       || (channel_2_state != HAL_TIM_CHANNEL_STATE_READY)
 411:Drivers/STM32F4xx_HAL_Driver/Src/stm32f4xx_hal_tim_ex.c ****       || (complementary_channel_1_state != HAL_TIM_CHANNEL_STATE_READY)
 412:Drivers/STM32F4xx_HAL_Driver/Src/stm32f4xx_hal_tim_ex.c ****       || (complementary_channel_2_state != HAL_TIM_CHANNEL_STATE_READY))
 413:Drivers/STM32F4xx_HAL_Driver/Src/stm32f4xx_hal_tim_ex.c ****   {
 414:Drivers/STM32F4xx_HAL_Driver/Src/stm32f4xx_hal_tim_ex.c ****     return HAL_ERROR;
 415:Drivers/STM32F4xx_HAL_Driver/Src/stm32f4xx_hal_tim_ex.c ****   }
 416:Drivers/STM32F4xx_HAL_Driver/Src/stm32f4xx_hal_tim_ex.c **** 
 417:Drivers/STM32F4xx_HAL_Driver/Src/stm32f4xx_hal_tim_ex.c ****   /* Set the TIM channels state */
 418:Drivers/STM32F4xx_HAL_Driver/Src/stm32f4xx_hal_tim_ex.c ****   TIM_CHANNEL_STATE_SET(htim, TIM_CHANNEL_1, HAL_TIM_CHANNEL_STATE_BUSY);
 419:Drivers/STM32F4xx_HAL_Driver/Src/stm32f4xx_hal_tim_ex.c ****   TIM_CHANNEL_STATE_SET(htim, TIM_CHANNEL_2, HAL_TIM_CHANNEL_STATE_BUSY);
 420:Drivers/STM32F4xx_HAL_Driver/Src/stm32f4xx_hal_tim_ex.c ****   TIM_CHANNEL_N_STATE_SET(htim, TIM_CHANNEL_1, HAL_TIM_CHANNEL_STATE_BUSY);
 421:Drivers/STM32F4xx_HAL_Driver/Src/stm32f4xx_hal_tim_ex.c ****   TIM_CHANNEL_N_STATE_SET(htim, TIM_CHANNEL_2, HAL_TIM_CHANNEL_STATE_BUSY);
 422:Drivers/STM32F4xx_HAL_Driver/Src/stm32f4xx_hal_tim_ex.c **** 
 423:Drivers/STM32F4xx_HAL_Driver/Src/stm32f4xx_hal_tim_ex.c ****   /* Enable the capture compare Interrupts 1 event */
 424:Drivers/STM32F4xx_HAL_Driver/Src/stm32f4xx_hal_tim_ex.c ****   __HAL_TIM_ENABLE_IT(htim, TIM_IT_CC1);
 425:Drivers/STM32F4xx_HAL_Driver/Src/stm32f4xx_hal_tim_ex.c **** 
 426:Drivers/STM32F4xx_HAL_Driver/Src/stm32f4xx_hal_tim_ex.c ****   /* Enable the Input Capture channel 1
 427:Drivers/STM32F4xx_HAL_Driver/Src/stm32f4xx_hal_tim_ex.c ****   (in the Hall Sensor Interface the three possible channels that can be used are TIM_CHANNEL_1,
 428:Drivers/STM32F4xx_HAL_Driver/Src/stm32f4xx_hal_tim_ex.c ****   TIM_CHANNEL_2 and TIM_CHANNEL_3) */
 429:Drivers/STM32F4xx_HAL_Driver/Src/stm32f4xx_hal_tim_ex.c ****   TIM_CCxChannelCmd(htim->Instance, TIM_CHANNEL_1, TIM_CCx_ENABLE);
ARM GAS  C:\Users\pablo\AppData\Local\Temp\ccRGdM61.s 			page 9


 430:Drivers/STM32F4xx_HAL_Driver/Src/stm32f4xx_hal_tim_ex.c **** 
 431:Drivers/STM32F4xx_HAL_Driver/Src/stm32f4xx_hal_tim_ex.c ****   /* Enable the Peripheral, except in trigger mode where enable is automatically done with trigger 
 432:Drivers/STM32F4xx_HAL_Driver/Src/stm32f4xx_hal_tim_ex.c ****   if (IS_TIM_SLAVE_INSTANCE(htim->Instance))
 433:Drivers/STM32F4xx_HAL_Driver/Src/stm32f4xx_hal_tim_ex.c ****   {
 434:Drivers/STM32F4xx_HAL_Driver/Src/stm32f4xx_hal_tim_ex.c ****     tmpsmcr = htim->Instance->SMCR & TIM_SMCR_SMS;
 435:Drivers/STM32F4xx_HAL_Driver/Src/stm32f4xx_hal_tim_ex.c ****     if (!IS_TIM_SLAVEMODE_TRIGGER_ENABLED(tmpsmcr))
 436:Drivers/STM32F4xx_HAL_Driver/Src/stm32f4xx_hal_tim_ex.c ****     {
 437:Drivers/STM32F4xx_HAL_Driver/Src/stm32f4xx_hal_tim_ex.c ****       __HAL_TIM_ENABLE(htim);
 438:Drivers/STM32F4xx_HAL_Driver/Src/stm32f4xx_hal_tim_ex.c ****     }
 439:Drivers/STM32F4xx_HAL_Driver/Src/stm32f4xx_hal_tim_ex.c ****   }
 440:Drivers/STM32F4xx_HAL_Driver/Src/stm32f4xx_hal_tim_ex.c ****   else
 441:Drivers/STM32F4xx_HAL_Driver/Src/stm32f4xx_hal_tim_ex.c ****   {
 442:Drivers/STM32F4xx_HAL_Driver/Src/stm32f4xx_hal_tim_ex.c ****     __HAL_TIM_ENABLE(htim);
 443:Drivers/STM32F4xx_HAL_Driver/Src/stm32f4xx_hal_tim_ex.c ****   }
 444:Drivers/STM32F4xx_HAL_Driver/Src/stm32f4xx_hal_tim_ex.c **** 
 445:Drivers/STM32F4xx_HAL_Driver/Src/stm32f4xx_hal_tim_ex.c ****   /* Return function status */
 446:Drivers/STM32F4xx_HAL_Driver/Src/stm32f4xx_hal_tim_ex.c ****   return HAL_OK;
 447:Drivers/STM32F4xx_HAL_Driver/Src/stm32f4xx_hal_tim_ex.c **** }
 448:Drivers/STM32F4xx_HAL_Driver/Src/stm32f4xx_hal_tim_ex.c **** 
 449:Drivers/STM32F4xx_HAL_Driver/Src/stm32f4xx_hal_tim_ex.c **** /**
 450:Drivers/STM32F4xx_HAL_Driver/Src/stm32f4xx_hal_tim_ex.c ****   * @brief  Stops the TIM Hall Sensor Interface in interrupt mode.
 451:Drivers/STM32F4xx_HAL_Driver/Src/stm32f4xx_hal_tim_ex.c ****   * @param  htim TIM Hall Sensor Interface handle
 452:Drivers/STM32F4xx_HAL_Driver/Src/stm32f4xx_hal_tim_ex.c ****   * @retval HAL status
 453:Drivers/STM32F4xx_HAL_Driver/Src/stm32f4xx_hal_tim_ex.c ****   */
 454:Drivers/STM32F4xx_HAL_Driver/Src/stm32f4xx_hal_tim_ex.c **** HAL_StatusTypeDef HAL_TIMEx_HallSensor_Stop_IT(TIM_HandleTypeDef *htim)
 455:Drivers/STM32F4xx_HAL_Driver/Src/stm32f4xx_hal_tim_ex.c **** {
 456:Drivers/STM32F4xx_HAL_Driver/Src/stm32f4xx_hal_tim_ex.c ****   /* Check the parameters */
 457:Drivers/STM32F4xx_HAL_Driver/Src/stm32f4xx_hal_tim_ex.c ****   assert_param(IS_TIM_HALL_SENSOR_INTERFACE_INSTANCE(htim->Instance));
 458:Drivers/STM32F4xx_HAL_Driver/Src/stm32f4xx_hal_tim_ex.c **** 
 459:Drivers/STM32F4xx_HAL_Driver/Src/stm32f4xx_hal_tim_ex.c ****   /* Disable the Input Capture channel 1
 460:Drivers/STM32F4xx_HAL_Driver/Src/stm32f4xx_hal_tim_ex.c ****   (in the Hall Sensor Interface the three possible channels that can be used are TIM_CHANNEL_1,
 461:Drivers/STM32F4xx_HAL_Driver/Src/stm32f4xx_hal_tim_ex.c ****   TIM_CHANNEL_2 and TIM_CHANNEL_3) */
 462:Drivers/STM32F4xx_HAL_Driver/Src/stm32f4xx_hal_tim_ex.c ****   TIM_CCxChannelCmd(htim->Instance, TIM_CHANNEL_1, TIM_CCx_DISABLE);
 463:Drivers/STM32F4xx_HAL_Driver/Src/stm32f4xx_hal_tim_ex.c **** 
 464:Drivers/STM32F4xx_HAL_Driver/Src/stm32f4xx_hal_tim_ex.c ****   /* Disable the capture compare Interrupts event */
 465:Drivers/STM32F4xx_HAL_Driver/Src/stm32f4xx_hal_tim_ex.c ****   __HAL_TIM_DISABLE_IT(htim, TIM_IT_CC1);
 466:Drivers/STM32F4xx_HAL_Driver/Src/stm32f4xx_hal_tim_ex.c **** 
 467:Drivers/STM32F4xx_HAL_Driver/Src/stm32f4xx_hal_tim_ex.c ****   /* Disable the Peripheral */
 468:Drivers/STM32F4xx_HAL_Driver/Src/stm32f4xx_hal_tim_ex.c ****   __HAL_TIM_DISABLE(htim);
 469:Drivers/STM32F4xx_HAL_Driver/Src/stm32f4xx_hal_tim_ex.c **** 
 470:Drivers/STM32F4xx_HAL_Driver/Src/stm32f4xx_hal_tim_ex.c ****   /* Set the TIM channels state */
 471:Drivers/STM32F4xx_HAL_Driver/Src/stm32f4xx_hal_tim_ex.c ****   TIM_CHANNEL_STATE_SET(htim, TIM_CHANNEL_1, HAL_TIM_CHANNEL_STATE_READY);
 472:Drivers/STM32F4xx_HAL_Driver/Src/stm32f4xx_hal_tim_ex.c ****   TIM_CHANNEL_STATE_SET(htim, TIM_CHANNEL_2, HAL_TIM_CHANNEL_STATE_READY);
 473:Drivers/STM32F4xx_HAL_Driver/Src/stm32f4xx_hal_tim_ex.c ****   TIM_CHANNEL_N_STATE_SET(htim, TIM_CHANNEL_1, HAL_TIM_CHANNEL_STATE_READY);
 474:Drivers/STM32F4xx_HAL_Driver/Src/stm32f4xx_hal_tim_ex.c ****   TIM_CHANNEL_N_STATE_SET(htim, TIM_CHANNEL_2, HAL_TIM_CHANNEL_STATE_READY);
 475:Drivers/STM32F4xx_HAL_Driver/Src/stm32f4xx_hal_tim_ex.c **** 
 476:Drivers/STM32F4xx_HAL_Driver/Src/stm32f4xx_hal_tim_ex.c ****   /* Return function status */
 477:Drivers/STM32F4xx_HAL_Driver/Src/stm32f4xx_hal_tim_ex.c ****   return HAL_OK;
 478:Drivers/STM32F4xx_HAL_Driver/Src/stm32f4xx_hal_tim_ex.c **** }
 479:Drivers/STM32F4xx_HAL_Driver/Src/stm32f4xx_hal_tim_ex.c **** 
 480:Drivers/STM32F4xx_HAL_Driver/Src/stm32f4xx_hal_tim_ex.c **** /**
 481:Drivers/STM32F4xx_HAL_Driver/Src/stm32f4xx_hal_tim_ex.c ****   * @brief  Starts the TIM Hall Sensor Interface in DMA mode.
 482:Drivers/STM32F4xx_HAL_Driver/Src/stm32f4xx_hal_tim_ex.c ****   * @param  htim TIM Hall Sensor Interface handle
 483:Drivers/STM32F4xx_HAL_Driver/Src/stm32f4xx_hal_tim_ex.c ****   * @param  pData The destination Buffer address.
 484:Drivers/STM32F4xx_HAL_Driver/Src/stm32f4xx_hal_tim_ex.c ****   * @param  Length The length of data to be transferred from TIM peripheral to memory.
 485:Drivers/STM32F4xx_HAL_Driver/Src/stm32f4xx_hal_tim_ex.c ****   * @retval HAL status
 486:Drivers/STM32F4xx_HAL_Driver/Src/stm32f4xx_hal_tim_ex.c ****   */
ARM GAS  C:\Users\pablo\AppData\Local\Temp\ccRGdM61.s 			page 10


 487:Drivers/STM32F4xx_HAL_Driver/Src/stm32f4xx_hal_tim_ex.c **** HAL_StatusTypeDef HAL_TIMEx_HallSensor_Start_DMA(TIM_HandleTypeDef *htim, uint32_t *pData, uint16_t
 488:Drivers/STM32F4xx_HAL_Driver/Src/stm32f4xx_hal_tim_ex.c **** {
 489:Drivers/STM32F4xx_HAL_Driver/Src/stm32f4xx_hal_tim_ex.c ****   uint32_t tmpsmcr;
 490:Drivers/STM32F4xx_HAL_Driver/Src/stm32f4xx_hal_tim_ex.c ****   HAL_TIM_ChannelStateTypeDef channel_1_state = TIM_CHANNEL_STATE_GET(htim, TIM_CHANNEL_1);
 491:Drivers/STM32F4xx_HAL_Driver/Src/stm32f4xx_hal_tim_ex.c ****   HAL_TIM_ChannelStateTypeDef complementary_channel_1_state = TIM_CHANNEL_N_STATE_GET(htim, TIM_CHA
 492:Drivers/STM32F4xx_HAL_Driver/Src/stm32f4xx_hal_tim_ex.c **** 
 493:Drivers/STM32F4xx_HAL_Driver/Src/stm32f4xx_hal_tim_ex.c ****   /* Check the parameters */
 494:Drivers/STM32F4xx_HAL_Driver/Src/stm32f4xx_hal_tim_ex.c ****   assert_param(IS_TIM_HALL_SENSOR_INTERFACE_INSTANCE(htim->Instance));
 495:Drivers/STM32F4xx_HAL_Driver/Src/stm32f4xx_hal_tim_ex.c **** 
 496:Drivers/STM32F4xx_HAL_Driver/Src/stm32f4xx_hal_tim_ex.c ****   /* Set the TIM channel state */
 497:Drivers/STM32F4xx_HAL_Driver/Src/stm32f4xx_hal_tim_ex.c ****   if ((channel_1_state == HAL_TIM_CHANNEL_STATE_BUSY)
 498:Drivers/STM32F4xx_HAL_Driver/Src/stm32f4xx_hal_tim_ex.c ****       || (complementary_channel_1_state == HAL_TIM_CHANNEL_STATE_BUSY))
 499:Drivers/STM32F4xx_HAL_Driver/Src/stm32f4xx_hal_tim_ex.c ****   {
 500:Drivers/STM32F4xx_HAL_Driver/Src/stm32f4xx_hal_tim_ex.c ****     return HAL_BUSY;
 501:Drivers/STM32F4xx_HAL_Driver/Src/stm32f4xx_hal_tim_ex.c ****   }
 502:Drivers/STM32F4xx_HAL_Driver/Src/stm32f4xx_hal_tim_ex.c ****   else if ((channel_1_state == HAL_TIM_CHANNEL_STATE_READY)
 503:Drivers/STM32F4xx_HAL_Driver/Src/stm32f4xx_hal_tim_ex.c ****            && (complementary_channel_1_state == HAL_TIM_CHANNEL_STATE_READY))
 504:Drivers/STM32F4xx_HAL_Driver/Src/stm32f4xx_hal_tim_ex.c ****   {
 505:Drivers/STM32F4xx_HAL_Driver/Src/stm32f4xx_hal_tim_ex.c ****     if ((pData == NULL) || (Length == 0U))
 506:Drivers/STM32F4xx_HAL_Driver/Src/stm32f4xx_hal_tim_ex.c ****     {
 507:Drivers/STM32F4xx_HAL_Driver/Src/stm32f4xx_hal_tim_ex.c ****       return HAL_ERROR;
 508:Drivers/STM32F4xx_HAL_Driver/Src/stm32f4xx_hal_tim_ex.c ****     }
 509:Drivers/STM32F4xx_HAL_Driver/Src/stm32f4xx_hal_tim_ex.c ****     else
 510:Drivers/STM32F4xx_HAL_Driver/Src/stm32f4xx_hal_tim_ex.c ****     {
 511:Drivers/STM32F4xx_HAL_Driver/Src/stm32f4xx_hal_tim_ex.c ****       TIM_CHANNEL_STATE_SET(htim, TIM_CHANNEL_1, HAL_TIM_CHANNEL_STATE_BUSY);
 512:Drivers/STM32F4xx_HAL_Driver/Src/stm32f4xx_hal_tim_ex.c ****       TIM_CHANNEL_N_STATE_SET(htim, TIM_CHANNEL_1, HAL_TIM_CHANNEL_STATE_BUSY);
 513:Drivers/STM32F4xx_HAL_Driver/Src/stm32f4xx_hal_tim_ex.c ****     }
 514:Drivers/STM32F4xx_HAL_Driver/Src/stm32f4xx_hal_tim_ex.c ****   }
 515:Drivers/STM32F4xx_HAL_Driver/Src/stm32f4xx_hal_tim_ex.c ****   else
 516:Drivers/STM32F4xx_HAL_Driver/Src/stm32f4xx_hal_tim_ex.c ****   {
 517:Drivers/STM32F4xx_HAL_Driver/Src/stm32f4xx_hal_tim_ex.c ****     return HAL_ERROR;
 518:Drivers/STM32F4xx_HAL_Driver/Src/stm32f4xx_hal_tim_ex.c ****   }
 519:Drivers/STM32F4xx_HAL_Driver/Src/stm32f4xx_hal_tim_ex.c **** 
 520:Drivers/STM32F4xx_HAL_Driver/Src/stm32f4xx_hal_tim_ex.c ****   /* Enable the Input Capture channel 1
 521:Drivers/STM32F4xx_HAL_Driver/Src/stm32f4xx_hal_tim_ex.c ****   (in the Hall Sensor Interface the three possible channels that can be used are TIM_CHANNEL_1,
 522:Drivers/STM32F4xx_HAL_Driver/Src/stm32f4xx_hal_tim_ex.c ****   TIM_CHANNEL_2 and TIM_CHANNEL_3) */
 523:Drivers/STM32F4xx_HAL_Driver/Src/stm32f4xx_hal_tim_ex.c ****   TIM_CCxChannelCmd(htim->Instance, TIM_CHANNEL_1, TIM_CCx_ENABLE);
 524:Drivers/STM32F4xx_HAL_Driver/Src/stm32f4xx_hal_tim_ex.c **** 
 525:Drivers/STM32F4xx_HAL_Driver/Src/stm32f4xx_hal_tim_ex.c ****   /* Set the DMA Input Capture 1 Callbacks */
 526:Drivers/STM32F4xx_HAL_Driver/Src/stm32f4xx_hal_tim_ex.c ****   htim->hdma[TIM_DMA_ID_CC1]->XferCpltCallback = TIM_DMACaptureCplt;
 527:Drivers/STM32F4xx_HAL_Driver/Src/stm32f4xx_hal_tim_ex.c ****   htim->hdma[TIM_DMA_ID_CC1]->XferHalfCpltCallback = TIM_DMACaptureHalfCplt;
 528:Drivers/STM32F4xx_HAL_Driver/Src/stm32f4xx_hal_tim_ex.c ****   /* Set the DMA error callback */
 529:Drivers/STM32F4xx_HAL_Driver/Src/stm32f4xx_hal_tim_ex.c ****   htim->hdma[TIM_DMA_ID_CC1]->XferErrorCallback = TIM_DMAError ;
 530:Drivers/STM32F4xx_HAL_Driver/Src/stm32f4xx_hal_tim_ex.c **** 
 531:Drivers/STM32F4xx_HAL_Driver/Src/stm32f4xx_hal_tim_ex.c ****   /* Enable the DMA stream for Capture 1*/
 532:Drivers/STM32F4xx_HAL_Driver/Src/stm32f4xx_hal_tim_ex.c ****   if (HAL_DMA_Start_IT(htim->hdma[TIM_DMA_ID_CC1], (uint32_t)&htim->Instance->CCR1, (uint32_t)pData
 533:Drivers/STM32F4xx_HAL_Driver/Src/stm32f4xx_hal_tim_ex.c ****   {
 534:Drivers/STM32F4xx_HAL_Driver/Src/stm32f4xx_hal_tim_ex.c ****     /* Return error status */
 535:Drivers/STM32F4xx_HAL_Driver/Src/stm32f4xx_hal_tim_ex.c ****     return HAL_ERROR;
 536:Drivers/STM32F4xx_HAL_Driver/Src/stm32f4xx_hal_tim_ex.c ****   }
 537:Drivers/STM32F4xx_HAL_Driver/Src/stm32f4xx_hal_tim_ex.c ****   /* Enable the capture compare 1 Interrupt */
 538:Drivers/STM32F4xx_HAL_Driver/Src/stm32f4xx_hal_tim_ex.c ****   __HAL_TIM_ENABLE_DMA(htim, TIM_DMA_CC1);
 539:Drivers/STM32F4xx_HAL_Driver/Src/stm32f4xx_hal_tim_ex.c **** 
 540:Drivers/STM32F4xx_HAL_Driver/Src/stm32f4xx_hal_tim_ex.c ****   /* Enable the Peripheral, except in trigger mode where enable is automatically done with trigger 
 541:Drivers/STM32F4xx_HAL_Driver/Src/stm32f4xx_hal_tim_ex.c ****   if (IS_TIM_SLAVE_INSTANCE(htim->Instance))
 542:Drivers/STM32F4xx_HAL_Driver/Src/stm32f4xx_hal_tim_ex.c ****   {
 543:Drivers/STM32F4xx_HAL_Driver/Src/stm32f4xx_hal_tim_ex.c ****     tmpsmcr = htim->Instance->SMCR & TIM_SMCR_SMS;
ARM GAS  C:\Users\pablo\AppData\Local\Temp\ccRGdM61.s 			page 11


 544:Drivers/STM32F4xx_HAL_Driver/Src/stm32f4xx_hal_tim_ex.c ****     if (!IS_TIM_SLAVEMODE_TRIGGER_ENABLED(tmpsmcr))
 545:Drivers/STM32F4xx_HAL_Driver/Src/stm32f4xx_hal_tim_ex.c ****     {
 546:Drivers/STM32F4xx_HAL_Driver/Src/stm32f4xx_hal_tim_ex.c ****       __HAL_TIM_ENABLE(htim);
 547:Drivers/STM32F4xx_HAL_Driver/Src/stm32f4xx_hal_tim_ex.c ****     }
 548:Drivers/STM32F4xx_HAL_Driver/Src/stm32f4xx_hal_tim_ex.c ****   }
 549:Drivers/STM32F4xx_HAL_Driver/Src/stm32f4xx_hal_tim_ex.c ****   else
 550:Drivers/STM32F4xx_HAL_Driver/Src/stm32f4xx_hal_tim_ex.c ****   {
 551:Drivers/STM32F4xx_HAL_Driver/Src/stm32f4xx_hal_tim_ex.c ****     __HAL_TIM_ENABLE(htim);
 552:Drivers/STM32F4xx_HAL_Driver/Src/stm32f4xx_hal_tim_ex.c ****   }
 553:Drivers/STM32F4xx_HAL_Driver/Src/stm32f4xx_hal_tim_ex.c **** 
 554:Drivers/STM32F4xx_HAL_Driver/Src/stm32f4xx_hal_tim_ex.c ****   /* Return function status */
 555:Drivers/STM32F4xx_HAL_Driver/Src/stm32f4xx_hal_tim_ex.c ****   return HAL_OK;
 556:Drivers/STM32F4xx_HAL_Driver/Src/stm32f4xx_hal_tim_ex.c **** }
 557:Drivers/STM32F4xx_HAL_Driver/Src/stm32f4xx_hal_tim_ex.c **** 
 558:Drivers/STM32F4xx_HAL_Driver/Src/stm32f4xx_hal_tim_ex.c **** /**
 559:Drivers/STM32F4xx_HAL_Driver/Src/stm32f4xx_hal_tim_ex.c ****   * @brief  Stops the TIM Hall Sensor Interface in DMA mode.
 560:Drivers/STM32F4xx_HAL_Driver/Src/stm32f4xx_hal_tim_ex.c ****   * @param  htim TIM Hall Sensor Interface handle
 561:Drivers/STM32F4xx_HAL_Driver/Src/stm32f4xx_hal_tim_ex.c ****   * @retval HAL status
 562:Drivers/STM32F4xx_HAL_Driver/Src/stm32f4xx_hal_tim_ex.c ****   */
 563:Drivers/STM32F4xx_HAL_Driver/Src/stm32f4xx_hal_tim_ex.c **** HAL_StatusTypeDef HAL_TIMEx_HallSensor_Stop_DMA(TIM_HandleTypeDef *htim)
 564:Drivers/STM32F4xx_HAL_Driver/Src/stm32f4xx_hal_tim_ex.c **** {
 565:Drivers/STM32F4xx_HAL_Driver/Src/stm32f4xx_hal_tim_ex.c ****   /* Check the parameters */
 566:Drivers/STM32F4xx_HAL_Driver/Src/stm32f4xx_hal_tim_ex.c ****   assert_param(IS_TIM_HALL_SENSOR_INTERFACE_INSTANCE(htim->Instance));
 567:Drivers/STM32F4xx_HAL_Driver/Src/stm32f4xx_hal_tim_ex.c **** 
 568:Drivers/STM32F4xx_HAL_Driver/Src/stm32f4xx_hal_tim_ex.c ****   /* Disable the Input Capture channel 1
 569:Drivers/STM32F4xx_HAL_Driver/Src/stm32f4xx_hal_tim_ex.c ****   (in the Hall Sensor Interface the three possible channels that can be used are TIM_CHANNEL_1,
 570:Drivers/STM32F4xx_HAL_Driver/Src/stm32f4xx_hal_tim_ex.c ****   TIM_CHANNEL_2 and TIM_CHANNEL_3) */
 571:Drivers/STM32F4xx_HAL_Driver/Src/stm32f4xx_hal_tim_ex.c ****   TIM_CCxChannelCmd(htim->Instance, TIM_CHANNEL_1, TIM_CCx_DISABLE);
 572:Drivers/STM32F4xx_HAL_Driver/Src/stm32f4xx_hal_tim_ex.c **** 
 573:Drivers/STM32F4xx_HAL_Driver/Src/stm32f4xx_hal_tim_ex.c **** 
 574:Drivers/STM32F4xx_HAL_Driver/Src/stm32f4xx_hal_tim_ex.c ****   /* Disable the capture compare Interrupts 1 event */
 575:Drivers/STM32F4xx_HAL_Driver/Src/stm32f4xx_hal_tim_ex.c ****   __HAL_TIM_DISABLE_DMA(htim, TIM_DMA_CC1);
 576:Drivers/STM32F4xx_HAL_Driver/Src/stm32f4xx_hal_tim_ex.c **** 
 577:Drivers/STM32F4xx_HAL_Driver/Src/stm32f4xx_hal_tim_ex.c ****   (void)HAL_DMA_Abort_IT(htim->hdma[TIM_DMA_ID_CC1]);
 578:Drivers/STM32F4xx_HAL_Driver/Src/stm32f4xx_hal_tim_ex.c **** 
 579:Drivers/STM32F4xx_HAL_Driver/Src/stm32f4xx_hal_tim_ex.c ****   /* Disable the Peripheral */
 580:Drivers/STM32F4xx_HAL_Driver/Src/stm32f4xx_hal_tim_ex.c ****   __HAL_TIM_DISABLE(htim);
 581:Drivers/STM32F4xx_HAL_Driver/Src/stm32f4xx_hal_tim_ex.c **** 
 582:Drivers/STM32F4xx_HAL_Driver/Src/stm32f4xx_hal_tim_ex.c ****   /* Set the TIM channel state */
 583:Drivers/STM32F4xx_HAL_Driver/Src/stm32f4xx_hal_tim_ex.c ****   TIM_CHANNEL_STATE_SET(htim, TIM_CHANNEL_1, HAL_TIM_CHANNEL_STATE_READY);
 584:Drivers/STM32F4xx_HAL_Driver/Src/stm32f4xx_hal_tim_ex.c ****   TIM_CHANNEL_N_STATE_SET(htim, TIM_CHANNEL_1, HAL_TIM_CHANNEL_STATE_READY);
 585:Drivers/STM32F4xx_HAL_Driver/Src/stm32f4xx_hal_tim_ex.c **** 
 586:Drivers/STM32F4xx_HAL_Driver/Src/stm32f4xx_hal_tim_ex.c ****   /* Return function status */
 587:Drivers/STM32F4xx_HAL_Driver/Src/stm32f4xx_hal_tim_ex.c ****   return HAL_OK;
 588:Drivers/STM32F4xx_HAL_Driver/Src/stm32f4xx_hal_tim_ex.c **** }
 589:Drivers/STM32F4xx_HAL_Driver/Src/stm32f4xx_hal_tim_ex.c **** 
 590:Drivers/STM32F4xx_HAL_Driver/Src/stm32f4xx_hal_tim_ex.c **** /**
 591:Drivers/STM32F4xx_HAL_Driver/Src/stm32f4xx_hal_tim_ex.c ****   * @}
 592:Drivers/STM32F4xx_HAL_Driver/Src/stm32f4xx_hal_tim_ex.c ****   */
 593:Drivers/STM32F4xx_HAL_Driver/Src/stm32f4xx_hal_tim_ex.c **** 
 594:Drivers/STM32F4xx_HAL_Driver/Src/stm32f4xx_hal_tim_ex.c **** /** @defgroup TIMEx_Exported_Functions_Group2 Extended Timer Complementary Output Compare functions
 595:Drivers/STM32F4xx_HAL_Driver/Src/stm32f4xx_hal_tim_ex.c ****   *  @brief   Timer Complementary Output Compare functions
 596:Drivers/STM32F4xx_HAL_Driver/Src/stm32f4xx_hal_tim_ex.c ****   *
 597:Drivers/STM32F4xx_HAL_Driver/Src/stm32f4xx_hal_tim_ex.c **** @verbatim
 598:Drivers/STM32F4xx_HAL_Driver/Src/stm32f4xx_hal_tim_ex.c ****   ==============================================================================
 599:Drivers/STM32F4xx_HAL_Driver/Src/stm32f4xx_hal_tim_ex.c ****               ##### Timer Complementary Output Compare functions #####
 600:Drivers/STM32F4xx_HAL_Driver/Src/stm32f4xx_hal_tim_ex.c ****   ==============================================================================
ARM GAS  C:\Users\pablo\AppData\Local\Temp\ccRGdM61.s 			page 12


 601:Drivers/STM32F4xx_HAL_Driver/Src/stm32f4xx_hal_tim_ex.c ****   [..]
 602:Drivers/STM32F4xx_HAL_Driver/Src/stm32f4xx_hal_tim_ex.c ****     This section provides functions allowing to:
 603:Drivers/STM32F4xx_HAL_Driver/Src/stm32f4xx_hal_tim_ex.c ****     (+) Start the Complementary Output Compare/PWM.
 604:Drivers/STM32F4xx_HAL_Driver/Src/stm32f4xx_hal_tim_ex.c ****     (+) Stop the Complementary Output Compare/PWM.
 605:Drivers/STM32F4xx_HAL_Driver/Src/stm32f4xx_hal_tim_ex.c ****     (+) Start the Complementary Output Compare/PWM and enable interrupts.
 606:Drivers/STM32F4xx_HAL_Driver/Src/stm32f4xx_hal_tim_ex.c ****     (+) Stop the Complementary Output Compare/PWM and disable interrupts.
 607:Drivers/STM32F4xx_HAL_Driver/Src/stm32f4xx_hal_tim_ex.c ****     (+) Start the Complementary Output Compare/PWM and enable DMA transfers.
 608:Drivers/STM32F4xx_HAL_Driver/Src/stm32f4xx_hal_tim_ex.c ****     (+) Stop the Complementary Output Compare/PWM and disable DMA transfers.
 609:Drivers/STM32F4xx_HAL_Driver/Src/stm32f4xx_hal_tim_ex.c **** 
 610:Drivers/STM32F4xx_HAL_Driver/Src/stm32f4xx_hal_tim_ex.c **** @endverbatim
 611:Drivers/STM32F4xx_HAL_Driver/Src/stm32f4xx_hal_tim_ex.c ****   * @{
 612:Drivers/STM32F4xx_HAL_Driver/Src/stm32f4xx_hal_tim_ex.c ****   */
 613:Drivers/STM32F4xx_HAL_Driver/Src/stm32f4xx_hal_tim_ex.c **** 
 614:Drivers/STM32F4xx_HAL_Driver/Src/stm32f4xx_hal_tim_ex.c **** /**
 615:Drivers/STM32F4xx_HAL_Driver/Src/stm32f4xx_hal_tim_ex.c ****   * @brief  Starts the TIM Output Compare signal generation on the complementary
 616:Drivers/STM32F4xx_HAL_Driver/Src/stm32f4xx_hal_tim_ex.c ****   *         output.
 617:Drivers/STM32F4xx_HAL_Driver/Src/stm32f4xx_hal_tim_ex.c ****   * @param  htim TIM Output Compare handle
 618:Drivers/STM32F4xx_HAL_Driver/Src/stm32f4xx_hal_tim_ex.c ****   * @param  Channel TIM Channel to be enabled
 619:Drivers/STM32F4xx_HAL_Driver/Src/stm32f4xx_hal_tim_ex.c ****   *          This parameter can be one of the following values:
 620:Drivers/STM32F4xx_HAL_Driver/Src/stm32f4xx_hal_tim_ex.c ****   *            @arg TIM_CHANNEL_1: TIM Channel 1 selected
 621:Drivers/STM32F4xx_HAL_Driver/Src/stm32f4xx_hal_tim_ex.c ****   *            @arg TIM_CHANNEL_2: TIM Channel 2 selected
 622:Drivers/STM32F4xx_HAL_Driver/Src/stm32f4xx_hal_tim_ex.c ****   *            @arg TIM_CHANNEL_3: TIM Channel 3 selected
 623:Drivers/STM32F4xx_HAL_Driver/Src/stm32f4xx_hal_tim_ex.c ****   * @retval HAL status
 624:Drivers/STM32F4xx_HAL_Driver/Src/stm32f4xx_hal_tim_ex.c ****   */
 625:Drivers/STM32F4xx_HAL_Driver/Src/stm32f4xx_hal_tim_ex.c **** HAL_StatusTypeDef HAL_TIMEx_OCN_Start(TIM_HandleTypeDef *htim, uint32_t Channel)
 626:Drivers/STM32F4xx_HAL_Driver/Src/stm32f4xx_hal_tim_ex.c **** {
 627:Drivers/STM32F4xx_HAL_Driver/Src/stm32f4xx_hal_tim_ex.c ****   uint32_t tmpsmcr;
 628:Drivers/STM32F4xx_HAL_Driver/Src/stm32f4xx_hal_tim_ex.c **** 
 629:Drivers/STM32F4xx_HAL_Driver/Src/stm32f4xx_hal_tim_ex.c ****   /* Check the parameters */
 630:Drivers/STM32F4xx_HAL_Driver/Src/stm32f4xx_hal_tim_ex.c ****   assert_param(IS_TIM_CCXN_INSTANCE(htim->Instance, Channel));
 631:Drivers/STM32F4xx_HAL_Driver/Src/stm32f4xx_hal_tim_ex.c **** 
 632:Drivers/STM32F4xx_HAL_Driver/Src/stm32f4xx_hal_tim_ex.c ****   /* Check the TIM complementary channel state */
 633:Drivers/STM32F4xx_HAL_Driver/Src/stm32f4xx_hal_tim_ex.c ****   if (TIM_CHANNEL_N_STATE_GET(htim, Channel) != HAL_TIM_CHANNEL_STATE_READY)
 634:Drivers/STM32F4xx_HAL_Driver/Src/stm32f4xx_hal_tim_ex.c ****   {
 635:Drivers/STM32F4xx_HAL_Driver/Src/stm32f4xx_hal_tim_ex.c ****     return HAL_ERROR;
 636:Drivers/STM32F4xx_HAL_Driver/Src/stm32f4xx_hal_tim_ex.c ****   }
 637:Drivers/STM32F4xx_HAL_Driver/Src/stm32f4xx_hal_tim_ex.c **** 
 638:Drivers/STM32F4xx_HAL_Driver/Src/stm32f4xx_hal_tim_ex.c ****   /* Set the TIM complementary channel state */
 639:Drivers/STM32F4xx_HAL_Driver/Src/stm32f4xx_hal_tim_ex.c ****   TIM_CHANNEL_N_STATE_SET(htim, Channel, HAL_TIM_CHANNEL_STATE_BUSY);
 640:Drivers/STM32F4xx_HAL_Driver/Src/stm32f4xx_hal_tim_ex.c **** 
 641:Drivers/STM32F4xx_HAL_Driver/Src/stm32f4xx_hal_tim_ex.c ****   /* Enable the Capture compare channel N */
 642:Drivers/STM32F4xx_HAL_Driver/Src/stm32f4xx_hal_tim_ex.c ****   TIM_CCxNChannelCmd(htim->Instance, Channel, TIM_CCxN_ENABLE);
 643:Drivers/STM32F4xx_HAL_Driver/Src/stm32f4xx_hal_tim_ex.c **** 
 644:Drivers/STM32F4xx_HAL_Driver/Src/stm32f4xx_hal_tim_ex.c ****   /* Enable the Main Output */
 645:Drivers/STM32F4xx_HAL_Driver/Src/stm32f4xx_hal_tim_ex.c ****   __HAL_TIM_MOE_ENABLE(htim);
 646:Drivers/STM32F4xx_HAL_Driver/Src/stm32f4xx_hal_tim_ex.c **** 
 647:Drivers/STM32F4xx_HAL_Driver/Src/stm32f4xx_hal_tim_ex.c ****   /* Enable the Peripheral, except in trigger mode where enable is automatically done with trigger 
 648:Drivers/STM32F4xx_HAL_Driver/Src/stm32f4xx_hal_tim_ex.c ****   if (IS_TIM_SLAVE_INSTANCE(htim->Instance))
 649:Drivers/STM32F4xx_HAL_Driver/Src/stm32f4xx_hal_tim_ex.c ****   {
 650:Drivers/STM32F4xx_HAL_Driver/Src/stm32f4xx_hal_tim_ex.c ****     tmpsmcr = htim->Instance->SMCR & TIM_SMCR_SMS;
 651:Drivers/STM32F4xx_HAL_Driver/Src/stm32f4xx_hal_tim_ex.c ****     if (!IS_TIM_SLAVEMODE_TRIGGER_ENABLED(tmpsmcr))
 652:Drivers/STM32F4xx_HAL_Driver/Src/stm32f4xx_hal_tim_ex.c ****     {
 653:Drivers/STM32F4xx_HAL_Driver/Src/stm32f4xx_hal_tim_ex.c ****       __HAL_TIM_ENABLE(htim);
 654:Drivers/STM32F4xx_HAL_Driver/Src/stm32f4xx_hal_tim_ex.c ****     }
 655:Drivers/STM32F4xx_HAL_Driver/Src/stm32f4xx_hal_tim_ex.c ****   }
 656:Drivers/STM32F4xx_HAL_Driver/Src/stm32f4xx_hal_tim_ex.c ****   else
 657:Drivers/STM32F4xx_HAL_Driver/Src/stm32f4xx_hal_tim_ex.c ****   {
ARM GAS  C:\Users\pablo\AppData\Local\Temp\ccRGdM61.s 			page 13


 658:Drivers/STM32F4xx_HAL_Driver/Src/stm32f4xx_hal_tim_ex.c ****     __HAL_TIM_ENABLE(htim);
 659:Drivers/STM32F4xx_HAL_Driver/Src/stm32f4xx_hal_tim_ex.c ****   }
 660:Drivers/STM32F4xx_HAL_Driver/Src/stm32f4xx_hal_tim_ex.c **** 
 661:Drivers/STM32F4xx_HAL_Driver/Src/stm32f4xx_hal_tim_ex.c ****   /* Return function status */
 662:Drivers/STM32F4xx_HAL_Driver/Src/stm32f4xx_hal_tim_ex.c ****   return HAL_OK;
 663:Drivers/STM32F4xx_HAL_Driver/Src/stm32f4xx_hal_tim_ex.c **** }
 664:Drivers/STM32F4xx_HAL_Driver/Src/stm32f4xx_hal_tim_ex.c **** 
 665:Drivers/STM32F4xx_HAL_Driver/Src/stm32f4xx_hal_tim_ex.c **** /**
 666:Drivers/STM32F4xx_HAL_Driver/Src/stm32f4xx_hal_tim_ex.c ****   * @brief  Stops the TIM Output Compare signal generation on the complementary
 667:Drivers/STM32F4xx_HAL_Driver/Src/stm32f4xx_hal_tim_ex.c ****   *         output.
 668:Drivers/STM32F4xx_HAL_Driver/Src/stm32f4xx_hal_tim_ex.c ****   * @param  htim TIM handle
 669:Drivers/STM32F4xx_HAL_Driver/Src/stm32f4xx_hal_tim_ex.c ****   * @param  Channel TIM Channel to be disabled
 670:Drivers/STM32F4xx_HAL_Driver/Src/stm32f4xx_hal_tim_ex.c ****   *          This parameter can be one of the following values:
 671:Drivers/STM32F4xx_HAL_Driver/Src/stm32f4xx_hal_tim_ex.c ****   *            @arg TIM_CHANNEL_1: TIM Channel 1 selected
 672:Drivers/STM32F4xx_HAL_Driver/Src/stm32f4xx_hal_tim_ex.c ****   *            @arg TIM_CHANNEL_2: TIM Channel 2 selected
 673:Drivers/STM32F4xx_HAL_Driver/Src/stm32f4xx_hal_tim_ex.c ****   *            @arg TIM_CHANNEL_3: TIM Channel 3 selected
 674:Drivers/STM32F4xx_HAL_Driver/Src/stm32f4xx_hal_tim_ex.c ****   * @retval HAL status
 675:Drivers/STM32F4xx_HAL_Driver/Src/stm32f4xx_hal_tim_ex.c ****   */
 676:Drivers/STM32F4xx_HAL_Driver/Src/stm32f4xx_hal_tim_ex.c **** HAL_StatusTypeDef HAL_TIMEx_OCN_Stop(TIM_HandleTypeDef *htim, uint32_t Channel)
 677:Drivers/STM32F4xx_HAL_Driver/Src/stm32f4xx_hal_tim_ex.c **** {
 678:Drivers/STM32F4xx_HAL_Driver/Src/stm32f4xx_hal_tim_ex.c ****   /* Check the parameters */
 679:Drivers/STM32F4xx_HAL_Driver/Src/stm32f4xx_hal_tim_ex.c ****   assert_param(IS_TIM_CCXN_INSTANCE(htim->Instance, Channel));
 680:Drivers/STM32F4xx_HAL_Driver/Src/stm32f4xx_hal_tim_ex.c **** 
 681:Drivers/STM32F4xx_HAL_Driver/Src/stm32f4xx_hal_tim_ex.c ****   /* Disable the Capture compare channel N */
 682:Drivers/STM32F4xx_HAL_Driver/Src/stm32f4xx_hal_tim_ex.c ****   TIM_CCxNChannelCmd(htim->Instance, Channel, TIM_CCxN_DISABLE);
 683:Drivers/STM32F4xx_HAL_Driver/Src/stm32f4xx_hal_tim_ex.c **** 
 684:Drivers/STM32F4xx_HAL_Driver/Src/stm32f4xx_hal_tim_ex.c ****   /* Disable the Main Output */
 685:Drivers/STM32F4xx_HAL_Driver/Src/stm32f4xx_hal_tim_ex.c ****   __HAL_TIM_MOE_DISABLE(htim);
 686:Drivers/STM32F4xx_HAL_Driver/Src/stm32f4xx_hal_tim_ex.c **** 
 687:Drivers/STM32F4xx_HAL_Driver/Src/stm32f4xx_hal_tim_ex.c ****   /* Disable the Peripheral */
 688:Drivers/STM32F4xx_HAL_Driver/Src/stm32f4xx_hal_tim_ex.c ****   __HAL_TIM_DISABLE(htim);
 689:Drivers/STM32F4xx_HAL_Driver/Src/stm32f4xx_hal_tim_ex.c **** 
 690:Drivers/STM32F4xx_HAL_Driver/Src/stm32f4xx_hal_tim_ex.c ****   /* Set the TIM complementary channel state */
 691:Drivers/STM32F4xx_HAL_Driver/Src/stm32f4xx_hal_tim_ex.c ****   TIM_CHANNEL_N_STATE_SET(htim, Channel, HAL_TIM_CHANNEL_STATE_READY);
 692:Drivers/STM32F4xx_HAL_Driver/Src/stm32f4xx_hal_tim_ex.c **** 
 693:Drivers/STM32F4xx_HAL_Driver/Src/stm32f4xx_hal_tim_ex.c ****   /* Return function status */
 694:Drivers/STM32F4xx_HAL_Driver/Src/stm32f4xx_hal_tim_ex.c ****   return HAL_OK;
 695:Drivers/STM32F4xx_HAL_Driver/Src/stm32f4xx_hal_tim_ex.c **** }
 696:Drivers/STM32F4xx_HAL_Driver/Src/stm32f4xx_hal_tim_ex.c **** 
 697:Drivers/STM32F4xx_HAL_Driver/Src/stm32f4xx_hal_tim_ex.c **** /**
 698:Drivers/STM32F4xx_HAL_Driver/Src/stm32f4xx_hal_tim_ex.c ****   * @brief  Starts the TIM Output Compare signal generation in interrupt mode
 699:Drivers/STM32F4xx_HAL_Driver/Src/stm32f4xx_hal_tim_ex.c ****   *         on the complementary output.
 700:Drivers/STM32F4xx_HAL_Driver/Src/stm32f4xx_hal_tim_ex.c ****   * @param  htim TIM OC handle
 701:Drivers/STM32F4xx_HAL_Driver/Src/stm32f4xx_hal_tim_ex.c ****   * @param  Channel TIM Channel to be enabled
 702:Drivers/STM32F4xx_HAL_Driver/Src/stm32f4xx_hal_tim_ex.c ****   *          This parameter can be one of the following values:
 703:Drivers/STM32F4xx_HAL_Driver/Src/stm32f4xx_hal_tim_ex.c ****   *            @arg TIM_CHANNEL_1: TIM Channel 1 selected
 704:Drivers/STM32F4xx_HAL_Driver/Src/stm32f4xx_hal_tim_ex.c ****   *            @arg TIM_CHANNEL_2: TIM Channel 2 selected
 705:Drivers/STM32F4xx_HAL_Driver/Src/stm32f4xx_hal_tim_ex.c ****   *            @arg TIM_CHANNEL_3: TIM Channel 3 selected
 706:Drivers/STM32F4xx_HAL_Driver/Src/stm32f4xx_hal_tim_ex.c ****   * @retval HAL status
 707:Drivers/STM32F4xx_HAL_Driver/Src/stm32f4xx_hal_tim_ex.c ****   */
 708:Drivers/STM32F4xx_HAL_Driver/Src/stm32f4xx_hal_tim_ex.c **** HAL_StatusTypeDef HAL_TIMEx_OCN_Start_IT(TIM_HandleTypeDef *htim, uint32_t Channel)
 709:Drivers/STM32F4xx_HAL_Driver/Src/stm32f4xx_hal_tim_ex.c **** {
 710:Drivers/STM32F4xx_HAL_Driver/Src/stm32f4xx_hal_tim_ex.c ****   HAL_StatusTypeDef status = HAL_OK;
 711:Drivers/STM32F4xx_HAL_Driver/Src/stm32f4xx_hal_tim_ex.c ****   uint32_t tmpsmcr;
 712:Drivers/STM32F4xx_HAL_Driver/Src/stm32f4xx_hal_tim_ex.c **** 
 713:Drivers/STM32F4xx_HAL_Driver/Src/stm32f4xx_hal_tim_ex.c ****   /* Check the parameters */
 714:Drivers/STM32F4xx_HAL_Driver/Src/stm32f4xx_hal_tim_ex.c ****   assert_param(IS_TIM_CCXN_INSTANCE(htim->Instance, Channel));
ARM GAS  C:\Users\pablo\AppData\Local\Temp\ccRGdM61.s 			page 14


 715:Drivers/STM32F4xx_HAL_Driver/Src/stm32f4xx_hal_tim_ex.c **** 
 716:Drivers/STM32F4xx_HAL_Driver/Src/stm32f4xx_hal_tim_ex.c ****   /* Check the TIM complementary channel state */
 717:Drivers/STM32F4xx_HAL_Driver/Src/stm32f4xx_hal_tim_ex.c ****   if (TIM_CHANNEL_N_STATE_GET(htim, Channel) != HAL_TIM_CHANNEL_STATE_READY)
 718:Drivers/STM32F4xx_HAL_Driver/Src/stm32f4xx_hal_tim_ex.c ****   {
 719:Drivers/STM32F4xx_HAL_Driver/Src/stm32f4xx_hal_tim_ex.c ****     return HAL_ERROR;
 720:Drivers/STM32F4xx_HAL_Driver/Src/stm32f4xx_hal_tim_ex.c ****   }
 721:Drivers/STM32F4xx_HAL_Driver/Src/stm32f4xx_hal_tim_ex.c **** 
 722:Drivers/STM32F4xx_HAL_Driver/Src/stm32f4xx_hal_tim_ex.c ****   /* Set the TIM complementary channel state */
 723:Drivers/STM32F4xx_HAL_Driver/Src/stm32f4xx_hal_tim_ex.c ****   TIM_CHANNEL_N_STATE_SET(htim, Channel, HAL_TIM_CHANNEL_STATE_BUSY);
 724:Drivers/STM32F4xx_HAL_Driver/Src/stm32f4xx_hal_tim_ex.c **** 
 725:Drivers/STM32F4xx_HAL_Driver/Src/stm32f4xx_hal_tim_ex.c ****   switch (Channel)
 726:Drivers/STM32F4xx_HAL_Driver/Src/stm32f4xx_hal_tim_ex.c ****   {
 727:Drivers/STM32F4xx_HAL_Driver/Src/stm32f4xx_hal_tim_ex.c ****     case TIM_CHANNEL_1:
 728:Drivers/STM32F4xx_HAL_Driver/Src/stm32f4xx_hal_tim_ex.c ****     {
 729:Drivers/STM32F4xx_HAL_Driver/Src/stm32f4xx_hal_tim_ex.c ****       /* Enable the TIM Output Compare interrupt */
 730:Drivers/STM32F4xx_HAL_Driver/Src/stm32f4xx_hal_tim_ex.c ****       __HAL_TIM_ENABLE_IT(htim, TIM_IT_CC1);
 731:Drivers/STM32F4xx_HAL_Driver/Src/stm32f4xx_hal_tim_ex.c ****       break;
 732:Drivers/STM32F4xx_HAL_Driver/Src/stm32f4xx_hal_tim_ex.c ****     }
 733:Drivers/STM32F4xx_HAL_Driver/Src/stm32f4xx_hal_tim_ex.c **** 
 734:Drivers/STM32F4xx_HAL_Driver/Src/stm32f4xx_hal_tim_ex.c ****     case TIM_CHANNEL_2:
 735:Drivers/STM32F4xx_HAL_Driver/Src/stm32f4xx_hal_tim_ex.c ****     {
 736:Drivers/STM32F4xx_HAL_Driver/Src/stm32f4xx_hal_tim_ex.c ****       /* Enable the TIM Output Compare interrupt */
 737:Drivers/STM32F4xx_HAL_Driver/Src/stm32f4xx_hal_tim_ex.c ****       __HAL_TIM_ENABLE_IT(htim, TIM_IT_CC2);
 738:Drivers/STM32F4xx_HAL_Driver/Src/stm32f4xx_hal_tim_ex.c ****       break;
 739:Drivers/STM32F4xx_HAL_Driver/Src/stm32f4xx_hal_tim_ex.c ****     }
 740:Drivers/STM32F4xx_HAL_Driver/Src/stm32f4xx_hal_tim_ex.c **** 
 741:Drivers/STM32F4xx_HAL_Driver/Src/stm32f4xx_hal_tim_ex.c ****     case TIM_CHANNEL_3:
 742:Drivers/STM32F4xx_HAL_Driver/Src/stm32f4xx_hal_tim_ex.c ****     {
 743:Drivers/STM32F4xx_HAL_Driver/Src/stm32f4xx_hal_tim_ex.c ****       /* Enable the TIM Output Compare interrupt */
 744:Drivers/STM32F4xx_HAL_Driver/Src/stm32f4xx_hal_tim_ex.c ****       __HAL_TIM_ENABLE_IT(htim, TIM_IT_CC3);
 745:Drivers/STM32F4xx_HAL_Driver/Src/stm32f4xx_hal_tim_ex.c ****       break;
 746:Drivers/STM32F4xx_HAL_Driver/Src/stm32f4xx_hal_tim_ex.c ****     }
 747:Drivers/STM32F4xx_HAL_Driver/Src/stm32f4xx_hal_tim_ex.c **** 
 748:Drivers/STM32F4xx_HAL_Driver/Src/stm32f4xx_hal_tim_ex.c **** 
 749:Drivers/STM32F4xx_HAL_Driver/Src/stm32f4xx_hal_tim_ex.c ****     default:
 750:Drivers/STM32F4xx_HAL_Driver/Src/stm32f4xx_hal_tim_ex.c ****       status = HAL_ERROR;
 751:Drivers/STM32F4xx_HAL_Driver/Src/stm32f4xx_hal_tim_ex.c ****       break;
 752:Drivers/STM32F4xx_HAL_Driver/Src/stm32f4xx_hal_tim_ex.c ****   }
 753:Drivers/STM32F4xx_HAL_Driver/Src/stm32f4xx_hal_tim_ex.c **** 
 754:Drivers/STM32F4xx_HAL_Driver/Src/stm32f4xx_hal_tim_ex.c ****   if (status == HAL_OK)
 755:Drivers/STM32F4xx_HAL_Driver/Src/stm32f4xx_hal_tim_ex.c ****   {
 756:Drivers/STM32F4xx_HAL_Driver/Src/stm32f4xx_hal_tim_ex.c ****     /* Enable the TIM Break interrupt */
 757:Drivers/STM32F4xx_HAL_Driver/Src/stm32f4xx_hal_tim_ex.c ****     __HAL_TIM_ENABLE_IT(htim, TIM_IT_BREAK);
 758:Drivers/STM32F4xx_HAL_Driver/Src/stm32f4xx_hal_tim_ex.c **** 
 759:Drivers/STM32F4xx_HAL_Driver/Src/stm32f4xx_hal_tim_ex.c ****     /* Enable the Capture compare channel N */
 760:Drivers/STM32F4xx_HAL_Driver/Src/stm32f4xx_hal_tim_ex.c ****     TIM_CCxNChannelCmd(htim->Instance, Channel, TIM_CCxN_ENABLE);
 761:Drivers/STM32F4xx_HAL_Driver/Src/stm32f4xx_hal_tim_ex.c **** 
 762:Drivers/STM32F4xx_HAL_Driver/Src/stm32f4xx_hal_tim_ex.c ****     /* Enable the Main Output */
 763:Drivers/STM32F4xx_HAL_Driver/Src/stm32f4xx_hal_tim_ex.c ****     __HAL_TIM_MOE_ENABLE(htim);
 764:Drivers/STM32F4xx_HAL_Driver/Src/stm32f4xx_hal_tim_ex.c **** 
 765:Drivers/STM32F4xx_HAL_Driver/Src/stm32f4xx_hal_tim_ex.c ****     /* Enable the Peripheral, except in trigger mode where enable is automatically done with trigge
 766:Drivers/STM32F4xx_HAL_Driver/Src/stm32f4xx_hal_tim_ex.c ****     if (IS_TIM_SLAVE_INSTANCE(htim->Instance))
 767:Drivers/STM32F4xx_HAL_Driver/Src/stm32f4xx_hal_tim_ex.c ****     {
 768:Drivers/STM32F4xx_HAL_Driver/Src/stm32f4xx_hal_tim_ex.c ****       tmpsmcr = htim->Instance->SMCR & TIM_SMCR_SMS;
 769:Drivers/STM32F4xx_HAL_Driver/Src/stm32f4xx_hal_tim_ex.c ****       if (!IS_TIM_SLAVEMODE_TRIGGER_ENABLED(tmpsmcr))
 770:Drivers/STM32F4xx_HAL_Driver/Src/stm32f4xx_hal_tim_ex.c ****       {
 771:Drivers/STM32F4xx_HAL_Driver/Src/stm32f4xx_hal_tim_ex.c ****         __HAL_TIM_ENABLE(htim);
ARM GAS  C:\Users\pablo\AppData\Local\Temp\ccRGdM61.s 			page 15


 772:Drivers/STM32F4xx_HAL_Driver/Src/stm32f4xx_hal_tim_ex.c ****       }
 773:Drivers/STM32F4xx_HAL_Driver/Src/stm32f4xx_hal_tim_ex.c ****     }
 774:Drivers/STM32F4xx_HAL_Driver/Src/stm32f4xx_hal_tim_ex.c ****     else
 775:Drivers/STM32F4xx_HAL_Driver/Src/stm32f4xx_hal_tim_ex.c ****     {
 776:Drivers/STM32F4xx_HAL_Driver/Src/stm32f4xx_hal_tim_ex.c ****       __HAL_TIM_ENABLE(htim);
 777:Drivers/STM32F4xx_HAL_Driver/Src/stm32f4xx_hal_tim_ex.c ****     }
 778:Drivers/STM32F4xx_HAL_Driver/Src/stm32f4xx_hal_tim_ex.c ****   }
 779:Drivers/STM32F4xx_HAL_Driver/Src/stm32f4xx_hal_tim_ex.c **** 
 780:Drivers/STM32F4xx_HAL_Driver/Src/stm32f4xx_hal_tim_ex.c ****   /* Return function status */
 781:Drivers/STM32F4xx_HAL_Driver/Src/stm32f4xx_hal_tim_ex.c ****   return status;
 782:Drivers/STM32F4xx_HAL_Driver/Src/stm32f4xx_hal_tim_ex.c **** }
 783:Drivers/STM32F4xx_HAL_Driver/Src/stm32f4xx_hal_tim_ex.c **** 
 784:Drivers/STM32F4xx_HAL_Driver/Src/stm32f4xx_hal_tim_ex.c **** /**
 785:Drivers/STM32F4xx_HAL_Driver/Src/stm32f4xx_hal_tim_ex.c ****   * @brief  Stops the TIM Output Compare signal generation in interrupt mode
 786:Drivers/STM32F4xx_HAL_Driver/Src/stm32f4xx_hal_tim_ex.c ****   *         on the complementary output.
 787:Drivers/STM32F4xx_HAL_Driver/Src/stm32f4xx_hal_tim_ex.c ****   * @param  htim TIM Output Compare handle
 788:Drivers/STM32F4xx_HAL_Driver/Src/stm32f4xx_hal_tim_ex.c ****   * @param  Channel TIM Channel to be disabled
 789:Drivers/STM32F4xx_HAL_Driver/Src/stm32f4xx_hal_tim_ex.c ****   *          This parameter can be one of the following values:
 790:Drivers/STM32F4xx_HAL_Driver/Src/stm32f4xx_hal_tim_ex.c ****   *            @arg TIM_CHANNEL_1: TIM Channel 1 selected
 791:Drivers/STM32F4xx_HAL_Driver/Src/stm32f4xx_hal_tim_ex.c ****   *            @arg TIM_CHANNEL_2: TIM Channel 2 selected
 792:Drivers/STM32F4xx_HAL_Driver/Src/stm32f4xx_hal_tim_ex.c ****   *            @arg TIM_CHANNEL_3: TIM Channel 3 selected
 793:Drivers/STM32F4xx_HAL_Driver/Src/stm32f4xx_hal_tim_ex.c ****   * @retval HAL status
 794:Drivers/STM32F4xx_HAL_Driver/Src/stm32f4xx_hal_tim_ex.c ****   */
 795:Drivers/STM32F4xx_HAL_Driver/Src/stm32f4xx_hal_tim_ex.c **** HAL_StatusTypeDef HAL_TIMEx_OCN_Stop_IT(TIM_HandleTypeDef *htim, uint32_t Channel)
 796:Drivers/STM32F4xx_HAL_Driver/Src/stm32f4xx_hal_tim_ex.c **** {
 797:Drivers/STM32F4xx_HAL_Driver/Src/stm32f4xx_hal_tim_ex.c ****   HAL_StatusTypeDef status = HAL_OK;
 798:Drivers/STM32F4xx_HAL_Driver/Src/stm32f4xx_hal_tim_ex.c ****   uint32_t tmpccer;
 799:Drivers/STM32F4xx_HAL_Driver/Src/stm32f4xx_hal_tim_ex.c **** 
 800:Drivers/STM32F4xx_HAL_Driver/Src/stm32f4xx_hal_tim_ex.c ****   /* Check the parameters */
 801:Drivers/STM32F4xx_HAL_Driver/Src/stm32f4xx_hal_tim_ex.c ****   assert_param(IS_TIM_CCXN_INSTANCE(htim->Instance, Channel));
 802:Drivers/STM32F4xx_HAL_Driver/Src/stm32f4xx_hal_tim_ex.c **** 
 803:Drivers/STM32F4xx_HAL_Driver/Src/stm32f4xx_hal_tim_ex.c ****   switch (Channel)
 804:Drivers/STM32F4xx_HAL_Driver/Src/stm32f4xx_hal_tim_ex.c ****   {
 805:Drivers/STM32F4xx_HAL_Driver/Src/stm32f4xx_hal_tim_ex.c ****     case TIM_CHANNEL_1:
 806:Drivers/STM32F4xx_HAL_Driver/Src/stm32f4xx_hal_tim_ex.c ****     {
 807:Drivers/STM32F4xx_HAL_Driver/Src/stm32f4xx_hal_tim_ex.c ****       /* Disable the TIM Output Compare interrupt */
 808:Drivers/STM32F4xx_HAL_Driver/Src/stm32f4xx_hal_tim_ex.c ****       __HAL_TIM_DISABLE_IT(htim, TIM_IT_CC1);
 809:Drivers/STM32F4xx_HAL_Driver/Src/stm32f4xx_hal_tim_ex.c ****       break;
 810:Drivers/STM32F4xx_HAL_Driver/Src/stm32f4xx_hal_tim_ex.c ****     }
 811:Drivers/STM32F4xx_HAL_Driver/Src/stm32f4xx_hal_tim_ex.c **** 
 812:Drivers/STM32F4xx_HAL_Driver/Src/stm32f4xx_hal_tim_ex.c ****     case TIM_CHANNEL_2:
 813:Drivers/STM32F4xx_HAL_Driver/Src/stm32f4xx_hal_tim_ex.c ****     {
 814:Drivers/STM32F4xx_HAL_Driver/Src/stm32f4xx_hal_tim_ex.c ****       /* Disable the TIM Output Compare interrupt */
 815:Drivers/STM32F4xx_HAL_Driver/Src/stm32f4xx_hal_tim_ex.c ****       __HAL_TIM_DISABLE_IT(htim, TIM_IT_CC2);
 816:Drivers/STM32F4xx_HAL_Driver/Src/stm32f4xx_hal_tim_ex.c ****       break;
 817:Drivers/STM32F4xx_HAL_Driver/Src/stm32f4xx_hal_tim_ex.c ****     }
 818:Drivers/STM32F4xx_HAL_Driver/Src/stm32f4xx_hal_tim_ex.c **** 
 819:Drivers/STM32F4xx_HAL_Driver/Src/stm32f4xx_hal_tim_ex.c ****     case TIM_CHANNEL_3:
 820:Drivers/STM32F4xx_HAL_Driver/Src/stm32f4xx_hal_tim_ex.c ****     {
 821:Drivers/STM32F4xx_HAL_Driver/Src/stm32f4xx_hal_tim_ex.c ****       /* Disable the TIM Output Compare interrupt */
 822:Drivers/STM32F4xx_HAL_Driver/Src/stm32f4xx_hal_tim_ex.c ****       __HAL_TIM_DISABLE_IT(htim, TIM_IT_CC3);
 823:Drivers/STM32F4xx_HAL_Driver/Src/stm32f4xx_hal_tim_ex.c ****       break;
 824:Drivers/STM32F4xx_HAL_Driver/Src/stm32f4xx_hal_tim_ex.c ****     }
 825:Drivers/STM32F4xx_HAL_Driver/Src/stm32f4xx_hal_tim_ex.c **** 
 826:Drivers/STM32F4xx_HAL_Driver/Src/stm32f4xx_hal_tim_ex.c ****     default:
 827:Drivers/STM32F4xx_HAL_Driver/Src/stm32f4xx_hal_tim_ex.c ****       status = HAL_ERROR;
 828:Drivers/STM32F4xx_HAL_Driver/Src/stm32f4xx_hal_tim_ex.c ****       break;
ARM GAS  C:\Users\pablo\AppData\Local\Temp\ccRGdM61.s 			page 16


 829:Drivers/STM32F4xx_HAL_Driver/Src/stm32f4xx_hal_tim_ex.c ****   }
 830:Drivers/STM32F4xx_HAL_Driver/Src/stm32f4xx_hal_tim_ex.c **** 
 831:Drivers/STM32F4xx_HAL_Driver/Src/stm32f4xx_hal_tim_ex.c ****   if (status == HAL_OK)
 832:Drivers/STM32F4xx_HAL_Driver/Src/stm32f4xx_hal_tim_ex.c ****   {
 833:Drivers/STM32F4xx_HAL_Driver/Src/stm32f4xx_hal_tim_ex.c ****     /* Disable the Capture compare channel N */
 834:Drivers/STM32F4xx_HAL_Driver/Src/stm32f4xx_hal_tim_ex.c ****     TIM_CCxNChannelCmd(htim->Instance, Channel, TIM_CCxN_DISABLE);
 835:Drivers/STM32F4xx_HAL_Driver/Src/stm32f4xx_hal_tim_ex.c **** 
 836:Drivers/STM32F4xx_HAL_Driver/Src/stm32f4xx_hal_tim_ex.c ****     /* Disable the TIM Break interrupt (only if no more channel is active) */
 837:Drivers/STM32F4xx_HAL_Driver/Src/stm32f4xx_hal_tim_ex.c ****     tmpccer = htim->Instance->CCER;
 838:Drivers/STM32F4xx_HAL_Driver/Src/stm32f4xx_hal_tim_ex.c ****     if ((tmpccer & TIM_CCER_CCxNE_MASK) == (uint32_t)RESET)
 839:Drivers/STM32F4xx_HAL_Driver/Src/stm32f4xx_hal_tim_ex.c ****     {
 840:Drivers/STM32F4xx_HAL_Driver/Src/stm32f4xx_hal_tim_ex.c ****       __HAL_TIM_DISABLE_IT(htim, TIM_IT_BREAK);
 841:Drivers/STM32F4xx_HAL_Driver/Src/stm32f4xx_hal_tim_ex.c ****     }
 842:Drivers/STM32F4xx_HAL_Driver/Src/stm32f4xx_hal_tim_ex.c **** 
 843:Drivers/STM32F4xx_HAL_Driver/Src/stm32f4xx_hal_tim_ex.c ****     /* Disable the Main Output */
 844:Drivers/STM32F4xx_HAL_Driver/Src/stm32f4xx_hal_tim_ex.c ****     __HAL_TIM_MOE_DISABLE(htim);
 845:Drivers/STM32F4xx_HAL_Driver/Src/stm32f4xx_hal_tim_ex.c **** 
 846:Drivers/STM32F4xx_HAL_Driver/Src/stm32f4xx_hal_tim_ex.c ****     /* Disable the Peripheral */
 847:Drivers/STM32F4xx_HAL_Driver/Src/stm32f4xx_hal_tim_ex.c ****     __HAL_TIM_DISABLE(htim);
 848:Drivers/STM32F4xx_HAL_Driver/Src/stm32f4xx_hal_tim_ex.c **** 
 849:Drivers/STM32F4xx_HAL_Driver/Src/stm32f4xx_hal_tim_ex.c ****     /* Set the TIM complementary channel state */
 850:Drivers/STM32F4xx_HAL_Driver/Src/stm32f4xx_hal_tim_ex.c ****     TIM_CHANNEL_N_STATE_SET(htim, Channel, HAL_TIM_CHANNEL_STATE_READY);
 851:Drivers/STM32F4xx_HAL_Driver/Src/stm32f4xx_hal_tim_ex.c ****   }
 852:Drivers/STM32F4xx_HAL_Driver/Src/stm32f4xx_hal_tim_ex.c **** 
 853:Drivers/STM32F4xx_HAL_Driver/Src/stm32f4xx_hal_tim_ex.c ****   /* Return function status */
 854:Drivers/STM32F4xx_HAL_Driver/Src/stm32f4xx_hal_tim_ex.c ****   return status;
 855:Drivers/STM32F4xx_HAL_Driver/Src/stm32f4xx_hal_tim_ex.c **** }
 856:Drivers/STM32F4xx_HAL_Driver/Src/stm32f4xx_hal_tim_ex.c **** 
 857:Drivers/STM32F4xx_HAL_Driver/Src/stm32f4xx_hal_tim_ex.c **** /**
 858:Drivers/STM32F4xx_HAL_Driver/Src/stm32f4xx_hal_tim_ex.c ****   * @brief  Starts the TIM Output Compare signal generation in DMA mode
 859:Drivers/STM32F4xx_HAL_Driver/Src/stm32f4xx_hal_tim_ex.c ****   *         on the complementary output.
 860:Drivers/STM32F4xx_HAL_Driver/Src/stm32f4xx_hal_tim_ex.c ****   * @param  htim TIM Output Compare handle
 861:Drivers/STM32F4xx_HAL_Driver/Src/stm32f4xx_hal_tim_ex.c ****   * @param  Channel TIM Channel to be enabled
 862:Drivers/STM32F4xx_HAL_Driver/Src/stm32f4xx_hal_tim_ex.c ****   *          This parameter can be one of the following values:
 863:Drivers/STM32F4xx_HAL_Driver/Src/stm32f4xx_hal_tim_ex.c ****   *            @arg TIM_CHANNEL_1: TIM Channel 1 selected
 864:Drivers/STM32F4xx_HAL_Driver/Src/stm32f4xx_hal_tim_ex.c ****   *            @arg TIM_CHANNEL_2: TIM Channel 2 selected
 865:Drivers/STM32F4xx_HAL_Driver/Src/stm32f4xx_hal_tim_ex.c ****   *            @arg TIM_CHANNEL_3: TIM Channel 3 selected
 866:Drivers/STM32F4xx_HAL_Driver/Src/stm32f4xx_hal_tim_ex.c ****   * @param  pData The source Buffer address.
 867:Drivers/STM32F4xx_HAL_Driver/Src/stm32f4xx_hal_tim_ex.c ****   * @param  Length The length of data to be transferred from memory to TIM peripheral
 868:Drivers/STM32F4xx_HAL_Driver/Src/stm32f4xx_hal_tim_ex.c ****   * @retval HAL status
 869:Drivers/STM32F4xx_HAL_Driver/Src/stm32f4xx_hal_tim_ex.c ****   */
 870:Drivers/STM32F4xx_HAL_Driver/Src/stm32f4xx_hal_tim_ex.c **** HAL_StatusTypeDef HAL_TIMEx_OCN_Start_DMA(TIM_HandleTypeDef *htim, uint32_t Channel, const uint32_t
 871:Drivers/STM32F4xx_HAL_Driver/Src/stm32f4xx_hal_tim_ex.c ****                                           uint16_t Length)
 872:Drivers/STM32F4xx_HAL_Driver/Src/stm32f4xx_hal_tim_ex.c **** {
 873:Drivers/STM32F4xx_HAL_Driver/Src/stm32f4xx_hal_tim_ex.c ****   HAL_StatusTypeDef status = HAL_OK;
 874:Drivers/STM32F4xx_HAL_Driver/Src/stm32f4xx_hal_tim_ex.c ****   uint32_t tmpsmcr;
 875:Drivers/STM32F4xx_HAL_Driver/Src/stm32f4xx_hal_tim_ex.c **** 
 876:Drivers/STM32F4xx_HAL_Driver/Src/stm32f4xx_hal_tim_ex.c ****   /* Check the parameters */
 877:Drivers/STM32F4xx_HAL_Driver/Src/stm32f4xx_hal_tim_ex.c ****   assert_param(IS_TIM_CCXN_INSTANCE(htim->Instance, Channel));
 878:Drivers/STM32F4xx_HAL_Driver/Src/stm32f4xx_hal_tim_ex.c **** 
 879:Drivers/STM32F4xx_HAL_Driver/Src/stm32f4xx_hal_tim_ex.c ****   /* Set the TIM complementary channel state */
 880:Drivers/STM32F4xx_HAL_Driver/Src/stm32f4xx_hal_tim_ex.c ****   if (TIM_CHANNEL_N_STATE_GET(htim, Channel) == HAL_TIM_CHANNEL_STATE_BUSY)
 881:Drivers/STM32F4xx_HAL_Driver/Src/stm32f4xx_hal_tim_ex.c ****   {
 882:Drivers/STM32F4xx_HAL_Driver/Src/stm32f4xx_hal_tim_ex.c ****     return HAL_BUSY;
 883:Drivers/STM32F4xx_HAL_Driver/Src/stm32f4xx_hal_tim_ex.c ****   }
 884:Drivers/STM32F4xx_HAL_Driver/Src/stm32f4xx_hal_tim_ex.c ****   else if (TIM_CHANNEL_N_STATE_GET(htim, Channel) == HAL_TIM_CHANNEL_STATE_READY)
 885:Drivers/STM32F4xx_HAL_Driver/Src/stm32f4xx_hal_tim_ex.c ****   {
ARM GAS  C:\Users\pablo\AppData\Local\Temp\ccRGdM61.s 			page 17


 886:Drivers/STM32F4xx_HAL_Driver/Src/stm32f4xx_hal_tim_ex.c ****     if ((pData == NULL) || (Length == 0U))
 887:Drivers/STM32F4xx_HAL_Driver/Src/stm32f4xx_hal_tim_ex.c ****     {
 888:Drivers/STM32F4xx_HAL_Driver/Src/stm32f4xx_hal_tim_ex.c ****       return HAL_ERROR;
 889:Drivers/STM32F4xx_HAL_Driver/Src/stm32f4xx_hal_tim_ex.c ****     }
 890:Drivers/STM32F4xx_HAL_Driver/Src/stm32f4xx_hal_tim_ex.c ****     else
 891:Drivers/STM32F4xx_HAL_Driver/Src/stm32f4xx_hal_tim_ex.c ****     {
 892:Drivers/STM32F4xx_HAL_Driver/Src/stm32f4xx_hal_tim_ex.c ****       TIM_CHANNEL_N_STATE_SET(htim, Channel, HAL_TIM_CHANNEL_STATE_BUSY);
 893:Drivers/STM32F4xx_HAL_Driver/Src/stm32f4xx_hal_tim_ex.c ****     }
 894:Drivers/STM32F4xx_HAL_Driver/Src/stm32f4xx_hal_tim_ex.c ****   }
 895:Drivers/STM32F4xx_HAL_Driver/Src/stm32f4xx_hal_tim_ex.c ****   else
 896:Drivers/STM32F4xx_HAL_Driver/Src/stm32f4xx_hal_tim_ex.c ****   {
 897:Drivers/STM32F4xx_HAL_Driver/Src/stm32f4xx_hal_tim_ex.c ****     return HAL_ERROR;
 898:Drivers/STM32F4xx_HAL_Driver/Src/stm32f4xx_hal_tim_ex.c ****   }
 899:Drivers/STM32F4xx_HAL_Driver/Src/stm32f4xx_hal_tim_ex.c **** 
 900:Drivers/STM32F4xx_HAL_Driver/Src/stm32f4xx_hal_tim_ex.c ****   switch (Channel)
 901:Drivers/STM32F4xx_HAL_Driver/Src/stm32f4xx_hal_tim_ex.c ****   {
 902:Drivers/STM32F4xx_HAL_Driver/Src/stm32f4xx_hal_tim_ex.c ****     case TIM_CHANNEL_1:
 903:Drivers/STM32F4xx_HAL_Driver/Src/stm32f4xx_hal_tim_ex.c ****     {
 904:Drivers/STM32F4xx_HAL_Driver/Src/stm32f4xx_hal_tim_ex.c ****       /* Set the DMA compare callbacks */
 905:Drivers/STM32F4xx_HAL_Driver/Src/stm32f4xx_hal_tim_ex.c ****       htim->hdma[TIM_DMA_ID_CC1]->XferCpltCallback = TIM_DMADelayPulseNCplt;
 906:Drivers/STM32F4xx_HAL_Driver/Src/stm32f4xx_hal_tim_ex.c ****       htim->hdma[TIM_DMA_ID_CC1]->XferHalfCpltCallback = TIM_DMADelayPulseHalfCplt;
 907:Drivers/STM32F4xx_HAL_Driver/Src/stm32f4xx_hal_tim_ex.c **** 
 908:Drivers/STM32F4xx_HAL_Driver/Src/stm32f4xx_hal_tim_ex.c ****       /* Set the DMA error callback */
 909:Drivers/STM32F4xx_HAL_Driver/Src/stm32f4xx_hal_tim_ex.c ****       htim->hdma[TIM_DMA_ID_CC1]->XferErrorCallback = TIM_DMAErrorCCxN ;
 910:Drivers/STM32F4xx_HAL_Driver/Src/stm32f4xx_hal_tim_ex.c **** 
 911:Drivers/STM32F4xx_HAL_Driver/Src/stm32f4xx_hal_tim_ex.c ****       /* Enable the DMA stream */
 912:Drivers/STM32F4xx_HAL_Driver/Src/stm32f4xx_hal_tim_ex.c ****       if (HAL_DMA_Start_IT(htim->hdma[TIM_DMA_ID_CC1], (uint32_t)pData, (uint32_t)&htim->Instance->
 913:Drivers/STM32F4xx_HAL_Driver/Src/stm32f4xx_hal_tim_ex.c ****                            Length) != HAL_OK)
 914:Drivers/STM32F4xx_HAL_Driver/Src/stm32f4xx_hal_tim_ex.c ****       {
 915:Drivers/STM32F4xx_HAL_Driver/Src/stm32f4xx_hal_tim_ex.c ****         /* Return error status */
 916:Drivers/STM32F4xx_HAL_Driver/Src/stm32f4xx_hal_tim_ex.c ****         return HAL_ERROR;
 917:Drivers/STM32F4xx_HAL_Driver/Src/stm32f4xx_hal_tim_ex.c ****       }
 918:Drivers/STM32F4xx_HAL_Driver/Src/stm32f4xx_hal_tim_ex.c ****       /* Enable the TIM Output Compare DMA request */
 919:Drivers/STM32F4xx_HAL_Driver/Src/stm32f4xx_hal_tim_ex.c ****       __HAL_TIM_ENABLE_DMA(htim, TIM_DMA_CC1);
 920:Drivers/STM32F4xx_HAL_Driver/Src/stm32f4xx_hal_tim_ex.c ****       break;
 921:Drivers/STM32F4xx_HAL_Driver/Src/stm32f4xx_hal_tim_ex.c ****     }
 922:Drivers/STM32F4xx_HAL_Driver/Src/stm32f4xx_hal_tim_ex.c **** 
 923:Drivers/STM32F4xx_HAL_Driver/Src/stm32f4xx_hal_tim_ex.c ****     case TIM_CHANNEL_2:
 924:Drivers/STM32F4xx_HAL_Driver/Src/stm32f4xx_hal_tim_ex.c ****     {
 925:Drivers/STM32F4xx_HAL_Driver/Src/stm32f4xx_hal_tim_ex.c ****       /* Set the DMA compare callbacks */
 926:Drivers/STM32F4xx_HAL_Driver/Src/stm32f4xx_hal_tim_ex.c ****       htim->hdma[TIM_DMA_ID_CC2]->XferCpltCallback = TIM_DMADelayPulseNCplt;
 927:Drivers/STM32F4xx_HAL_Driver/Src/stm32f4xx_hal_tim_ex.c ****       htim->hdma[TIM_DMA_ID_CC2]->XferHalfCpltCallback = TIM_DMADelayPulseHalfCplt;
 928:Drivers/STM32F4xx_HAL_Driver/Src/stm32f4xx_hal_tim_ex.c **** 
 929:Drivers/STM32F4xx_HAL_Driver/Src/stm32f4xx_hal_tim_ex.c ****       /* Set the DMA error callback */
 930:Drivers/STM32F4xx_HAL_Driver/Src/stm32f4xx_hal_tim_ex.c ****       htim->hdma[TIM_DMA_ID_CC2]->XferErrorCallback = TIM_DMAErrorCCxN ;
 931:Drivers/STM32F4xx_HAL_Driver/Src/stm32f4xx_hal_tim_ex.c **** 
 932:Drivers/STM32F4xx_HAL_Driver/Src/stm32f4xx_hal_tim_ex.c ****       /* Enable the DMA stream */
 933:Drivers/STM32F4xx_HAL_Driver/Src/stm32f4xx_hal_tim_ex.c ****       if (HAL_DMA_Start_IT(htim->hdma[TIM_DMA_ID_CC2], (uint32_t)pData, (uint32_t)&htim->Instance->
 934:Drivers/STM32F4xx_HAL_Driver/Src/stm32f4xx_hal_tim_ex.c ****                            Length) != HAL_OK)
 935:Drivers/STM32F4xx_HAL_Driver/Src/stm32f4xx_hal_tim_ex.c ****       {
 936:Drivers/STM32F4xx_HAL_Driver/Src/stm32f4xx_hal_tim_ex.c ****         /* Return error status */
 937:Drivers/STM32F4xx_HAL_Driver/Src/stm32f4xx_hal_tim_ex.c ****         return HAL_ERROR;
 938:Drivers/STM32F4xx_HAL_Driver/Src/stm32f4xx_hal_tim_ex.c ****       }
 939:Drivers/STM32F4xx_HAL_Driver/Src/stm32f4xx_hal_tim_ex.c ****       /* Enable the TIM Output Compare DMA request */
 940:Drivers/STM32F4xx_HAL_Driver/Src/stm32f4xx_hal_tim_ex.c ****       __HAL_TIM_ENABLE_DMA(htim, TIM_DMA_CC2);
 941:Drivers/STM32F4xx_HAL_Driver/Src/stm32f4xx_hal_tim_ex.c ****       break;
 942:Drivers/STM32F4xx_HAL_Driver/Src/stm32f4xx_hal_tim_ex.c ****     }
ARM GAS  C:\Users\pablo\AppData\Local\Temp\ccRGdM61.s 			page 18


 943:Drivers/STM32F4xx_HAL_Driver/Src/stm32f4xx_hal_tim_ex.c **** 
 944:Drivers/STM32F4xx_HAL_Driver/Src/stm32f4xx_hal_tim_ex.c ****     case TIM_CHANNEL_3:
 945:Drivers/STM32F4xx_HAL_Driver/Src/stm32f4xx_hal_tim_ex.c ****     {
 946:Drivers/STM32F4xx_HAL_Driver/Src/stm32f4xx_hal_tim_ex.c ****       /* Set the DMA compare callbacks */
 947:Drivers/STM32F4xx_HAL_Driver/Src/stm32f4xx_hal_tim_ex.c ****       htim->hdma[TIM_DMA_ID_CC3]->XferCpltCallback = TIM_DMADelayPulseNCplt;
 948:Drivers/STM32F4xx_HAL_Driver/Src/stm32f4xx_hal_tim_ex.c ****       htim->hdma[TIM_DMA_ID_CC3]->XferHalfCpltCallback = TIM_DMADelayPulseHalfCplt;
 949:Drivers/STM32F4xx_HAL_Driver/Src/stm32f4xx_hal_tim_ex.c **** 
 950:Drivers/STM32F4xx_HAL_Driver/Src/stm32f4xx_hal_tim_ex.c ****       /* Set the DMA error callback */
 951:Drivers/STM32F4xx_HAL_Driver/Src/stm32f4xx_hal_tim_ex.c ****       htim->hdma[TIM_DMA_ID_CC3]->XferErrorCallback = TIM_DMAErrorCCxN ;
 952:Drivers/STM32F4xx_HAL_Driver/Src/stm32f4xx_hal_tim_ex.c **** 
 953:Drivers/STM32F4xx_HAL_Driver/Src/stm32f4xx_hal_tim_ex.c ****       /* Enable the DMA stream */
 954:Drivers/STM32F4xx_HAL_Driver/Src/stm32f4xx_hal_tim_ex.c ****       if (HAL_DMA_Start_IT(htim->hdma[TIM_DMA_ID_CC3], (uint32_t)pData, (uint32_t)&htim->Instance->
 955:Drivers/STM32F4xx_HAL_Driver/Src/stm32f4xx_hal_tim_ex.c ****                            Length) != HAL_OK)
 956:Drivers/STM32F4xx_HAL_Driver/Src/stm32f4xx_hal_tim_ex.c ****       {
 957:Drivers/STM32F4xx_HAL_Driver/Src/stm32f4xx_hal_tim_ex.c ****         /* Return error status */
 958:Drivers/STM32F4xx_HAL_Driver/Src/stm32f4xx_hal_tim_ex.c ****         return HAL_ERROR;
 959:Drivers/STM32F4xx_HAL_Driver/Src/stm32f4xx_hal_tim_ex.c ****       }
 960:Drivers/STM32F4xx_HAL_Driver/Src/stm32f4xx_hal_tim_ex.c ****       /* Enable the TIM Output Compare DMA request */
 961:Drivers/STM32F4xx_HAL_Driver/Src/stm32f4xx_hal_tim_ex.c ****       __HAL_TIM_ENABLE_DMA(htim, TIM_DMA_CC3);
 962:Drivers/STM32F4xx_HAL_Driver/Src/stm32f4xx_hal_tim_ex.c ****       break;
 963:Drivers/STM32F4xx_HAL_Driver/Src/stm32f4xx_hal_tim_ex.c ****     }
 964:Drivers/STM32F4xx_HAL_Driver/Src/stm32f4xx_hal_tim_ex.c **** 
 965:Drivers/STM32F4xx_HAL_Driver/Src/stm32f4xx_hal_tim_ex.c ****     default:
 966:Drivers/STM32F4xx_HAL_Driver/Src/stm32f4xx_hal_tim_ex.c ****       status = HAL_ERROR;
 967:Drivers/STM32F4xx_HAL_Driver/Src/stm32f4xx_hal_tim_ex.c ****       break;
 968:Drivers/STM32F4xx_HAL_Driver/Src/stm32f4xx_hal_tim_ex.c ****   }
 969:Drivers/STM32F4xx_HAL_Driver/Src/stm32f4xx_hal_tim_ex.c **** 
 970:Drivers/STM32F4xx_HAL_Driver/Src/stm32f4xx_hal_tim_ex.c ****   if (status == HAL_OK)
 971:Drivers/STM32F4xx_HAL_Driver/Src/stm32f4xx_hal_tim_ex.c ****   {
 972:Drivers/STM32F4xx_HAL_Driver/Src/stm32f4xx_hal_tim_ex.c ****     /* Enable the Capture compare channel N */
 973:Drivers/STM32F4xx_HAL_Driver/Src/stm32f4xx_hal_tim_ex.c ****     TIM_CCxNChannelCmd(htim->Instance, Channel, TIM_CCxN_ENABLE);
 974:Drivers/STM32F4xx_HAL_Driver/Src/stm32f4xx_hal_tim_ex.c **** 
 975:Drivers/STM32F4xx_HAL_Driver/Src/stm32f4xx_hal_tim_ex.c ****     /* Enable the Main Output */
 976:Drivers/STM32F4xx_HAL_Driver/Src/stm32f4xx_hal_tim_ex.c ****     __HAL_TIM_MOE_ENABLE(htim);
 977:Drivers/STM32F4xx_HAL_Driver/Src/stm32f4xx_hal_tim_ex.c **** 
 978:Drivers/STM32F4xx_HAL_Driver/Src/stm32f4xx_hal_tim_ex.c ****     /* Enable the Peripheral, except in trigger mode where enable is automatically done with trigge
 979:Drivers/STM32F4xx_HAL_Driver/Src/stm32f4xx_hal_tim_ex.c ****     if (IS_TIM_SLAVE_INSTANCE(htim->Instance))
 980:Drivers/STM32F4xx_HAL_Driver/Src/stm32f4xx_hal_tim_ex.c ****     {
 981:Drivers/STM32F4xx_HAL_Driver/Src/stm32f4xx_hal_tim_ex.c ****       tmpsmcr = htim->Instance->SMCR & TIM_SMCR_SMS;
 982:Drivers/STM32F4xx_HAL_Driver/Src/stm32f4xx_hal_tim_ex.c ****       if (!IS_TIM_SLAVEMODE_TRIGGER_ENABLED(tmpsmcr))
 983:Drivers/STM32F4xx_HAL_Driver/Src/stm32f4xx_hal_tim_ex.c ****       {
 984:Drivers/STM32F4xx_HAL_Driver/Src/stm32f4xx_hal_tim_ex.c ****         __HAL_TIM_ENABLE(htim);
 985:Drivers/STM32F4xx_HAL_Driver/Src/stm32f4xx_hal_tim_ex.c ****       }
 986:Drivers/STM32F4xx_HAL_Driver/Src/stm32f4xx_hal_tim_ex.c ****     }
 987:Drivers/STM32F4xx_HAL_Driver/Src/stm32f4xx_hal_tim_ex.c ****     else
 988:Drivers/STM32F4xx_HAL_Driver/Src/stm32f4xx_hal_tim_ex.c ****     {
 989:Drivers/STM32F4xx_HAL_Driver/Src/stm32f4xx_hal_tim_ex.c ****       __HAL_TIM_ENABLE(htim);
 990:Drivers/STM32F4xx_HAL_Driver/Src/stm32f4xx_hal_tim_ex.c ****     }
 991:Drivers/STM32F4xx_HAL_Driver/Src/stm32f4xx_hal_tim_ex.c ****   }
 992:Drivers/STM32F4xx_HAL_Driver/Src/stm32f4xx_hal_tim_ex.c **** 
 993:Drivers/STM32F4xx_HAL_Driver/Src/stm32f4xx_hal_tim_ex.c ****   /* Return function status */
 994:Drivers/STM32F4xx_HAL_Driver/Src/stm32f4xx_hal_tim_ex.c ****   return status;
 995:Drivers/STM32F4xx_HAL_Driver/Src/stm32f4xx_hal_tim_ex.c **** }
 996:Drivers/STM32F4xx_HAL_Driver/Src/stm32f4xx_hal_tim_ex.c **** 
 997:Drivers/STM32F4xx_HAL_Driver/Src/stm32f4xx_hal_tim_ex.c **** /**
 998:Drivers/STM32F4xx_HAL_Driver/Src/stm32f4xx_hal_tim_ex.c ****   * @brief  Stops the TIM Output Compare signal generation in DMA mode
 999:Drivers/STM32F4xx_HAL_Driver/Src/stm32f4xx_hal_tim_ex.c ****   *         on the complementary output.
ARM GAS  C:\Users\pablo\AppData\Local\Temp\ccRGdM61.s 			page 19


1000:Drivers/STM32F4xx_HAL_Driver/Src/stm32f4xx_hal_tim_ex.c ****   * @param  htim TIM Output Compare handle
1001:Drivers/STM32F4xx_HAL_Driver/Src/stm32f4xx_hal_tim_ex.c ****   * @param  Channel TIM Channel to be disabled
1002:Drivers/STM32F4xx_HAL_Driver/Src/stm32f4xx_hal_tim_ex.c ****   *          This parameter can be one of the following values:
1003:Drivers/STM32F4xx_HAL_Driver/Src/stm32f4xx_hal_tim_ex.c ****   *            @arg TIM_CHANNEL_1: TIM Channel 1 selected
1004:Drivers/STM32F4xx_HAL_Driver/Src/stm32f4xx_hal_tim_ex.c ****   *            @arg TIM_CHANNEL_2: TIM Channel 2 selected
1005:Drivers/STM32F4xx_HAL_Driver/Src/stm32f4xx_hal_tim_ex.c ****   *            @arg TIM_CHANNEL_3: TIM Channel 3 selected
1006:Drivers/STM32F4xx_HAL_Driver/Src/stm32f4xx_hal_tim_ex.c ****   * @retval HAL status
1007:Drivers/STM32F4xx_HAL_Driver/Src/stm32f4xx_hal_tim_ex.c ****   */
1008:Drivers/STM32F4xx_HAL_Driver/Src/stm32f4xx_hal_tim_ex.c **** HAL_StatusTypeDef HAL_TIMEx_OCN_Stop_DMA(TIM_HandleTypeDef *htim, uint32_t Channel)
1009:Drivers/STM32F4xx_HAL_Driver/Src/stm32f4xx_hal_tim_ex.c **** {
1010:Drivers/STM32F4xx_HAL_Driver/Src/stm32f4xx_hal_tim_ex.c ****   HAL_StatusTypeDef status = HAL_OK;
1011:Drivers/STM32F4xx_HAL_Driver/Src/stm32f4xx_hal_tim_ex.c **** 
1012:Drivers/STM32F4xx_HAL_Driver/Src/stm32f4xx_hal_tim_ex.c ****   /* Check the parameters */
1013:Drivers/STM32F4xx_HAL_Driver/Src/stm32f4xx_hal_tim_ex.c ****   assert_param(IS_TIM_CCXN_INSTANCE(htim->Instance, Channel));
1014:Drivers/STM32F4xx_HAL_Driver/Src/stm32f4xx_hal_tim_ex.c **** 
1015:Drivers/STM32F4xx_HAL_Driver/Src/stm32f4xx_hal_tim_ex.c ****   switch (Channel)
1016:Drivers/STM32F4xx_HAL_Driver/Src/stm32f4xx_hal_tim_ex.c ****   {
1017:Drivers/STM32F4xx_HAL_Driver/Src/stm32f4xx_hal_tim_ex.c ****     case TIM_CHANNEL_1:
1018:Drivers/STM32F4xx_HAL_Driver/Src/stm32f4xx_hal_tim_ex.c ****     {
1019:Drivers/STM32F4xx_HAL_Driver/Src/stm32f4xx_hal_tim_ex.c ****       /* Disable the TIM Output Compare DMA request */
1020:Drivers/STM32F4xx_HAL_Driver/Src/stm32f4xx_hal_tim_ex.c ****       __HAL_TIM_DISABLE_DMA(htim, TIM_DMA_CC1);
1021:Drivers/STM32F4xx_HAL_Driver/Src/stm32f4xx_hal_tim_ex.c ****       (void)HAL_DMA_Abort_IT(htim->hdma[TIM_DMA_ID_CC1]);
1022:Drivers/STM32F4xx_HAL_Driver/Src/stm32f4xx_hal_tim_ex.c ****       break;
1023:Drivers/STM32F4xx_HAL_Driver/Src/stm32f4xx_hal_tim_ex.c ****     }
1024:Drivers/STM32F4xx_HAL_Driver/Src/stm32f4xx_hal_tim_ex.c **** 
1025:Drivers/STM32F4xx_HAL_Driver/Src/stm32f4xx_hal_tim_ex.c ****     case TIM_CHANNEL_2:
1026:Drivers/STM32F4xx_HAL_Driver/Src/stm32f4xx_hal_tim_ex.c ****     {
1027:Drivers/STM32F4xx_HAL_Driver/Src/stm32f4xx_hal_tim_ex.c ****       /* Disable the TIM Output Compare DMA request */
1028:Drivers/STM32F4xx_HAL_Driver/Src/stm32f4xx_hal_tim_ex.c ****       __HAL_TIM_DISABLE_DMA(htim, TIM_DMA_CC2);
1029:Drivers/STM32F4xx_HAL_Driver/Src/stm32f4xx_hal_tim_ex.c ****       (void)HAL_DMA_Abort_IT(htim->hdma[TIM_DMA_ID_CC2]);
1030:Drivers/STM32F4xx_HAL_Driver/Src/stm32f4xx_hal_tim_ex.c ****       break;
1031:Drivers/STM32F4xx_HAL_Driver/Src/stm32f4xx_hal_tim_ex.c ****     }
1032:Drivers/STM32F4xx_HAL_Driver/Src/stm32f4xx_hal_tim_ex.c **** 
1033:Drivers/STM32F4xx_HAL_Driver/Src/stm32f4xx_hal_tim_ex.c ****     case TIM_CHANNEL_3:
1034:Drivers/STM32F4xx_HAL_Driver/Src/stm32f4xx_hal_tim_ex.c ****     {
1035:Drivers/STM32F4xx_HAL_Driver/Src/stm32f4xx_hal_tim_ex.c ****       /* Disable the TIM Output Compare DMA request */
1036:Drivers/STM32F4xx_HAL_Driver/Src/stm32f4xx_hal_tim_ex.c ****       __HAL_TIM_DISABLE_DMA(htim, TIM_DMA_CC3);
1037:Drivers/STM32F4xx_HAL_Driver/Src/stm32f4xx_hal_tim_ex.c ****       (void)HAL_DMA_Abort_IT(htim->hdma[TIM_DMA_ID_CC3]);
1038:Drivers/STM32F4xx_HAL_Driver/Src/stm32f4xx_hal_tim_ex.c ****       break;
1039:Drivers/STM32F4xx_HAL_Driver/Src/stm32f4xx_hal_tim_ex.c ****     }
1040:Drivers/STM32F4xx_HAL_Driver/Src/stm32f4xx_hal_tim_ex.c **** 
1041:Drivers/STM32F4xx_HAL_Driver/Src/stm32f4xx_hal_tim_ex.c ****     default:
1042:Drivers/STM32F4xx_HAL_Driver/Src/stm32f4xx_hal_tim_ex.c ****       status = HAL_ERROR;
1043:Drivers/STM32F4xx_HAL_Driver/Src/stm32f4xx_hal_tim_ex.c ****       break;
1044:Drivers/STM32F4xx_HAL_Driver/Src/stm32f4xx_hal_tim_ex.c ****   }
1045:Drivers/STM32F4xx_HAL_Driver/Src/stm32f4xx_hal_tim_ex.c **** 
1046:Drivers/STM32F4xx_HAL_Driver/Src/stm32f4xx_hal_tim_ex.c ****   if (status == HAL_OK)
1047:Drivers/STM32F4xx_HAL_Driver/Src/stm32f4xx_hal_tim_ex.c ****   {
1048:Drivers/STM32F4xx_HAL_Driver/Src/stm32f4xx_hal_tim_ex.c ****     /* Disable the Capture compare channel N */
1049:Drivers/STM32F4xx_HAL_Driver/Src/stm32f4xx_hal_tim_ex.c ****     TIM_CCxNChannelCmd(htim->Instance, Channel, TIM_CCxN_DISABLE);
1050:Drivers/STM32F4xx_HAL_Driver/Src/stm32f4xx_hal_tim_ex.c **** 
1051:Drivers/STM32F4xx_HAL_Driver/Src/stm32f4xx_hal_tim_ex.c ****     /* Disable the Main Output */
1052:Drivers/STM32F4xx_HAL_Driver/Src/stm32f4xx_hal_tim_ex.c ****     __HAL_TIM_MOE_DISABLE(htim);
1053:Drivers/STM32F4xx_HAL_Driver/Src/stm32f4xx_hal_tim_ex.c **** 
1054:Drivers/STM32F4xx_HAL_Driver/Src/stm32f4xx_hal_tim_ex.c ****     /* Disable the Peripheral */
1055:Drivers/STM32F4xx_HAL_Driver/Src/stm32f4xx_hal_tim_ex.c ****     __HAL_TIM_DISABLE(htim);
1056:Drivers/STM32F4xx_HAL_Driver/Src/stm32f4xx_hal_tim_ex.c **** 
ARM GAS  C:\Users\pablo\AppData\Local\Temp\ccRGdM61.s 			page 20


1057:Drivers/STM32F4xx_HAL_Driver/Src/stm32f4xx_hal_tim_ex.c ****     /* Set the TIM complementary channel state */
1058:Drivers/STM32F4xx_HAL_Driver/Src/stm32f4xx_hal_tim_ex.c ****     TIM_CHANNEL_N_STATE_SET(htim, Channel, HAL_TIM_CHANNEL_STATE_READY);
1059:Drivers/STM32F4xx_HAL_Driver/Src/stm32f4xx_hal_tim_ex.c ****   }
1060:Drivers/STM32F4xx_HAL_Driver/Src/stm32f4xx_hal_tim_ex.c **** 
1061:Drivers/STM32F4xx_HAL_Driver/Src/stm32f4xx_hal_tim_ex.c ****   /* Return function status */
1062:Drivers/STM32F4xx_HAL_Driver/Src/stm32f4xx_hal_tim_ex.c ****   return status;
1063:Drivers/STM32F4xx_HAL_Driver/Src/stm32f4xx_hal_tim_ex.c **** }
1064:Drivers/STM32F4xx_HAL_Driver/Src/stm32f4xx_hal_tim_ex.c **** 
1065:Drivers/STM32F4xx_HAL_Driver/Src/stm32f4xx_hal_tim_ex.c **** /**
1066:Drivers/STM32F4xx_HAL_Driver/Src/stm32f4xx_hal_tim_ex.c ****   * @}
1067:Drivers/STM32F4xx_HAL_Driver/Src/stm32f4xx_hal_tim_ex.c ****   */
1068:Drivers/STM32F4xx_HAL_Driver/Src/stm32f4xx_hal_tim_ex.c **** 
1069:Drivers/STM32F4xx_HAL_Driver/Src/stm32f4xx_hal_tim_ex.c **** /** @defgroup TIMEx_Exported_Functions_Group3 Extended Timer Complementary PWM functions
1070:Drivers/STM32F4xx_HAL_Driver/Src/stm32f4xx_hal_tim_ex.c ****   * @brief    Timer Complementary PWM functions
1071:Drivers/STM32F4xx_HAL_Driver/Src/stm32f4xx_hal_tim_ex.c ****   *
1072:Drivers/STM32F4xx_HAL_Driver/Src/stm32f4xx_hal_tim_ex.c **** @verbatim
1073:Drivers/STM32F4xx_HAL_Driver/Src/stm32f4xx_hal_tim_ex.c ****   ==============================================================================
1074:Drivers/STM32F4xx_HAL_Driver/Src/stm32f4xx_hal_tim_ex.c ****                  ##### Timer Complementary PWM functions #####
1075:Drivers/STM32F4xx_HAL_Driver/Src/stm32f4xx_hal_tim_ex.c ****   ==============================================================================
1076:Drivers/STM32F4xx_HAL_Driver/Src/stm32f4xx_hal_tim_ex.c ****   [..]
1077:Drivers/STM32F4xx_HAL_Driver/Src/stm32f4xx_hal_tim_ex.c ****     This section provides functions allowing to:
1078:Drivers/STM32F4xx_HAL_Driver/Src/stm32f4xx_hal_tim_ex.c ****     (+) Start the Complementary PWM.
1079:Drivers/STM32F4xx_HAL_Driver/Src/stm32f4xx_hal_tim_ex.c ****     (+) Stop the Complementary PWM.
1080:Drivers/STM32F4xx_HAL_Driver/Src/stm32f4xx_hal_tim_ex.c ****     (+) Start the Complementary PWM and enable interrupts.
1081:Drivers/STM32F4xx_HAL_Driver/Src/stm32f4xx_hal_tim_ex.c ****     (+) Stop the Complementary PWM and disable interrupts.
1082:Drivers/STM32F4xx_HAL_Driver/Src/stm32f4xx_hal_tim_ex.c ****     (+) Start the Complementary PWM and enable DMA transfers.
1083:Drivers/STM32F4xx_HAL_Driver/Src/stm32f4xx_hal_tim_ex.c ****     (+) Stop the Complementary PWM and disable DMA transfers.
1084:Drivers/STM32F4xx_HAL_Driver/Src/stm32f4xx_hal_tim_ex.c **** @endverbatim
1085:Drivers/STM32F4xx_HAL_Driver/Src/stm32f4xx_hal_tim_ex.c ****   * @{
1086:Drivers/STM32F4xx_HAL_Driver/Src/stm32f4xx_hal_tim_ex.c ****   */
1087:Drivers/STM32F4xx_HAL_Driver/Src/stm32f4xx_hal_tim_ex.c **** 
1088:Drivers/STM32F4xx_HAL_Driver/Src/stm32f4xx_hal_tim_ex.c **** /**
1089:Drivers/STM32F4xx_HAL_Driver/Src/stm32f4xx_hal_tim_ex.c ****   * @brief  Starts the PWM signal generation on the complementary output.
1090:Drivers/STM32F4xx_HAL_Driver/Src/stm32f4xx_hal_tim_ex.c ****   * @param  htim TIM handle
1091:Drivers/STM32F4xx_HAL_Driver/Src/stm32f4xx_hal_tim_ex.c ****   * @param  Channel TIM Channel to be enabled
1092:Drivers/STM32F4xx_HAL_Driver/Src/stm32f4xx_hal_tim_ex.c ****   *          This parameter can be one of the following values:
1093:Drivers/STM32F4xx_HAL_Driver/Src/stm32f4xx_hal_tim_ex.c ****   *            @arg TIM_CHANNEL_1: TIM Channel 1 selected
1094:Drivers/STM32F4xx_HAL_Driver/Src/stm32f4xx_hal_tim_ex.c ****   *            @arg TIM_CHANNEL_2: TIM Channel 2 selected
1095:Drivers/STM32F4xx_HAL_Driver/Src/stm32f4xx_hal_tim_ex.c ****   *            @arg TIM_CHANNEL_3: TIM Channel 3 selected
1096:Drivers/STM32F4xx_HAL_Driver/Src/stm32f4xx_hal_tim_ex.c ****   * @retval HAL status
1097:Drivers/STM32F4xx_HAL_Driver/Src/stm32f4xx_hal_tim_ex.c ****   */
1098:Drivers/STM32F4xx_HAL_Driver/Src/stm32f4xx_hal_tim_ex.c **** HAL_StatusTypeDef HAL_TIMEx_PWMN_Start(TIM_HandleTypeDef *htim, uint32_t Channel)
1099:Drivers/STM32F4xx_HAL_Driver/Src/stm32f4xx_hal_tim_ex.c **** {
1100:Drivers/STM32F4xx_HAL_Driver/Src/stm32f4xx_hal_tim_ex.c ****   uint32_t tmpsmcr;
1101:Drivers/STM32F4xx_HAL_Driver/Src/stm32f4xx_hal_tim_ex.c **** 
1102:Drivers/STM32F4xx_HAL_Driver/Src/stm32f4xx_hal_tim_ex.c ****   /* Check the parameters */
1103:Drivers/STM32F4xx_HAL_Driver/Src/stm32f4xx_hal_tim_ex.c ****   assert_param(IS_TIM_CCXN_INSTANCE(htim->Instance, Channel));
1104:Drivers/STM32F4xx_HAL_Driver/Src/stm32f4xx_hal_tim_ex.c **** 
1105:Drivers/STM32F4xx_HAL_Driver/Src/stm32f4xx_hal_tim_ex.c ****   /* Check the TIM complementary channel state */
1106:Drivers/STM32F4xx_HAL_Driver/Src/stm32f4xx_hal_tim_ex.c ****   if (TIM_CHANNEL_N_STATE_GET(htim, Channel) != HAL_TIM_CHANNEL_STATE_READY)
1107:Drivers/STM32F4xx_HAL_Driver/Src/stm32f4xx_hal_tim_ex.c ****   {
1108:Drivers/STM32F4xx_HAL_Driver/Src/stm32f4xx_hal_tim_ex.c ****     return HAL_ERROR;
1109:Drivers/STM32F4xx_HAL_Driver/Src/stm32f4xx_hal_tim_ex.c ****   }
1110:Drivers/STM32F4xx_HAL_Driver/Src/stm32f4xx_hal_tim_ex.c **** 
1111:Drivers/STM32F4xx_HAL_Driver/Src/stm32f4xx_hal_tim_ex.c ****   /* Set the TIM complementary channel state */
1112:Drivers/STM32F4xx_HAL_Driver/Src/stm32f4xx_hal_tim_ex.c ****   TIM_CHANNEL_N_STATE_SET(htim, Channel, HAL_TIM_CHANNEL_STATE_BUSY);
1113:Drivers/STM32F4xx_HAL_Driver/Src/stm32f4xx_hal_tim_ex.c **** 
ARM GAS  C:\Users\pablo\AppData\Local\Temp\ccRGdM61.s 			page 21


1114:Drivers/STM32F4xx_HAL_Driver/Src/stm32f4xx_hal_tim_ex.c ****   /* Enable the complementary PWM output  */
1115:Drivers/STM32F4xx_HAL_Driver/Src/stm32f4xx_hal_tim_ex.c ****   TIM_CCxNChannelCmd(htim->Instance, Channel, TIM_CCxN_ENABLE);
1116:Drivers/STM32F4xx_HAL_Driver/Src/stm32f4xx_hal_tim_ex.c **** 
1117:Drivers/STM32F4xx_HAL_Driver/Src/stm32f4xx_hal_tim_ex.c ****   /* Enable the Main Output */
1118:Drivers/STM32F4xx_HAL_Driver/Src/stm32f4xx_hal_tim_ex.c ****   __HAL_TIM_MOE_ENABLE(htim);
1119:Drivers/STM32F4xx_HAL_Driver/Src/stm32f4xx_hal_tim_ex.c **** 
1120:Drivers/STM32F4xx_HAL_Driver/Src/stm32f4xx_hal_tim_ex.c ****   /* Enable the Peripheral, except in trigger mode where enable is automatically done with trigger 
1121:Drivers/STM32F4xx_HAL_Driver/Src/stm32f4xx_hal_tim_ex.c ****   if (IS_TIM_SLAVE_INSTANCE(htim->Instance))
1122:Drivers/STM32F4xx_HAL_Driver/Src/stm32f4xx_hal_tim_ex.c ****   {
1123:Drivers/STM32F4xx_HAL_Driver/Src/stm32f4xx_hal_tim_ex.c ****     tmpsmcr = htim->Instance->SMCR & TIM_SMCR_SMS;
1124:Drivers/STM32F4xx_HAL_Driver/Src/stm32f4xx_hal_tim_ex.c ****     if (!IS_TIM_SLAVEMODE_TRIGGER_ENABLED(tmpsmcr))
1125:Drivers/STM32F4xx_HAL_Driver/Src/stm32f4xx_hal_tim_ex.c ****     {
1126:Drivers/STM32F4xx_HAL_Driver/Src/stm32f4xx_hal_tim_ex.c ****       __HAL_TIM_ENABLE(htim);
1127:Drivers/STM32F4xx_HAL_Driver/Src/stm32f4xx_hal_tim_ex.c ****     }
1128:Drivers/STM32F4xx_HAL_Driver/Src/stm32f4xx_hal_tim_ex.c ****   }
1129:Drivers/STM32F4xx_HAL_Driver/Src/stm32f4xx_hal_tim_ex.c ****   else
1130:Drivers/STM32F4xx_HAL_Driver/Src/stm32f4xx_hal_tim_ex.c ****   {
1131:Drivers/STM32F4xx_HAL_Driver/Src/stm32f4xx_hal_tim_ex.c ****     __HAL_TIM_ENABLE(htim);
1132:Drivers/STM32F4xx_HAL_Driver/Src/stm32f4xx_hal_tim_ex.c ****   }
1133:Drivers/STM32F4xx_HAL_Driver/Src/stm32f4xx_hal_tim_ex.c **** 
1134:Drivers/STM32F4xx_HAL_Driver/Src/stm32f4xx_hal_tim_ex.c ****   /* Return function status */
1135:Drivers/STM32F4xx_HAL_Driver/Src/stm32f4xx_hal_tim_ex.c ****   return HAL_OK;
1136:Drivers/STM32F4xx_HAL_Driver/Src/stm32f4xx_hal_tim_ex.c **** }
1137:Drivers/STM32F4xx_HAL_Driver/Src/stm32f4xx_hal_tim_ex.c **** 
1138:Drivers/STM32F4xx_HAL_Driver/Src/stm32f4xx_hal_tim_ex.c **** /**
1139:Drivers/STM32F4xx_HAL_Driver/Src/stm32f4xx_hal_tim_ex.c ****   * @brief  Stops the PWM signal generation on the complementary output.
1140:Drivers/STM32F4xx_HAL_Driver/Src/stm32f4xx_hal_tim_ex.c ****   * @param  htim TIM handle
1141:Drivers/STM32F4xx_HAL_Driver/Src/stm32f4xx_hal_tim_ex.c ****   * @param  Channel TIM Channel to be disabled
1142:Drivers/STM32F4xx_HAL_Driver/Src/stm32f4xx_hal_tim_ex.c ****   *          This parameter can be one of the following values:
1143:Drivers/STM32F4xx_HAL_Driver/Src/stm32f4xx_hal_tim_ex.c ****   *            @arg TIM_CHANNEL_1: TIM Channel 1 selected
1144:Drivers/STM32F4xx_HAL_Driver/Src/stm32f4xx_hal_tim_ex.c ****   *            @arg TIM_CHANNEL_2: TIM Channel 2 selected
1145:Drivers/STM32F4xx_HAL_Driver/Src/stm32f4xx_hal_tim_ex.c ****   *            @arg TIM_CHANNEL_3: TIM Channel 3 selected
1146:Drivers/STM32F4xx_HAL_Driver/Src/stm32f4xx_hal_tim_ex.c ****   * @retval HAL status
1147:Drivers/STM32F4xx_HAL_Driver/Src/stm32f4xx_hal_tim_ex.c ****   */
1148:Drivers/STM32F4xx_HAL_Driver/Src/stm32f4xx_hal_tim_ex.c **** HAL_StatusTypeDef HAL_TIMEx_PWMN_Stop(TIM_HandleTypeDef *htim, uint32_t Channel)
1149:Drivers/STM32F4xx_HAL_Driver/Src/stm32f4xx_hal_tim_ex.c **** {
1150:Drivers/STM32F4xx_HAL_Driver/Src/stm32f4xx_hal_tim_ex.c ****   /* Check the parameters */
1151:Drivers/STM32F4xx_HAL_Driver/Src/stm32f4xx_hal_tim_ex.c ****   assert_param(IS_TIM_CCXN_INSTANCE(htim->Instance, Channel));
1152:Drivers/STM32F4xx_HAL_Driver/Src/stm32f4xx_hal_tim_ex.c **** 
1153:Drivers/STM32F4xx_HAL_Driver/Src/stm32f4xx_hal_tim_ex.c ****   /* Disable the complementary PWM output  */
1154:Drivers/STM32F4xx_HAL_Driver/Src/stm32f4xx_hal_tim_ex.c ****   TIM_CCxNChannelCmd(htim->Instance, Channel, TIM_CCxN_DISABLE);
1155:Drivers/STM32F4xx_HAL_Driver/Src/stm32f4xx_hal_tim_ex.c **** 
1156:Drivers/STM32F4xx_HAL_Driver/Src/stm32f4xx_hal_tim_ex.c ****   /* Disable the Main Output */
1157:Drivers/STM32F4xx_HAL_Driver/Src/stm32f4xx_hal_tim_ex.c ****   __HAL_TIM_MOE_DISABLE(htim);
1158:Drivers/STM32F4xx_HAL_Driver/Src/stm32f4xx_hal_tim_ex.c **** 
1159:Drivers/STM32F4xx_HAL_Driver/Src/stm32f4xx_hal_tim_ex.c ****   /* Disable the Peripheral */
1160:Drivers/STM32F4xx_HAL_Driver/Src/stm32f4xx_hal_tim_ex.c ****   __HAL_TIM_DISABLE(htim);
1161:Drivers/STM32F4xx_HAL_Driver/Src/stm32f4xx_hal_tim_ex.c **** 
1162:Drivers/STM32F4xx_HAL_Driver/Src/stm32f4xx_hal_tim_ex.c ****   /* Set the TIM complementary channel state */
1163:Drivers/STM32F4xx_HAL_Driver/Src/stm32f4xx_hal_tim_ex.c ****   TIM_CHANNEL_N_STATE_SET(htim, Channel, HAL_TIM_CHANNEL_STATE_READY);
1164:Drivers/STM32F4xx_HAL_Driver/Src/stm32f4xx_hal_tim_ex.c **** 
1165:Drivers/STM32F4xx_HAL_Driver/Src/stm32f4xx_hal_tim_ex.c ****   /* Return function status */
1166:Drivers/STM32F4xx_HAL_Driver/Src/stm32f4xx_hal_tim_ex.c ****   return HAL_OK;
1167:Drivers/STM32F4xx_HAL_Driver/Src/stm32f4xx_hal_tim_ex.c **** }
1168:Drivers/STM32F4xx_HAL_Driver/Src/stm32f4xx_hal_tim_ex.c **** 
1169:Drivers/STM32F4xx_HAL_Driver/Src/stm32f4xx_hal_tim_ex.c **** /**
1170:Drivers/STM32F4xx_HAL_Driver/Src/stm32f4xx_hal_tim_ex.c ****   * @brief  Starts the PWM signal generation in interrupt mode on the
ARM GAS  C:\Users\pablo\AppData\Local\Temp\ccRGdM61.s 			page 22


1171:Drivers/STM32F4xx_HAL_Driver/Src/stm32f4xx_hal_tim_ex.c ****   *         complementary output.
1172:Drivers/STM32F4xx_HAL_Driver/Src/stm32f4xx_hal_tim_ex.c ****   * @param  htim TIM handle
1173:Drivers/STM32F4xx_HAL_Driver/Src/stm32f4xx_hal_tim_ex.c ****   * @param  Channel TIM Channel to be disabled
1174:Drivers/STM32F4xx_HAL_Driver/Src/stm32f4xx_hal_tim_ex.c ****   *          This parameter can be one of the following values:
1175:Drivers/STM32F4xx_HAL_Driver/Src/stm32f4xx_hal_tim_ex.c ****   *            @arg TIM_CHANNEL_1: TIM Channel 1 selected
1176:Drivers/STM32F4xx_HAL_Driver/Src/stm32f4xx_hal_tim_ex.c ****   *            @arg TIM_CHANNEL_2: TIM Channel 2 selected
1177:Drivers/STM32F4xx_HAL_Driver/Src/stm32f4xx_hal_tim_ex.c ****   *            @arg TIM_CHANNEL_3: TIM Channel 3 selected
1178:Drivers/STM32F4xx_HAL_Driver/Src/stm32f4xx_hal_tim_ex.c ****   * @retval HAL status
1179:Drivers/STM32F4xx_HAL_Driver/Src/stm32f4xx_hal_tim_ex.c ****   */
1180:Drivers/STM32F4xx_HAL_Driver/Src/stm32f4xx_hal_tim_ex.c **** HAL_StatusTypeDef HAL_TIMEx_PWMN_Start_IT(TIM_HandleTypeDef *htim, uint32_t Channel)
1181:Drivers/STM32F4xx_HAL_Driver/Src/stm32f4xx_hal_tim_ex.c **** {
1182:Drivers/STM32F4xx_HAL_Driver/Src/stm32f4xx_hal_tim_ex.c ****   HAL_StatusTypeDef status = HAL_OK;
1183:Drivers/STM32F4xx_HAL_Driver/Src/stm32f4xx_hal_tim_ex.c ****   uint32_t tmpsmcr;
1184:Drivers/STM32F4xx_HAL_Driver/Src/stm32f4xx_hal_tim_ex.c **** 
1185:Drivers/STM32F4xx_HAL_Driver/Src/stm32f4xx_hal_tim_ex.c ****   /* Check the parameters */
1186:Drivers/STM32F4xx_HAL_Driver/Src/stm32f4xx_hal_tim_ex.c ****   assert_param(IS_TIM_CCXN_INSTANCE(htim->Instance, Channel));
1187:Drivers/STM32F4xx_HAL_Driver/Src/stm32f4xx_hal_tim_ex.c **** 
1188:Drivers/STM32F4xx_HAL_Driver/Src/stm32f4xx_hal_tim_ex.c ****   /* Check the TIM complementary channel state */
1189:Drivers/STM32F4xx_HAL_Driver/Src/stm32f4xx_hal_tim_ex.c ****   if (TIM_CHANNEL_N_STATE_GET(htim, Channel) != HAL_TIM_CHANNEL_STATE_READY)
1190:Drivers/STM32F4xx_HAL_Driver/Src/stm32f4xx_hal_tim_ex.c ****   {
1191:Drivers/STM32F4xx_HAL_Driver/Src/stm32f4xx_hal_tim_ex.c ****     return HAL_ERROR;
1192:Drivers/STM32F4xx_HAL_Driver/Src/stm32f4xx_hal_tim_ex.c ****   }
1193:Drivers/STM32F4xx_HAL_Driver/Src/stm32f4xx_hal_tim_ex.c **** 
1194:Drivers/STM32F4xx_HAL_Driver/Src/stm32f4xx_hal_tim_ex.c ****   /* Set the TIM complementary channel state */
1195:Drivers/STM32F4xx_HAL_Driver/Src/stm32f4xx_hal_tim_ex.c ****   TIM_CHANNEL_N_STATE_SET(htim, Channel, HAL_TIM_CHANNEL_STATE_BUSY);
1196:Drivers/STM32F4xx_HAL_Driver/Src/stm32f4xx_hal_tim_ex.c **** 
1197:Drivers/STM32F4xx_HAL_Driver/Src/stm32f4xx_hal_tim_ex.c ****   switch (Channel)
1198:Drivers/STM32F4xx_HAL_Driver/Src/stm32f4xx_hal_tim_ex.c ****   {
1199:Drivers/STM32F4xx_HAL_Driver/Src/stm32f4xx_hal_tim_ex.c ****     case TIM_CHANNEL_1:
1200:Drivers/STM32F4xx_HAL_Driver/Src/stm32f4xx_hal_tim_ex.c ****     {
1201:Drivers/STM32F4xx_HAL_Driver/Src/stm32f4xx_hal_tim_ex.c ****       /* Enable the TIM Capture/Compare 1 interrupt */
1202:Drivers/STM32F4xx_HAL_Driver/Src/stm32f4xx_hal_tim_ex.c ****       __HAL_TIM_ENABLE_IT(htim, TIM_IT_CC1);
1203:Drivers/STM32F4xx_HAL_Driver/Src/stm32f4xx_hal_tim_ex.c ****       break;
1204:Drivers/STM32F4xx_HAL_Driver/Src/stm32f4xx_hal_tim_ex.c ****     }
1205:Drivers/STM32F4xx_HAL_Driver/Src/stm32f4xx_hal_tim_ex.c **** 
1206:Drivers/STM32F4xx_HAL_Driver/Src/stm32f4xx_hal_tim_ex.c ****     case TIM_CHANNEL_2:
1207:Drivers/STM32F4xx_HAL_Driver/Src/stm32f4xx_hal_tim_ex.c ****     {
1208:Drivers/STM32F4xx_HAL_Driver/Src/stm32f4xx_hal_tim_ex.c ****       /* Enable the TIM Capture/Compare 2 interrupt */
1209:Drivers/STM32F4xx_HAL_Driver/Src/stm32f4xx_hal_tim_ex.c ****       __HAL_TIM_ENABLE_IT(htim, TIM_IT_CC2);
1210:Drivers/STM32F4xx_HAL_Driver/Src/stm32f4xx_hal_tim_ex.c ****       break;
1211:Drivers/STM32F4xx_HAL_Driver/Src/stm32f4xx_hal_tim_ex.c ****     }
1212:Drivers/STM32F4xx_HAL_Driver/Src/stm32f4xx_hal_tim_ex.c **** 
1213:Drivers/STM32F4xx_HAL_Driver/Src/stm32f4xx_hal_tim_ex.c ****     case TIM_CHANNEL_3:
1214:Drivers/STM32F4xx_HAL_Driver/Src/stm32f4xx_hal_tim_ex.c ****     {
1215:Drivers/STM32F4xx_HAL_Driver/Src/stm32f4xx_hal_tim_ex.c ****       /* Enable the TIM Capture/Compare 3 interrupt */
1216:Drivers/STM32F4xx_HAL_Driver/Src/stm32f4xx_hal_tim_ex.c ****       __HAL_TIM_ENABLE_IT(htim, TIM_IT_CC3);
1217:Drivers/STM32F4xx_HAL_Driver/Src/stm32f4xx_hal_tim_ex.c ****       break;
1218:Drivers/STM32F4xx_HAL_Driver/Src/stm32f4xx_hal_tim_ex.c ****     }
1219:Drivers/STM32F4xx_HAL_Driver/Src/stm32f4xx_hal_tim_ex.c **** 
1220:Drivers/STM32F4xx_HAL_Driver/Src/stm32f4xx_hal_tim_ex.c ****     default:
1221:Drivers/STM32F4xx_HAL_Driver/Src/stm32f4xx_hal_tim_ex.c ****       status = HAL_ERROR;
1222:Drivers/STM32F4xx_HAL_Driver/Src/stm32f4xx_hal_tim_ex.c ****       break;
1223:Drivers/STM32F4xx_HAL_Driver/Src/stm32f4xx_hal_tim_ex.c ****   }
1224:Drivers/STM32F4xx_HAL_Driver/Src/stm32f4xx_hal_tim_ex.c **** 
1225:Drivers/STM32F4xx_HAL_Driver/Src/stm32f4xx_hal_tim_ex.c ****   if (status == HAL_OK)
1226:Drivers/STM32F4xx_HAL_Driver/Src/stm32f4xx_hal_tim_ex.c ****   {
1227:Drivers/STM32F4xx_HAL_Driver/Src/stm32f4xx_hal_tim_ex.c ****     /* Enable the TIM Break interrupt */
ARM GAS  C:\Users\pablo\AppData\Local\Temp\ccRGdM61.s 			page 23


1228:Drivers/STM32F4xx_HAL_Driver/Src/stm32f4xx_hal_tim_ex.c ****     __HAL_TIM_ENABLE_IT(htim, TIM_IT_BREAK);
1229:Drivers/STM32F4xx_HAL_Driver/Src/stm32f4xx_hal_tim_ex.c **** 
1230:Drivers/STM32F4xx_HAL_Driver/Src/stm32f4xx_hal_tim_ex.c ****     /* Enable the complementary PWM output  */
1231:Drivers/STM32F4xx_HAL_Driver/Src/stm32f4xx_hal_tim_ex.c ****     TIM_CCxNChannelCmd(htim->Instance, Channel, TIM_CCxN_ENABLE);
1232:Drivers/STM32F4xx_HAL_Driver/Src/stm32f4xx_hal_tim_ex.c **** 
1233:Drivers/STM32F4xx_HAL_Driver/Src/stm32f4xx_hal_tim_ex.c ****     /* Enable the Main Output */
1234:Drivers/STM32F4xx_HAL_Driver/Src/stm32f4xx_hal_tim_ex.c ****     __HAL_TIM_MOE_ENABLE(htim);
1235:Drivers/STM32F4xx_HAL_Driver/Src/stm32f4xx_hal_tim_ex.c **** 
1236:Drivers/STM32F4xx_HAL_Driver/Src/stm32f4xx_hal_tim_ex.c ****     /* Enable the Peripheral, except in trigger mode where enable is automatically done with trigge
1237:Drivers/STM32F4xx_HAL_Driver/Src/stm32f4xx_hal_tim_ex.c ****     if (IS_TIM_SLAVE_INSTANCE(htim->Instance))
1238:Drivers/STM32F4xx_HAL_Driver/Src/stm32f4xx_hal_tim_ex.c ****     {
1239:Drivers/STM32F4xx_HAL_Driver/Src/stm32f4xx_hal_tim_ex.c ****       tmpsmcr = htim->Instance->SMCR & TIM_SMCR_SMS;
1240:Drivers/STM32F4xx_HAL_Driver/Src/stm32f4xx_hal_tim_ex.c ****       if (!IS_TIM_SLAVEMODE_TRIGGER_ENABLED(tmpsmcr))
1241:Drivers/STM32F4xx_HAL_Driver/Src/stm32f4xx_hal_tim_ex.c ****       {
1242:Drivers/STM32F4xx_HAL_Driver/Src/stm32f4xx_hal_tim_ex.c ****         __HAL_TIM_ENABLE(htim);
1243:Drivers/STM32F4xx_HAL_Driver/Src/stm32f4xx_hal_tim_ex.c ****       }
1244:Drivers/STM32F4xx_HAL_Driver/Src/stm32f4xx_hal_tim_ex.c ****     }
1245:Drivers/STM32F4xx_HAL_Driver/Src/stm32f4xx_hal_tim_ex.c ****     else
1246:Drivers/STM32F4xx_HAL_Driver/Src/stm32f4xx_hal_tim_ex.c ****     {
1247:Drivers/STM32F4xx_HAL_Driver/Src/stm32f4xx_hal_tim_ex.c ****       __HAL_TIM_ENABLE(htim);
1248:Drivers/STM32F4xx_HAL_Driver/Src/stm32f4xx_hal_tim_ex.c ****     }
1249:Drivers/STM32F4xx_HAL_Driver/Src/stm32f4xx_hal_tim_ex.c ****   }
1250:Drivers/STM32F4xx_HAL_Driver/Src/stm32f4xx_hal_tim_ex.c **** 
1251:Drivers/STM32F4xx_HAL_Driver/Src/stm32f4xx_hal_tim_ex.c ****   /* Return function status */
1252:Drivers/STM32F4xx_HAL_Driver/Src/stm32f4xx_hal_tim_ex.c ****   return status;
1253:Drivers/STM32F4xx_HAL_Driver/Src/stm32f4xx_hal_tim_ex.c **** }
1254:Drivers/STM32F4xx_HAL_Driver/Src/stm32f4xx_hal_tim_ex.c **** 
1255:Drivers/STM32F4xx_HAL_Driver/Src/stm32f4xx_hal_tim_ex.c **** /**
1256:Drivers/STM32F4xx_HAL_Driver/Src/stm32f4xx_hal_tim_ex.c ****   * @brief  Stops the PWM signal generation in interrupt mode on the
1257:Drivers/STM32F4xx_HAL_Driver/Src/stm32f4xx_hal_tim_ex.c ****   *         complementary output.
1258:Drivers/STM32F4xx_HAL_Driver/Src/stm32f4xx_hal_tim_ex.c ****   * @param  htim TIM handle
1259:Drivers/STM32F4xx_HAL_Driver/Src/stm32f4xx_hal_tim_ex.c ****   * @param  Channel TIM Channel to be disabled
1260:Drivers/STM32F4xx_HAL_Driver/Src/stm32f4xx_hal_tim_ex.c ****   *          This parameter can be one of the following values:
1261:Drivers/STM32F4xx_HAL_Driver/Src/stm32f4xx_hal_tim_ex.c ****   *            @arg TIM_CHANNEL_1: TIM Channel 1 selected
1262:Drivers/STM32F4xx_HAL_Driver/Src/stm32f4xx_hal_tim_ex.c ****   *            @arg TIM_CHANNEL_2: TIM Channel 2 selected
1263:Drivers/STM32F4xx_HAL_Driver/Src/stm32f4xx_hal_tim_ex.c ****   *            @arg TIM_CHANNEL_3: TIM Channel 3 selected
1264:Drivers/STM32F4xx_HAL_Driver/Src/stm32f4xx_hal_tim_ex.c ****   * @retval HAL status
1265:Drivers/STM32F4xx_HAL_Driver/Src/stm32f4xx_hal_tim_ex.c ****   */
1266:Drivers/STM32F4xx_HAL_Driver/Src/stm32f4xx_hal_tim_ex.c **** HAL_StatusTypeDef HAL_TIMEx_PWMN_Stop_IT(TIM_HandleTypeDef *htim, uint32_t Channel)
1267:Drivers/STM32F4xx_HAL_Driver/Src/stm32f4xx_hal_tim_ex.c **** {
1268:Drivers/STM32F4xx_HAL_Driver/Src/stm32f4xx_hal_tim_ex.c ****   HAL_StatusTypeDef status = HAL_OK;
1269:Drivers/STM32F4xx_HAL_Driver/Src/stm32f4xx_hal_tim_ex.c ****   uint32_t tmpccer;
1270:Drivers/STM32F4xx_HAL_Driver/Src/stm32f4xx_hal_tim_ex.c **** 
1271:Drivers/STM32F4xx_HAL_Driver/Src/stm32f4xx_hal_tim_ex.c ****   /* Check the parameters */
1272:Drivers/STM32F4xx_HAL_Driver/Src/stm32f4xx_hal_tim_ex.c ****   assert_param(IS_TIM_CCXN_INSTANCE(htim->Instance, Channel));
1273:Drivers/STM32F4xx_HAL_Driver/Src/stm32f4xx_hal_tim_ex.c **** 
1274:Drivers/STM32F4xx_HAL_Driver/Src/stm32f4xx_hal_tim_ex.c ****   switch (Channel)
1275:Drivers/STM32F4xx_HAL_Driver/Src/stm32f4xx_hal_tim_ex.c ****   {
1276:Drivers/STM32F4xx_HAL_Driver/Src/stm32f4xx_hal_tim_ex.c ****     case TIM_CHANNEL_1:
1277:Drivers/STM32F4xx_HAL_Driver/Src/stm32f4xx_hal_tim_ex.c ****     {
1278:Drivers/STM32F4xx_HAL_Driver/Src/stm32f4xx_hal_tim_ex.c ****       /* Disable the TIM Capture/Compare 1 interrupt */
1279:Drivers/STM32F4xx_HAL_Driver/Src/stm32f4xx_hal_tim_ex.c ****       __HAL_TIM_DISABLE_IT(htim, TIM_IT_CC1);
1280:Drivers/STM32F4xx_HAL_Driver/Src/stm32f4xx_hal_tim_ex.c ****       break;
1281:Drivers/STM32F4xx_HAL_Driver/Src/stm32f4xx_hal_tim_ex.c ****     }
1282:Drivers/STM32F4xx_HAL_Driver/Src/stm32f4xx_hal_tim_ex.c **** 
1283:Drivers/STM32F4xx_HAL_Driver/Src/stm32f4xx_hal_tim_ex.c ****     case TIM_CHANNEL_2:
1284:Drivers/STM32F4xx_HAL_Driver/Src/stm32f4xx_hal_tim_ex.c ****     {
ARM GAS  C:\Users\pablo\AppData\Local\Temp\ccRGdM61.s 			page 24


1285:Drivers/STM32F4xx_HAL_Driver/Src/stm32f4xx_hal_tim_ex.c ****       /* Disable the TIM Capture/Compare 2 interrupt */
1286:Drivers/STM32F4xx_HAL_Driver/Src/stm32f4xx_hal_tim_ex.c ****       __HAL_TIM_DISABLE_IT(htim, TIM_IT_CC2);
1287:Drivers/STM32F4xx_HAL_Driver/Src/stm32f4xx_hal_tim_ex.c ****       break;
1288:Drivers/STM32F4xx_HAL_Driver/Src/stm32f4xx_hal_tim_ex.c ****     }
1289:Drivers/STM32F4xx_HAL_Driver/Src/stm32f4xx_hal_tim_ex.c **** 
1290:Drivers/STM32F4xx_HAL_Driver/Src/stm32f4xx_hal_tim_ex.c ****     case TIM_CHANNEL_3:
1291:Drivers/STM32F4xx_HAL_Driver/Src/stm32f4xx_hal_tim_ex.c ****     {
1292:Drivers/STM32F4xx_HAL_Driver/Src/stm32f4xx_hal_tim_ex.c ****       /* Disable the TIM Capture/Compare 3 interrupt */
1293:Drivers/STM32F4xx_HAL_Driver/Src/stm32f4xx_hal_tim_ex.c ****       __HAL_TIM_DISABLE_IT(htim, TIM_IT_CC3);
1294:Drivers/STM32F4xx_HAL_Driver/Src/stm32f4xx_hal_tim_ex.c ****       break;
1295:Drivers/STM32F4xx_HAL_Driver/Src/stm32f4xx_hal_tim_ex.c ****     }
1296:Drivers/STM32F4xx_HAL_Driver/Src/stm32f4xx_hal_tim_ex.c **** 
1297:Drivers/STM32F4xx_HAL_Driver/Src/stm32f4xx_hal_tim_ex.c ****     default:
1298:Drivers/STM32F4xx_HAL_Driver/Src/stm32f4xx_hal_tim_ex.c ****       status = HAL_ERROR;
1299:Drivers/STM32F4xx_HAL_Driver/Src/stm32f4xx_hal_tim_ex.c ****       break;
1300:Drivers/STM32F4xx_HAL_Driver/Src/stm32f4xx_hal_tim_ex.c ****   }
1301:Drivers/STM32F4xx_HAL_Driver/Src/stm32f4xx_hal_tim_ex.c **** 
1302:Drivers/STM32F4xx_HAL_Driver/Src/stm32f4xx_hal_tim_ex.c ****   if (status == HAL_OK)
1303:Drivers/STM32F4xx_HAL_Driver/Src/stm32f4xx_hal_tim_ex.c ****   {
1304:Drivers/STM32F4xx_HAL_Driver/Src/stm32f4xx_hal_tim_ex.c ****     /* Disable the complementary PWM output  */
1305:Drivers/STM32F4xx_HAL_Driver/Src/stm32f4xx_hal_tim_ex.c ****     TIM_CCxNChannelCmd(htim->Instance, Channel, TIM_CCxN_DISABLE);
1306:Drivers/STM32F4xx_HAL_Driver/Src/stm32f4xx_hal_tim_ex.c **** 
1307:Drivers/STM32F4xx_HAL_Driver/Src/stm32f4xx_hal_tim_ex.c ****     /* Disable the TIM Break interrupt (only if no more channel is active) */
1308:Drivers/STM32F4xx_HAL_Driver/Src/stm32f4xx_hal_tim_ex.c ****     tmpccer = htim->Instance->CCER;
1309:Drivers/STM32F4xx_HAL_Driver/Src/stm32f4xx_hal_tim_ex.c ****     if ((tmpccer & TIM_CCER_CCxNE_MASK) == (uint32_t)RESET)
1310:Drivers/STM32F4xx_HAL_Driver/Src/stm32f4xx_hal_tim_ex.c ****     {
1311:Drivers/STM32F4xx_HAL_Driver/Src/stm32f4xx_hal_tim_ex.c ****       __HAL_TIM_DISABLE_IT(htim, TIM_IT_BREAK);
1312:Drivers/STM32F4xx_HAL_Driver/Src/stm32f4xx_hal_tim_ex.c ****     }
1313:Drivers/STM32F4xx_HAL_Driver/Src/stm32f4xx_hal_tim_ex.c **** 
1314:Drivers/STM32F4xx_HAL_Driver/Src/stm32f4xx_hal_tim_ex.c ****     /* Disable the Main Output */
1315:Drivers/STM32F4xx_HAL_Driver/Src/stm32f4xx_hal_tim_ex.c ****     __HAL_TIM_MOE_DISABLE(htim);
1316:Drivers/STM32F4xx_HAL_Driver/Src/stm32f4xx_hal_tim_ex.c **** 
1317:Drivers/STM32F4xx_HAL_Driver/Src/stm32f4xx_hal_tim_ex.c ****     /* Disable the Peripheral */
1318:Drivers/STM32F4xx_HAL_Driver/Src/stm32f4xx_hal_tim_ex.c ****     __HAL_TIM_DISABLE(htim);
1319:Drivers/STM32F4xx_HAL_Driver/Src/stm32f4xx_hal_tim_ex.c **** 
1320:Drivers/STM32F4xx_HAL_Driver/Src/stm32f4xx_hal_tim_ex.c ****     /* Set the TIM complementary channel state */
1321:Drivers/STM32F4xx_HAL_Driver/Src/stm32f4xx_hal_tim_ex.c ****     TIM_CHANNEL_N_STATE_SET(htim, Channel, HAL_TIM_CHANNEL_STATE_READY);
1322:Drivers/STM32F4xx_HAL_Driver/Src/stm32f4xx_hal_tim_ex.c ****   }
1323:Drivers/STM32F4xx_HAL_Driver/Src/stm32f4xx_hal_tim_ex.c **** 
1324:Drivers/STM32F4xx_HAL_Driver/Src/stm32f4xx_hal_tim_ex.c ****   /* Return function status */
1325:Drivers/STM32F4xx_HAL_Driver/Src/stm32f4xx_hal_tim_ex.c ****   return status;
1326:Drivers/STM32F4xx_HAL_Driver/Src/stm32f4xx_hal_tim_ex.c **** }
1327:Drivers/STM32F4xx_HAL_Driver/Src/stm32f4xx_hal_tim_ex.c **** 
1328:Drivers/STM32F4xx_HAL_Driver/Src/stm32f4xx_hal_tim_ex.c **** /**
1329:Drivers/STM32F4xx_HAL_Driver/Src/stm32f4xx_hal_tim_ex.c ****   * @brief  Starts the TIM PWM signal generation in DMA mode on the
1330:Drivers/STM32F4xx_HAL_Driver/Src/stm32f4xx_hal_tim_ex.c ****   *         complementary output
1331:Drivers/STM32F4xx_HAL_Driver/Src/stm32f4xx_hal_tim_ex.c ****   * @param  htim TIM handle
1332:Drivers/STM32F4xx_HAL_Driver/Src/stm32f4xx_hal_tim_ex.c ****   * @param  Channel TIM Channel to be enabled
1333:Drivers/STM32F4xx_HAL_Driver/Src/stm32f4xx_hal_tim_ex.c ****   *          This parameter can be one of the following values:
1334:Drivers/STM32F4xx_HAL_Driver/Src/stm32f4xx_hal_tim_ex.c ****   *            @arg TIM_CHANNEL_1: TIM Channel 1 selected
1335:Drivers/STM32F4xx_HAL_Driver/Src/stm32f4xx_hal_tim_ex.c ****   *            @arg TIM_CHANNEL_2: TIM Channel 2 selected
1336:Drivers/STM32F4xx_HAL_Driver/Src/stm32f4xx_hal_tim_ex.c ****   *            @arg TIM_CHANNEL_3: TIM Channel 3 selected
1337:Drivers/STM32F4xx_HAL_Driver/Src/stm32f4xx_hal_tim_ex.c ****   * @param  pData The source Buffer address.
1338:Drivers/STM32F4xx_HAL_Driver/Src/stm32f4xx_hal_tim_ex.c ****   * @param  Length The length of data to be transferred from memory to TIM peripheral
1339:Drivers/STM32F4xx_HAL_Driver/Src/stm32f4xx_hal_tim_ex.c ****   * @retval HAL status
1340:Drivers/STM32F4xx_HAL_Driver/Src/stm32f4xx_hal_tim_ex.c ****   */
1341:Drivers/STM32F4xx_HAL_Driver/Src/stm32f4xx_hal_tim_ex.c **** HAL_StatusTypeDef HAL_TIMEx_PWMN_Start_DMA(TIM_HandleTypeDef *htim, uint32_t Channel, const uint32_
ARM GAS  C:\Users\pablo\AppData\Local\Temp\ccRGdM61.s 			page 25


1342:Drivers/STM32F4xx_HAL_Driver/Src/stm32f4xx_hal_tim_ex.c ****                                            uint16_t Length)
1343:Drivers/STM32F4xx_HAL_Driver/Src/stm32f4xx_hal_tim_ex.c **** {
1344:Drivers/STM32F4xx_HAL_Driver/Src/stm32f4xx_hal_tim_ex.c ****   HAL_StatusTypeDef status = HAL_OK;
1345:Drivers/STM32F4xx_HAL_Driver/Src/stm32f4xx_hal_tim_ex.c ****   uint32_t tmpsmcr;
1346:Drivers/STM32F4xx_HAL_Driver/Src/stm32f4xx_hal_tim_ex.c **** 
1347:Drivers/STM32F4xx_HAL_Driver/Src/stm32f4xx_hal_tim_ex.c ****   /* Check the parameters */
1348:Drivers/STM32F4xx_HAL_Driver/Src/stm32f4xx_hal_tim_ex.c ****   assert_param(IS_TIM_CCXN_INSTANCE(htim->Instance, Channel));
1349:Drivers/STM32F4xx_HAL_Driver/Src/stm32f4xx_hal_tim_ex.c **** 
1350:Drivers/STM32F4xx_HAL_Driver/Src/stm32f4xx_hal_tim_ex.c ****   /* Set the TIM complementary channel state */
1351:Drivers/STM32F4xx_HAL_Driver/Src/stm32f4xx_hal_tim_ex.c ****   if (TIM_CHANNEL_N_STATE_GET(htim, Channel) == HAL_TIM_CHANNEL_STATE_BUSY)
1352:Drivers/STM32F4xx_HAL_Driver/Src/stm32f4xx_hal_tim_ex.c ****   {
1353:Drivers/STM32F4xx_HAL_Driver/Src/stm32f4xx_hal_tim_ex.c ****     return HAL_BUSY;
1354:Drivers/STM32F4xx_HAL_Driver/Src/stm32f4xx_hal_tim_ex.c ****   }
1355:Drivers/STM32F4xx_HAL_Driver/Src/stm32f4xx_hal_tim_ex.c ****   else if (TIM_CHANNEL_N_STATE_GET(htim, Channel) == HAL_TIM_CHANNEL_STATE_READY)
1356:Drivers/STM32F4xx_HAL_Driver/Src/stm32f4xx_hal_tim_ex.c ****   {
1357:Drivers/STM32F4xx_HAL_Driver/Src/stm32f4xx_hal_tim_ex.c ****     if ((pData == NULL) || (Length == 0U))
1358:Drivers/STM32F4xx_HAL_Driver/Src/stm32f4xx_hal_tim_ex.c ****     {
1359:Drivers/STM32F4xx_HAL_Driver/Src/stm32f4xx_hal_tim_ex.c ****       return HAL_ERROR;
1360:Drivers/STM32F4xx_HAL_Driver/Src/stm32f4xx_hal_tim_ex.c ****     }
1361:Drivers/STM32F4xx_HAL_Driver/Src/stm32f4xx_hal_tim_ex.c ****     else
1362:Drivers/STM32F4xx_HAL_Driver/Src/stm32f4xx_hal_tim_ex.c ****     {
1363:Drivers/STM32F4xx_HAL_Driver/Src/stm32f4xx_hal_tim_ex.c ****       TIM_CHANNEL_N_STATE_SET(htim, Channel, HAL_TIM_CHANNEL_STATE_BUSY);
1364:Drivers/STM32F4xx_HAL_Driver/Src/stm32f4xx_hal_tim_ex.c ****     }
1365:Drivers/STM32F4xx_HAL_Driver/Src/stm32f4xx_hal_tim_ex.c ****   }
1366:Drivers/STM32F4xx_HAL_Driver/Src/stm32f4xx_hal_tim_ex.c ****   else
1367:Drivers/STM32F4xx_HAL_Driver/Src/stm32f4xx_hal_tim_ex.c ****   {
1368:Drivers/STM32F4xx_HAL_Driver/Src/stm32f4xx_hal_tim_ex.c ****     return HAL_ERROR;
1369:Drivers/STM32F4xx_HAL_Driver/Src/stm32f4xx_hal_tim_ex.c ****   }
1370:Drivers/STM32F4xx_HAL_Driver/Src/stm32f4xx_hal_tim_ex.c **** 
1371:Drivers/STM32F4xx_HAL_Driver/Src/stm32f4xx_hal_tim_ex.c ****   switch (Channel)
1372:Drivers/STM32F4xx_HAL_Driver/Src/stm32f4xx_hal_tim_ex.c ****   {
1373:Drivers/STM32F4xx_HAL_Driver/Src/stm32f4xx_hal_tim_ex.c ****     case TIM_CHANNEL_1:
1374:Drivers/STM32F4xx_HAL_Driver/Src/stm32f4xx_hal_tim_ex.c ****     {
1375:Drivers/STM32F4xx_HAL_Driver/Src/stm32f4xx_hal_tim_ex.c ****       /* Set the DMA compare callbacks */
1376:Drivers/STM32F4xx_HAL_Driver/Src/stm32f4xx_hal_tim_ex.c ****       htim->hdma[TIM_DMA_ID_CC1]->XferCpltCallback = TIM_DMADelayPulseNCplt;
1377:Drivers/STM32F4xx_HAL_Driver/Src/stm32f4xx_hal_tim_ex.c ****       htim->hdma[TIM_DMA_ID_CC1]->XferHalfCpltCallback = TIM_DMADelayPulseHalfCplt;
1378:Drivers/STM32F4xx_HAL_Driver/Src/stm32f4xx_hal_tim_ex.c **** 
1379:Drivers/STM32F4xx_HAL_Driver/Src/stm32f4xx_hal_tim_ex.c ****       /* Set the DMA error callback */
1380:Drivers/STM32F4xx_HAL_Driver/Src/stm32f4xx_hal_tim_ex.c ****       htim->hdma[TIM_DMA_ID_CC1]->XferErrorCallback = TIM_DMAErrorCCxN ;
1381:Drivers/STM32F4xx_HAL_Driver/Src/stm32f4xx_hal_tim_ex.c **** 
1382:Drivers/STM32F4xx_HAL_Driver/Src/stm32f4xx_hal_tim_ex.c ****       /* Enable the DMA stream */
1383:Drivers/STM32F4xx_HAL_Driver/Src/stm32f4xx_hal_tim_ex.c ****       if (HAL_DMA_Start_IT(htim->hdma[TIM_DMA_ID_CC1], (uint32_t)pData, (uint32_t)&htim->Instance->
1384:Drivers/STM32F4xx_HAL_Driver/Src/stm32f4xx_hal_tim_ex.c ****                            Length) != HAL_OK)
1385:Drivers/STM32F4xx_HAL_Driver/Src/stm32f4xx_hal_tim_ex.c ****       {
1386:Drivers/STM32F4xx_HAL_Driver/Src/stm32f4xx_hal_tim_ex.c ****         /* Return error status */
1387:Drivers/STM32F4xx_HAL_Driver/Src/stm32f4xx_hal_tim_ex.c ****         return HAL_ERROR;
1388:Drivers/STM32F4xx_HAL_Driver/Src/stm32f4xx_hal_tim_ex.c ****       }
1389:Drivers/STM32F4xx_HAL_Driver/Src/stm32f4xx_hal_tim_ex.c ****       /* Enable the TIM Capture/Compare 1 DMA request */
1390:Drivers/STM32F4xx_HAL_Driver/Src/stm32f4xx_hal_tim_ex.c ****       __HAL_TIM_ENABLE_DMA(htim, TIM_DMA_CC1);
1391:Drivers/STM32F4xx_HAL_Driver/Src/stm32f4xx_hal_tim_ex.c ****       break;
1392:Drivers/STM32F4xx_HAL_Driver/Src/stm32f4xx_hal_tim_ex.c ****     }
1393:Drivers/STM32F4xx_HAL_Driver/Src/stm32f4xx_hal_tim_ex.c **** 
1394:Drivers/STM32F4xx_HAL_Driver/Src/stm32f4xx_hal_tim_ex.c ****     case TIM_CHANNEL_2:
1395:Drivers/STM32F4xx_HAL_Driver/Src/stm32f4xx_hal_tim_ex.c ****     {
1396:Drivers/STM32F4xx_HAL_Driver/Src/stm32f4xx_hal_tim_ex.c ****       /* Set the DMA compare callbacks */
1397:Drivers/STM32F4xx_HAL_Driver/Src/stm32f4xx_hal_tim_ex.c ****       htim->hdma[TIM_DMA_ID_CC2]->XferCpltCallback = TIM_DMADelayPulseNCplt;
1398:Drivers/STM32F4xx_HAL_Driver/Src/stm32f4xx_hal_tim_ex.c ****       htim->hdma[TIM_DMA_ID_CC2]->XferHalfCpltCallback = TIM_DMADelayPulseHalfCplt;
ARM GAS  C:\Users\pablo\AppData\Local\Temp\ccRGdM61.s 			page 26


1399:Drivers/STM32F4xx_HAL_Driver/Src/stm32f4xx_hal_tim_ex.c **** 
1400:Drivers/STM32F4xx_HAL_Driver/Src/stm32f4xx_hal_tim_ex.c ****       /* Set the DMA error callback */
1401:Drivers/STM32F4xx_HAL_Driver/Src/stm32f4xx_hal_tim_ex.c ****       htim->hdma[TIM_DMA_ID_CC2]->XferErrorCallback = TIM_DMAErrorCCxN ;
1402:Drivers/STM32F4xx_HAL_Driver/Src/stm32f4xx_hal_tim_ex.c **** 
1403:Drivers/STM32F4xx_HAL_Driver/Src/stm32f4xx_hal_tim_ex.c ****       /* Enable the DMA stream */
1404:Drivers/STM32F4xx_HAL_Driver/Src/stm32f4xx_hal_tim_ex.c ****       if (HAL_DMA_Start_IT(htim->hdma[TIM_DMA_ID_CC2], (uint32_t)pData, (uint32_t)&htim->Instance->
1405:Drivers/STM32F4xx_HAL_Driver/Src/stm32f4xx_hal_tim_ex.c ****                            Length) != HAL_OK)
1406:Drivers/STM32F4xx_HAL_Driver/Src/stm32f4xx_hal_tim_ex.c ****       {
1407:Drivers/STM32F4xx_HAL_Driver/Src/stm32f4xx_hal_tim_ex.c ****         /* Return error status */
1408:Drivers/STM32F4xx_HAL_Driver/Src/stm32f4xx_hal_tim_ex.c ****         return HAL_ERROR;
1409:Drivers/STM32F4xx_HAL_Driver/Src/stm32f4xx_hal_tim_ex.c ****       }
1410:Drivers/STM32F4xx_HAL_Driver/Src/stm32f4xx_hal_tim_ex.c ****       /* Enable the TIM Capture/Compare 2 DMA request */
1411:Drivers/STM32F4xx_HAL_Driver/Src/stm32f4xx_hal_tim_ex.c ****       __HAL_TIM_ENABLE_DMA(htim, TIM_DMA_CC2);
1412:Drivers/STM32F4xx_HAL_Driver/Src/stm32f4xx_hal_tim_ex.c ****       break;
1413:Drivers/STM32F4xx_HAL_Driver/Src/stm32f4xx_hal_tim_ex.c ****     }
1414:Drivers/STM32F4xx_HAL_Driver/Src/stm32f4xx_hal_tim_ex.c **** 
1415:Drivers/STM32F4xx_HAL_Driver/Src/stm32f4xx_hal_tim_ex.c ****     case TIM_CHANNEL_3:
1416:Drivers/STM32F4xx_HAL_Driver/Src/stm32f4xx_hal_tim_ex.c ****     {
1417:Drivers/STM32F4xx_HAL_Driver/Src/stm32f4xx_hal_tim_ex.c ****       /* Set the DMA compare callbacks */
1418:Drivers/STM32F4xx_HAL_Driver/Src/stm32f4xx_hal_tim_ex.c ****       htim->hdma[TIM_DMA_ID_CC3]->XferCpltCallback = TIM_DMADelayPulseNCplt;
1419:Drivers/STM32F4xx_HAL_Driver/Src/stm32f4xx_hal_tim_ex.c ****       htim->hdma[TIM_DMA_ID_CC3]->XferHalfCpltCallback = TIM_DMADelayPulseHalfCplt;
1420:Drivers/STM32F4xx_HAL_Driver/Src/stm32f4xx_hal_tim_ex.c **** 
1421:Drivers/STM32F4xx_HAL_Driver/Src/stm32f4xx_hal_tim_ex.c ****       /* Set the DMA error callback */
1422:Drivers/STM32F4xx_HAL_Driver/Src/stm32f4xx_hal_tim_ex.c ****       htim->hdma[TIM_DMA_ID_CC3]->XferErrorCallback = TIM_DMAErrorCCxN ;
1423:Drivers/STM32F4xx_HAL_Driver/Src/stm32f4xx_hal_tim_ex.c **** 
1424:Drivers/STM32F4xx_HAL_Driver/Src/stm32f4xx_hal_tim_ex.c ****       /* Enable the DMA stream */
1425:Drivers/STM32F4xx_HAL_Driver/Src/stm32f4xx_hal_tim_ex.c ****       if (HAL_DMA_Start_IT(htim->hdma[TIM_DMA_ID_CC3], (uint32_t)pData, (uint32_t)&htim->Instance->
1426:Drivers/STM32F4xx_HAL_Driver/Src/stm32f4xx_hal_tim_ex.c ****                            Length) != HAL_OK)
1427:Drivers/STM32F4xx_HAL_Driver/Src/stm32f4xx_hal_tim_ex.c ****       {
1428:Drivers/STM32F4xx_HAL_Driver/Src/stm32f4xx_hal_tim_ex.c ****         /* Return error status */
1429:Drivers/STM32F4xx_HAL_Driver/Src/stm32f4xx_hal_tim_ex.c ****         return HAL_ERROR;
1430:Drivers/STM32F4xx_HAL_Driver/Src/stm32f4xx_hal_tim_ex.c ****       }
1431:Drivers/STM32F4xx_HAL_Driver/Src/stm32f4xx_hal_tim_ex.c ****       /* Enable the TIM Capture/Compare 3 DMA request */
1432:Drivers/STM32F4xx_HAL_Driver/Src/stm32f4xx_hal_tim_ex.c ****       __HAL_TIM_ENABLE_DMA(htim, TIM_DMA_CC3);
1433:Drivers/STM32F4xx_HAL_Driver/Src/stm32f4xx_hal_tim_ex.c ****       break;
1434:Drivers/STM32F4xx_HAL_Driver/Src/stm32f4xx_hal_tim_ex.c ****     }
1435:Drivers/STM32F4xx_HAL_Driver/Src/stm32f4xx_hal_tim_ex.c **** 
1436:Drivers/STM32F4xx_HAL_Driver/Src/stm32f4xx_hal_tim_ex.c ****     default:
1437:Drivers/STM32F4xx_HAL_Driver/Src/stm32f4xx_hal_tim_ex.c ****       status = HAL_ERROR;
1438:Drivers/STM32F4xx_HAL_Driver/Src/stm32f4xx_hal_tim_ex.c ****       break;
1439:Drivers/STM32F4xx_HAL_Driver/Src/stm32f4xx_hal_tim_ex.c ****   }
1440:Drivers/STM32F4xx_HAL_Driver/Src/stm32f4xx_hal_tim_ex.c **** 
1441:Drivers/STM32F4xx_HAL_Driver/Src/stm32f4xx_hal_tim_ex.c ****   if (status == HAL_OK)
1442:Drivers/STM32F4xx_HAL_Driver/Src/stm32f4xx_hal_tim_ex.c ****   {
1443:Drivers/STM32F4xx_HAL_Driver/Src/stm32f4xx_hal_tim_ex.c ****     /* Enable the complementary PWM output  */
1444:Drivers/STM32F4xx_HAL_Driver/Src/stm32f4xx_hal_tim_ex.c ****     TIM_CCxNChannelCmd(htim->Instance, Channel, TIM_CCxN_ENABLE);
1445:Drivers/STM32F4xx_HAL_Driver/Src/stm32f4xx_hal_tim_ex.c **** 
1446:Drivers/STM32F4xx_HAL_Driver/Src/stm32f4xx_hal_tim_ex.c ****     /* Enable the Main Output */
1447:Drivers/STM32F4xx_HAL_Driver/Src/stm32f4xx_hal_tim_ex.c ****     __HAL_TIM_MOE_ENABLE(htim);
1448:Drivers/STM32F4xx_HAL_Driver/Src/stm32f4xx_hal_tim_ex.c **** 
1449:Drivers/STM32F4xx_HAL_Driver/Src/stm32f4xx_hal_tim_ex.c ****     /* Enable the Peripheral, except in trigger mode where enable is automatically done with trigge
1450:Drivers/STM32F4xx_HAL_Driver/Src/stm32f4xx_hal_tim_ex.c ****     if (IS_TIM_SLAVE_INSTANCE(htim->Instance))
1451:Drivers/STM32F4xx_HAL_Driver/Src/stm32f4xx_hal_tim_ex.c ****     {
1452:Drivers/STM32F4xx_HAL_Driver/Src/stm32f4xx_hal_tim_ex.c ****       tmpsmcr = htim->Instance->SMCR & TIM_SMCR_SMS;
1453:Drivers/STM32F4xx_HAL_Driver/Src/stm32f4xx_hal_tim_ex.c ****       if (!IS_TIM_SLAVEMODE_TRIGGER_ENABLED(tmpsmcr))
1454:Drivers/STM32F4xx_HAL_Driver/Src/stm32f4xx_hal_tim_ex.c ****       {
1455:Drivers/STM32F4xx_HAL_Driver/Src/stm32f4xx_hal_tim_ex.c ****         __HAL_TIM_ENABLE(htim);
ARM GAS  C:\Users\pablo\AppData\Local\Temp\ccRGdM61.s 			page 27


1456:Drivers/STM32F4xx_HAL_Driver/Src/stm32f4xx_hal_tim_ex.c ****       }
1457:Drivers/STM32F4xx_HAL_Driver/Src/stm32f4xx_hal_tim_ex.c ****     }
1458:Drivers/STM32F4xx_HAL_Driver/Src/stm32f4xx_hal_tim_ex.c ****     else
1459:Drivers/STM32F4xx_HAL_Driver/Src/stm32f4xx_hal_tim_ex.c ****     {
1460:Drivers/STM32F4xx_HAL_Driver/Src/stm32f4xx_hal_tim_ex.c ****       __HAL_TIM_ENABLE(htim);
1461:Drivers/STM32F4xx_HAL_Driver/Src/stm32f4xx_hal_tim_ex.c ****     }
1462:Drivers/STM32F4xx_HAL_Driver/Src/stm32f4xx_hal_tim_ex.c ****   }
1463:Drivers/STM32F4xx_HAL_Driver/Src/stm32f4xx_hal_tim_ex.c **** 
1464:Drivers/STM32F4xx_HAL_Driver/Src/stm32f4xx_hal_tim_ex.c ****   /* Return function status */
1465:Drivers/STM32F4xx_HAL_Driver/Src/stm32f4xx_hal_tim_ex.c ****   return status;
1466:Drivers/STM32F4xx_HAL_Driver/Src/stm32f4xx_hal_tim_ex.c **** }
1467:Drivers/STM32F4xx_HAL_Driver/Src/stm32f4xx_hal_tim_ex.c **** 
1468:Drivers/STM32F4xx_HAL_Driver/Src/stm32f4xx_hal_tim_ex.c **** /**
1469:Drivers/STM32F4xx_HAL_Driver/Src/stm32f4xx_hal_tim_ex.c ****   * @brief  Stops the TIM PWM signal generation in DMA mode on the complementary
1470:Drivers/STM32F4xx_HAL_Driver/Src/stm32f4xx_hal_tim_ex.c ****   *         output
1471:Drivers/STM32F4xx_HAL_Driver/Src/stm32f4xx_hal_tim_ex.c ****   * @param  htim TIM handle
1472:Drivers/STM32F4xx_HAL_Driver/Src/stm32f4xx_hal_tim_ex.c ****   * @param  Channel TIM Channel to be disabled
1473:Drivers/STM32F4xx_HAL_Driver/Src/stm32f4xx_hal_tim_ex.c ****   *          This parameter can be one of the following values:
1474:Drivers/STM32F4xx_HAL_Driver/Src/stm32f4xx_hal_tim_ex.c ****   *            @arg TIM_CHANNEL_1: TIM Channel 1 selected
1475:Drivers/STM32F4xx_HAL_Driver/Src/stm32f4xx_hal_tim_ex.c ****   *            @arg TIM_CHANNEL_2: TIM Channel 2 selected
1476:Drivers/STM32F4xx_HAL_Driver/Src/stm32f4xx_hal_tim_ex.c ****   *            @arg TIM_CHANNEL_3: TIM Channel 3 selected
1477:Drivers/STM32F4xx_HAL_Driver/Src/stm32f4xx_hal_tim_ex.c ****   * @retval HAL status
1478:Drivers/STM32F4xx_HAL_Driver/Src/stm32f4xx_hal_tim_ex.c ****   */
1479:Drivers/STM32F4xx_HAL_Driver/Src/stm32f4xx_hal_tim_ex.c **** HAL_StatusTypeDef HAL_TIMEx_PWMN_Stop_DMA(TIM_HandleTypeDef *htim, uint32_t Channel)
1480:Drivers/STM32F4xx_HAL_Driver/Src/stm32f4xx_hal_tim_ex.c **** {
1481:Drivers/STM32F4xx_HAL_Driver/Src/stm32f4xx_hal_tim_ex.c ****   HAL_StatusTypeDef status = HAL_OK;
1482:Drivers/STM32F4xx_HAL_Driver/Src/stm32f4xx_hal_tim_ex.c **** 
1483:Drivers/STM32F4xx_HAL_Driver/Src/stm32f4xx_hal_tim_ex.c ****   /* Check the parameters */
1484:Drivers/STM32F4xx_HAL_Driver/Src/stm32f4xx_hal_tim_ex.c ****   assert_param(IS_TIM_CCXN_INSTANCE(htim->Instance, Channel));
1485:Drivers/STM32F4xx_HAL_Driver/Src/stm32f4xx_hal_tim_ex.c **** 
1486:Drivers/STM32F4xx_HAL_Driver/Src/stm32f4xx_hal_tim_ex.c ****   switch (Channel)
1487:Drivers/STM32F4xx_HAL_Driver/Src/stm32f4xx_hal_tim_ex.c ****   {
1488:Drivers/STM32F4xx_HAL_Driver/Src/stm32f4xx_hal_tim_ex.c ****     case TIM_CHANNEL_1:
1489:Drivers/STM32F4xx_HAL_Driver/Src/stm32f4xx_hal_tim_ex.c ****     {
1490:Drivers/STM32F4xx_HAL_Driver/Src/stm32f4xx_hal_tim_ex.c ****       /* Disable the TIM Capture/Compare 1 DMA request */
1491:Drivers/STM32F4xx_HAL_Driver/Src/stm32f4xx_hal_tim_ex.c ****       __HAL_TIM_DISABLE_DMA(htim, TIM_DMA_CC1);
1492:Drivers/STM32F4xx_HAL_Driver/Src/stm32f4xx_hal_tim_ex.c ****       (void)HAL_DMA_Abort_IT(htim->hdma[TIM_DMA_ID_CC1]);
1493:Drivers/STM32F4xx_HAL_Driver/Src/stm32f4xx_hal_tim_ex.c ****       break;
1494:Drivers/STM32F4xx_HAL_Driver/Src/stm32f4xx_hal_tim_ex.c ****     }
1495:Drivers/STM32F4xx_HAL_Driver/Src/stm32f4xx_hal_tim_ex.c **** 
1496:Drivers/STM32F4xx_HAL_Driver/Src/stm32f4xx_hal_tim_ex.c ****     case TIM_CHANNEL_2:
1497:Drivers/STM32F4xx_HAL_Driver/Src/stm32f4xx_hal_tim_ex.c ****     {
1498:Drivers/STM32F4xx_HAL_Driver/Src/stm32f4xx_hal_tim_ex.c ****       /* Disable the TIM Capture/Compare 2 DMA request */
1499:Drivers/STM32F4xx_HAL_Driver/Src/stm32f4xx_hal_tim_ex.c ****       __HAL_TIM_DISABLE_DMA(htim, TIM_DMA_CC2);
1500:Drivers/STM32F4xx_HAL_Driver/Src/stm32f4xx_hal_tim_ex.c ****       (void)HAL_DMA_Abort_IT(htim->hdma[TIM_DMA_ID_CC2]);
1501:Drivers/STM32F4xx_HAL_Driver/Src/stm32f4xx_hal_tim_ex.c ****       break;
1502:Drivers/STM32F4xx_HAL_Driver/Src/stm32f4xx_hal_tim_ex.c ****     }
1503:Drivers/STM32F4xx_HAL_Driver/Src/stm32f4xx_hal_tim_ex.c **** 
1504:Drivers/STM32F4xx_HAL_Driver/Src/stm32f4xx_hal_tim_ex.c ****     case TIM_CHANNEL_3:
1505:Drivers/STM32F4xx_HAL_Driver/Src/stm32f4xx_hal_tim_ex.c ****     {
1506:Drivers/STM32F4xx_HAL_Driver/Src/stm32f4xx_hal_tim_ex.c ****       /* Disable the TIM Capture/Compare 3 DMA request */
1507:Drivers/STM32F4xx_HAL_Driver/Src/stm32f4xx_hal_tim_ex.c ****       __HAL_TIM_DISABLE_DMA(htim, TIM_DMA_CC3);
1508:Drivers/STM32F4xx_HAL_Driver/Src/stm32f4xx_hal_tim_ex.c ****       (void)HAL_DMA_Abort_IT(htim->hdma[TIM_DMA_ID_CC3]);
1509:Drivers/STM32F4xx_HAL_Driver/Src/stm32f4xx_hal_tim_ex.c ****       break;
1510:Drivers/STM32F4xx_HAL_Driver/Src/stm32f4xx_hal_tim_ex.c ****     }
1511:Drivers/STM32F4xx_HAL_Driver/Src/stm32f4xx_hal_tim_ex.c **** 
1512:Drivers/STM32F4xx_HAL_Driver/Src/stm32f4xx_hal_tim_ex.c ****     default:
ARM GAS  C:\Users\pablo\AppData\Local\Temp\ccRGdM61.s 			page 28


1513:Drivers/STM32F4xx_HAL_Driver/Src/stm32f4xx_hal_tim_ex.c ****       status = HAL_ERROR;
1514:Drivers/STM32F4xx_HAL_Driver/Src/stm32f4xx_hal_tim_ex.c ****       break;
1515:Drivers/STM32F4xx_HAL_Driver/Src/stm32f4xx_hal_tim_ex.c ****   }
1516:Drivers/STM32F4xx_HAL_Driver/Src/stm32f4xx_hal_tim_ex.c **** 
1517:Drivers/STM32F4xx_HAL_Driver/Src/stm32f4xx_hal_tim_ex.c ****   if (status == HAL_OK)
1518:Drivers/STM32F4xx_HAL_Driver/Src/stm32f4xx_hal_tim_ex.c ****   {
1519:Drivers/STM32F4xx_HAL_Driver/Src/stm32f4xx_hal_tim_ex.c ****     /* Disable the complementary PWM output */
1520:Drivers/STM32F4xx_HAL_Driver/Src/stm32f4xx_hal_tim_ex.c ****     TIM_CCxNChannelCmd(htim->Instance, Channel, TIM_CCxN_DISABLE);
1521:Drivers/STM32F4xx_HAL_Driver/Src/stm32f4xx_hal_tim_ex.c **** 
1522:Drivers/STM32F4xx_HAL_Driver/Src/stm32f4xx_hal_tim_ex.c ****     /* Disable the Main Output */
1523:Drivers/STM32F4xx_HAL_Driver/Src/stm32f4xx_hal_tim_ex.c ****     __HAL_TIM_MOE_DISABLE(htim);
1524:Drivers/STM32F4xx_HAL_Driver/Src/stm32f4xx_hal_tim_ex.c **** 
1525:Drivers/STM32F4xx_HAL_Driver/Src/stm32f4xx_hal_tim_ex.c ****     /* Disable the Peripheral */
1526:Drivers/STM32F4xx_HAL_Driver/Src/stm32f4xx_hal_tim_ex.c ****     __HAL_TIM_DISABLE(htim);
1527:Drivers/STM32F4xx_HAL_Driver/Src/stm32f4xx_hal_tim_ex.c **** 
1528:Drivers/STM32F4xx_HAL_Driver/Src/stm32f4xx_hal_tim_ex.c ****     /* Set the TIM complementary channel state */
1529:Drivers/STM32F4xx_HAL_Driver/Src/stm32f4xx_hal_tim_ex.c ****     TIM_CHANNEL_N_STATE_SET(htim, Channel, HAL_TIM_CHANNEL_STATE_READY);
1530:Drivers/STM32F4xx_HAL_Driver/Src/stm32f4xx_hal_tim_ex.c ****   }
1531:Drivers/STM32F4xx_HAL_Driver/Src/stm32f4xx_hal_tim_ex.c **** 
1532:Drivers/STM32F4xx_HAL_Driver/Src/stm32f4xx_hal_tim_ex.c ****   /* Return function status */
1533:Drivers/STM32F4xx_HAL_Driver/Src/stm32f4xx_hal_tim_ex.c ****   return status;
1534:Drivers/STM32F4xx_HAL_Driver/Src/stm32f4xx_hal_tim_ex.c **** }
1535:Drivers/STM32F4xx_HAL_Driver/Src/stm32f4xx_hal_tim_ex.c **** 
1536:Drivers/STM32F4xx_HAL_Driver/Src/stm32f4xx_hal_tim_ex.c **** /**
1537:Drivers/STM32F4xx_HAL_Driver/Src/stm32f4xx_hal_tim_ex.c ****   * @}
1538:Drivers/STM32F4xx_HAL_Driver/Src/stm32f4xx_hal_tim_ex.c ****   */
1539:Drivers/STM32F4xx_HAL_Driver/Src/stm32f4xx_hal_tim_ex.c **** 
1540:Drivers/STM32F4xx_HAL_Driver/Src/stm32f4xx_hal_tim_ex.c **** /** @defgroup TIMEx_Exported_Functions_Group4 Extended Timer Complementary One Pulse functions
1541:Drivers/STM32F4xx_HAL_Driver/Src/stm32f4xx_hal_tim_ex.c ****   * @brief    Timer Complementary One Pulse functions
1542:Drivers/STM32F4xx_HAL_Driver/Src/stm32f4xx_hal_tim_ex.c ****   *
1543:Drivers/STM32F4xx_HAL_Driver/Src/stm32f4xx_hal_tim_ex.c **** @verbatim
1544:Drivers/STM32F4xx_HAL_Driver/Src/stm32f4xx_hal_tim_ex.c ****   ==============================================================================
1545:Drivers/STM32F4xx_HAL_Driver/Src/stm32f4xx_hal_tim_ex.c ****                 ##### Timer Complementary One Pulse functions #####
1546:Drivers/STM32F4xx_HAL_Driver/Src/stm32f4xx_hal_tim_ex.c ****   ==============================================================================
1547:Drivers/STM32F4xx_HAL_Driver/Src/stm32f4xx_hal_tim_ex.c ****   [..]
1548:Drivers/STM32F4xx_HAL_Driver/Src/stm32f4xx_hal_tim_ex.c ****     This section provides functions allowing to:
1549:Drivers/STM32F4xx_HAL_Driver/Src/stm32f4xx_hal_tim_ex.c ****     (+) Start the Complementary One Pulse generation.
1550:Drivers/STM32F4xx_HAL_Driver/Src/stm32f4xx_hal_tim_ex.c ****     (+) Stop the Complementary One Pulse.
1551:Drivers/STM32F4xx_HAL_Driver/Src/stm32f4xx_hal_tim_ex.c ****     (+) Start the Complementary One Pulse and enable interrupts.
1552:Drivers/STM32F4xx_HAL_Driver/Src/stm32f4xx_hal_tim_ex.c ****     (+) Stop the Complementary One Pulse and disable interrupts.
1553:Drivers/STM32F4xx_HAL_Driver/Src/stm32f4xx_hal_tim_ex.c **** 
1554:Drivers/STM32F4xx_HAL_Driver/Src/stm32f4xx_hal_tim_ex.c **** @endverbatim
1555:Drivers/STM32F4xx_HAL_Driver/Src/stm32f4xx_hal_tim_ex.c ****   * @{
1556:Drivers/STM32F4xx_HAL_Driver/Src/stm32f4xx_hal_tim_ex.c ****   */
1557:Drivers/STM32F4xx_HAL_Driver/Src/stm32f4xx_hal_tim_ex.c **** 
1558:Drivers/STM32F4xx_HAL_Driver/Src/stm32f4xx_hal_tim_ex.c **** /**
1559:Drivers/STM32F4xx_HAL_Driver/Src/stm32f4xx_hal_tim_ex.c ****   * @brief  Starts the TIM One Pulse signal generation on the complementary
1560:Drivers/STM32F4xx_HAL_Driver/Src/stm32f4xx_hal_tim_ex.c ****   *         output.
1561:Drivers/STM32F4xx_HAL_Driver/Src/stm32f4xx_hal_tim_ex.c ****   * @note OutputChannel must match the pulse output channel chosen when calling
1562:Drivers/STM32F4xx_HAL_Driver/Src/stm32f4xx_hal_tim_ex.c ****   *       @ref HAL_TIM_OnePulse_ConfigChannel().
1563:Drivers/STM32F4xx_HAL_Driver/Src/stm32f4xx_hal_tim_ex.c ****   * @param  htim TIM One Pulse handle
1564:Drivers/STM32F4xx_HAL_Driver/Src/stm32f4xx_hal_tim_ex.c ****   * @param  OutputChannel pulse output channel to enable
1565:Drivers/STM32F4xx_HAL_Driver/Src/stm32f4xx_hal_tim_ex.c ****   *          This parameter can be one of the following values:
1566:Drivers/STM32F4xx_HAL_Driver/Src/stm32f4xx_hal_tim_ex.c ****   *            @arg TIM_CHANNEL_1: TIM Channel 1 selected
1567:Drivers/STM32F4xx_HAL_Driver/Src/stm32f4xx_hal_tim_ex.c ****   *            @arg TIM_CHANNEL_2: TIM Channel 2 selected
1568:Drivers/STM32F4xx_HAL_Driver/Src/stm32f4xx_hal_tim_ex.c ****   * @retval HAL status
1569:Drivers/STM32F4xx_HAL_Driver/Src/stm32f4xx_hal_tim_ex.c ****   */
ARM GAS  C:\Users\pablo\AppData\Local\Temp\ccRGdM61.s 			page 29


1570:Drivers/STM32F4xx_HAL_Driver/Src/stm32f4xx_hal_tim_ex.c **** HAL_StatusTypeDef HAL_TIMEx_OnePulseN_Start(TIM_HandleTypeDef *htim, uint32_t OutputChannel)
1571:Drivers/STM32F4xx_HAL_Driver/Src/stm32f4xx_hal_tim_ex.c **** {
1572:Drivers/STM32F4xx_HAL_Driver/Src/stm32f4xx_hal_tim_ex.c ****   uint32_t input_channel = (OutputChannel == TIM_CHANNEL_1) ? TIM_CHANNEL_2 : TIM_CHANNEL_1;
1573:Drivers/STM32F4xx_HAL_Driver/Src/stm32f4xx_hal_tim_ex.c ****   HAL_TIM_ChannelStateTypeDef channel_1_state = TIM_CHANNEL_STATE_GET(htim, TIM_CHANNEL_1);
1574:Drivers/STM32F4xx_HAL_Driver/Src/stm32f4xx_hal_tim_ex.c ****   HAL_TIM_ChannelStateTypeDef channel_2_state = TIM_CHANNEL_STATE_GET(htim, TIM_CHANNEL_2);
1575:Drivers/STM32F4xx_HAL_Driver/Src/stm32f4xx_hal_tim_ex.c ****   HAL_TIM_ChannelStateTypeDef complementary_channel_1_state = TIM_CHANNEL_N_STATE_GET(htim, TIM_CHA
1576:Drivers/STM32F4xx_HAL_Driver/Src/stm32f4xx_hal_tim_ex.c ****   HAL_TIM_ChannelStateTypeDef complementary_channel_2_state = TIM_CHANNEL_N_STATE_GET(htim, TIM_CHA
1577:Drivers/STM32F4xx_HAL_Driver/Src/stm32f4xx_hal_tim_ex.c **** 
1578:Drivers/STM32F4xx_HAL_Driver/Src/stm32f4xx_hal_tim_ex.c ****   /* Check the parameters */
1579:Drivers/STM32F4xx_HAL_Driver/Src/stm32f4xx_hal_tim_ex.c ****   assert_param(IS_TIM_CCXN_INSTANCE(htim->Instance, OutputChannel));
1580:Drivers/STM32F4xx_HAL_Driver/Src/stm32f4xx_hal_tim_ex.c **** 
1581:Drivers/STM32F4xx_HAL_Driver/Src/stm32f4xx_hal_tim_ex.c ****   /* Check the TIM channels state */
1582:Drivers/STM32F4xx_HAL_Driver/Src/stm32f4xx_hal_tim_ex.c ****   if ((channel_1_state != HAL_TIM_CHANNEL_STATE_READY)
1583:Drivers/STM32F4xx_HAL_Driver/Src/stm32f4xx_hal_tim_ex.c ****       || (channel_2_state != HAL_TIM_CHANNEL_STATE_READY)
1584:Drivers/STM32F4xx_HAL_Driver/Src/stm32f4xx_hal_tim_ex.c ****       || (complementary_channel_1_state != HAL_TIM_CHANNEL_STATE_READY)
1585:Drivers/STM32F4xx_HAL_Driver/Src/stm32f4xx_hal_tim_ex.c ****       || (complementary_channel_2_state != HAL_TIM_CHANNEL_STATE_READY))
1586:Drivers/STM32F4xx_HAL_Driver/Src/stm32f4xx_hal_tim_ex.c ****   {
1587:Drivers/STM32F4xx_HAL_Driver/Src/stm32f4xx_hal_tim_ex.c ****     return HAL_ERROR;
1588:Drivers/STM32F4xx_HAL_Driver/Src/stm32f4xx_hal_tim_ex.c ****   }
1589:Drivers/STM32F4xx_HAL_Driver/Src/stm32f4xx_hal_tim_ex.c **** 
1590:Drivers/STM32F4xx_HAL_Driver/Src/stm32f4xx_hal_tim_ex.c ****   /* Set the TIM channels state */
1591:Drivers/STM32F4xx_HAL_Driver/Src/stm32f4xx_hal_tim_ex.c ****   TIM_CHANNEL_STATE_SET(htim, TIM_CHANNEL_1, HAL_TIM_CHANNEL_STATE_BUSY);
1592:Drivers/STM32F4xx_HAL_Driver/Src/stm32f4xx_hal_tim_ex.c ****   TIM_CHANNEL_STATE_SET(htim, TIM_CHANNEL_2, HAL_TIM_CHANNEL_STATE_BUSY);
1593:Drivers/STM32F4xx_HAL_Driver/Src/stm32f4xx_hal_tim_ex.c ****   TIM_CHANNEL_N_STATE_SET(htim, TIM_CHANNEL_1, HAL_TIM_CHANNEL_STATE_BUSY);
1594:Drivers/STM32F4xx_HAL_Driver/Src/stm32f4xx_hal_tim_ex.c ****   TIM_CHANNEL_N_STATE_SET(htim, TIM_CHANNEL_2, HAL_TIM_CHANNEL_STATE_BUSY);
1595:Drivers/STM32F4xx_HAL_Driver/Src/stm32f4xx_hal_tim_ex.c **** 
1596:Drivers/STM32F4xx_HAL_Driver/Src/stm32f4xx_hal_tim_ex.c ****   /* Enable the complementary One Pulse output channel and the Input Capture channel */
1597:Drivers/STM32F4xx_HAL_Driver/Src/stm32f4xx_hal_tim_ex.c ****   TIM_CCxNChannelCmd(htim->Instance, OutputChannel, TIM_CCxN_ENABLE);
1598:Drivers/STM32F4xx_HAL_Driver/Src/stm32f4xx_hal_tim_ex.c ****   TIM_CCxChannelCmd(htim->Instance, input_channel, TIM_CCx_ENABLE);
1599:Drivers/STM32F4xx_HAL_Driver/Src/stm32f4xx_hal_tim_ex.c **** 
1600:Drivers/STM32F4xx_HAL_Driver/Src/stm32f4xx_hal_tim_ex.c ****   /* Enable the Main Output */
1601:Drivers/STM32F4xx_HAL_Driver/Src/stm32f4xx_hal_tim_ex.c ****   __HAL_TIM_MOE_ENABLE(htim);
1602:Drivers/STM32F4xx_HAL_Driver/Src/stm32f4xx_hal_tim_ex.c **** 
1603:Drivers/STM32F4xx_HAL_Driver/Src/stm32f4xx_hal_tim_ex.c ****   /* Return function status */
1604:Drivers/STM32F4xx_HAL_Driver/Src/stm32f4xx_hal_tim_ex.c ****   return HAL_OK;
1605:Drivers/STM32F4xx_HAL_Driver/Src/stm32f4xx_hal_tim_ex.c **** }
1606:Drivers/STM32F4xx_HAL_Driver/Src/stm32f4xx_hal_tim_ex.c **** 
1607:Drivers/STM32F4xx_HAL_Driver/Src/stm32f4xx_hal_tim_ex.c **** /**
1608:Drivers/STM32F4xx_HAL_Driver/Src/stm32f4xx_hal_tim_ex.c ****   * @brief  Stops the TIM One Pulse signal generation on the complementary
1609:Drivers/STM32F4xx_HAL_Driver/Src/stm32f4xx_hal_tim_ex.c ****   *         output.
1610:Drivers/STM32F4xx_HAL_Driver/Src/stm32f4xx_hal_tim_ex.c ****   * @note OutputChannel must match the pulse output channel chosen when calling
1611:Drivers/STM32F4xx_HAL_Driver/Src/stm32f4xx_hal_tim_ex.c ****   *       @ref HAL_TIM_OnePulse_ConfigChannel().
1612:Drivers/STM32F4xx_HAL_Driver/Src/stm32f4xx_hal_tim_ex.c ****   * @param  htim TIM One Pulse handle
1613:Drivers/STM32F4xx_HAL_Driver/Src/stm32f4xx_hal_tim_ex.c ****   * @param  OutputChannel pulse output channel to disable
1614:Drivers/STM32F4xx_HAL_Driver/Src/stm32f4xx_hal_tim_ex.c ****   *          This parameter can be one of the following values:
1615:Drivers/STM32F4xx_HAL_Driver/Src/stm32f4xx_hal_tim_ex.c ****   *            @arg TIM_CHANNEL_1: TIM Channel 1 selected
1616:Drivers/STM32F4xx_HAL_Driver/Src/stm32f4xx_hal_tim_ex.c ****   *            @arg TIM_CHANNEL_2: TIM Channel 2 selected
1617:Drivers/STM32F4xx_HAL_Driver/Src/stm32f4xx_hal_tim_ex.c ****   * @retval HAL status
1618:Drivers/STM32F4xx_HAL_Driver/Src/stm32f4xx_hal_tim_ex.c ****   */
1619:Drivers/STM32F4xx_HAL_Driver/Src/stm32f4xx_hal_tim_ex.c **** HAL_StatusTypeDef HAL_TIMEx_OnePulseN_Stop(TIM_HandleTypeDef *htim, uint32_t OutputChannel)
1620:Drivers/STM32F4xx_HAL_Driver/Src/stm32f4xx_hal_tim_ex.c **** {
1621:Drivers/STM32F4xx_HAL_Driver/Src/stm32f4xx_hal_tim_ex.c ****   uint32_t input_channel = (OutputChannel == TIM_CHANNEL_1) ? TIM_CHANNEL_2 : TIM_CHANNEL_1;
1622:Drivers/STM32F4xx_HAL_Driver/Src/stm32f4xx_hal_tim_ex.c **** 
1623:Drivers/STM32F4xx_HAL_Driver/Src/stm32f4xx_hal_tim_ex.c ****   /* Check the parameters */
1624:Drivers/STM32F4xx_HAL_Driver/Src/stm32f4xx_hal_tim_ex.c ****   assert_param(IS_TIM_CCXN_INSTANCE(htim->Instance, OutputChannel));
1625:Drivers/STM32F4xx_HAL_Driver/Src/stm32f4xx_hal_tim_ex.c **** 
1626:Drivers/STM32F4xx_HAL_Driver/Src/stm32f4xx_hal_tim_ex.c ****   /* Disable the complementary One Pulse output channel and the Input Capture channel */
ARM GAS  C:\Users\pablo\AppData\Local\Temp\ccRGdM61.s 			page 30


1627:Drivers/STM32F4xx_HAL_Driver/Src/stm32f4xx_hal_tim_ex.c ****   TIM_CCxNChannelCmd(htim->Instance, OutputChannel, TIM_CCxN_DISABLE);
1628:Drivers/STM32F4xx_HAL_Driver/Src/stm32f4xx_hal_tim_ex.c ****   TIM_CCxChannelCmd(htim->Instance, input_channel, TIM_CCx_DISABLE);
1629:Drivers/STM32F4xx_HAL_Driver/Src/stm32f4xx_hal_tim_ex.c **** 
1630:Drivers/STM32F4xx_HAL_Driver/Src/stm32f4xx_hal_tim_ex.c ****   /* Disable the Main Output */
1631:Drivers/STM32F4xx_HAL_Driver/Src/stm32f4xx_hal_tim_ex.c ****   __HAL_TIM_MOE_DISABLE(htim);
1632:Drivers/STM32F4xx_HAL_Driver/Src/stm32f4xx_hal_tim_ex.c **** 
1633:Drivers/STM32F4xx_HAL_Driver/Src/stm32f4xx_hal_tim_ex.c ****   /* Disable the Peripheral */
1634:Drivers/STM32F4xx_HAL_Driver/Src/stm32f4xx_hal_tim_ex.c ****   __HAL_TIM_DISABLE(htim);
1635:Drivers/STM32F4xx_HAL_Driver/Src/stm32f4xx_hal_tim_ex.c **** 
1636:Drivers/STM32F4xx_HAL_Driver/Src/stm32f4xx_hal_tim_ex.c ****   /* Set the TIM  channels state */
1637:Drivers/STM32F4xx_HAL_Driver/Src/stm32f4xx_hal_tim_ex.c ****   TIM_CHANNEL_STATE_SET(htim, TIM_CHANNEL_1, HAL_TIM_CHANNEL_STATE_READY);
1638:Drivers/STM32F4xx_HAL_Driver/Src/stm32f4xx_hal_tim_ex.c ****   TIM_CHANNEL_STATE_SET(htim, TIM_CHANNEL_2, HAL_TIM_CHANNEL_STATE_READY);
1639:Drivers/STM32F4xx_HAL_Driver/Src/stm32f4xx_hal_tim_ex.c ****   TIM_CHANNEL_N_STATE_SET(htim, TIM_CHANNEL_1, HAL_TIM_CHANNEL_STATE_READY);
1640:Drivers/STM32F4xx_HAL_Driver/Src/stm32f4xx_hal_tim_ex.c ****   TIM_CHANNEL_N_STATE_SET(htim, TIM_CHANNEL_2, HAL_TIM_CHANNEL_STATE_READY);
1641:Drivers/STM32F4xx_HAL_Driver/Src/stm32f4xx_hal_tim_ex.c **** 
1642:Drivers/STM32F4xx_HAL_Driver/Src/stm32f4xx_hal_tim_ex.c ****   /* Return function status */
1643:Drivers/STM32F4xx_HAL_Driver/Src/stm32f4xx_hal_tim_ex.c ****   return HAL_OK;
1644:Drivers/STM32F4xx_HAL_Driver/Src/stm32f4xx_hal_tim_ex.c **** }
1645:Drivers/STM32F4xx_HAL_Driver/Src/stm32f4xx_hal_tim_ex.c **** 
1646:Drivers/STM32F4xx_HAL_Driver/Src/stm32f4xx_hal_tim_ex.c **** /**
1647:Drivers/STM32F4xx_HAL_Driver/Src/stm32f4xx_hal_tim_ex.c ****   * @brief  Starts the TIM One Pulse signal generation in interrupt mode on the
1648:Drivers/STM32F4xx_HAL_Driver/Src/stm32f4xx_hal_tim_ex.c ****   *         complementary channel.
1649:Drivers/STM32F4xx_HAL_Driver/Src/stm32f4xx_hal_tim_ex.c ****   * @note OutputChannel must match the pulse output channel chosen when calling
1650:Drivers/STM32F4xx_HAL_Driver/Src/stm32f4xx_hal_tim_ex.c ****   *       @ref HAL_TIM_OnePulse_ConfigChannel().
1651:Drivers/STM32F4xx_HAL_Driver/Src/stm32f4xx_hal_tim_ex.c ****   * @param  htim TIM One Pulse handle
1652:Drivers/STM32F4xx_HAL_Driver/Src/stm32f4xx_hal_tim_ex.c ****   * @param  OutputChannel pulse output channel to enable
1653:Drivers/STM32F4xx_HAL_Driver/Src/stm32f4xx_hal_tim_ex.c ****   *          This parameter can be one of the following values:
1654:Drivers/STM32F4xx_HAL_Driver/Src/stm32f4xx_hal_tim_ex.c ****   *            @arg TIM_CHANNEL_1: TIM Channel 1 selected
1655:Drivers/STM32F4xx_HAL_Driver/Src/stm32f4xx_hal_tim_ex.c ****   *            @arg TIM_CHANNEL_2: TIM Channel 2 selected
1656:Drivers/STM32F4xx_HAL_Driver/Src/stm32f4xx_hal_tim_ex.c ****   * @retval HAL status
1657:Drivers/STM32F4xx_HAL_Driver/Src/stm32f4xx_hal_tim_ex.c ****   */
1658:Drivers/STM32F4xx_HAL_Driver/Src/stm32f4xx_hal_tim_ex.c **** HAL_StatusTypeDef HAL_TIMEx_OnePulseN_Start_IT(TIM_HandleTypeDef *htim, uint32_t OutputChannel)
1659:Drivers/STM32F4xx_HAL_Driver/Src/stm32f4xx_hal_tim_ex.c **** {
1660:Drivers/STM32F4xx_HAL_Driver/Src/stm32f4xx_hal_tim_ex.c ****   uint32_t input_channel = (OutputChannel == TIM_CHANNEL_1) ? TIM_CHANNEL_2 : TIM_CHANNEL_1;
1661:Drivers/STM32F4xx_HAL_Driver/Src/stm32f4xx_hal_tim_ex.c ****   HAL_TIM_ChannelStateTypeDef channel_1_state = TIM_CHANNEL_STATE_GET(htim, TIM_CHANNEL_1);
1662:Drivers/STM32F4xx_HAL_Driver/Src/stm32f4xx_hal_tim_ex.c ****   HAL_TIM_ChannelStateTypeDef channel_2_state = TIM_CHANNEL_STATE_GET(htim, TIM_CHANNEL_2);
1663:Drivers/STM32F4xx_HAL_Driver/Src/stm32f4xx_hal_tim_ex.c ****   HAL_TIM_ChannelStateTypeDef complementary_channel_1_state = TIM_CHANNEL_N_STATE_GET(htim, TIM_CHA
1664:Drivers/STM32F4xx_HAL_Driver/Src/stm32f4xx_hal_tim_ex.c ****   HAL_TIM_ChannelStateTypeDef complementary_channel_2_state = TIM_CHANNEL_N_STATE_GET(htim, TIM_CHA
1665:Drivers/STM32F4xx_HAL_Driver/Src/stm32f4xx_hal_tim_ex.c **** 
1666:Drivers/STM32F4xx_HAL_Driver/Src/stm32f4xx_hal_tim_ex.c ****   /* Check the parameters */
1667:Drivers/STM32F4xx_HAL_Driver/Src/stm32f4xx_hal_tim_ex.c ****   assert_param(IS_TIM_CCXN_INSTANCE(htim->Instance, OutputChannel));
1668:Drivers/STM32F4xx_HAL_Driver/Src/stm32f4xx_hal_tim_ex.c **** 
1669:Drivers/STM32F4xx_HAL_Driver/Src/stm32f4xx_hal_tim_ex.c ****   /* Check the TIM channels state */
1670:Drivers/STM32F4xx_HAL_Driver/Src/stm32f4xx_hal_tim_ex.c ****   if ((channel_1_state != HAL_TIM_CHANNEL_STATE_READY)
1671:Drivers/STM32F4xx_HAL_Driver/Src/stm32f4xx_hal_tim_ex.c ****       || (channel_2_state != HAL_TIM_CHANNEL_STATE_READY)
1672:Drivers/STM32F4xx_HAL_Driver/Src/stm32f4xx_hal_tim_ex.c ****       || (complementary_channel_1_state != HAL_TIM_CHANNEL_STATE_READY)
1673:Drivers/STM32F4xx_HAL_Driver/Src/stm32f4xx_hal_tim_ex.c ****       || (complementary_channel_2_state != HAL_TIM_CHANNEL_STATE_READY))
1674:Drivers/STM32F4xx_HAL_Driver/Src/stm32f4xx_hal_tim_ex.c ****   {
1675:Drivers/STM32F4xx_HAL_Driver/Src/stm32f4xx_hal_tim_ex.c ****     return HAL_ERROR;
1676:Drivers/STM32F4xx_HAL_Driver/Src/stm32f4xx_hal_tim_ex.c ****   }
1677:Drivers/STM32F4xx_HAL_Driver/Src/stm32f4xx_hal_tim_ex.c **** 
1678:Drivers/STM32F4xx_HAL_Driver/Src/stm32f4xx_hal_tim_ex.c ****   /* Set the TIM channels state */
1679:Drivers/STM32F4xx_HAL_Driver/Src/stm32f4xx_hal_tim_ex.c ****   TIM_CHANNEL_STATE_SET(htim, TIM_CHANNEL_1, HAL_TIM_CHANNEL_STATE_BUSY);
1680:Drivers/STM32F4xx_HAL_Driver/Src/stm32f4xx_hal_tim_ex.c ****   TIM_CHANNEL_STATE_SET(htim, TIM_CHANNEL_2, HAL_TIM_CHANNEL_STATE_BUSY);
1681:Drivers/STM32F4xx_HAL_Driver/Src/stm32f4xx_hal_tim_ex.c ****   TIM_CHANNEL_N_STATE_SET(htim, TIM_CHANNEL_1, HAL_TIM_CHANNEL_STATE_BUSY);
1682:Drivers/STM32F4xx_HAL_Driver/Src/stm32f4xx_hal_tim_ex.c ****   TIM_CHANNEL_N_STATE_SET(htim, TIM_CHANNEL_2, HAL_TIM_CHANNEL_STATE_BUSY);
1683:Drivers/STM32F4xx_HAL_Driver/Src/stm32f4xx_hal_tim_ex.c **** 
ARM GAS  C:\Users\pablo\AppData\Local\Temp\ccRGdM61.s 			page 31


1684:Drivers/STM32F4xx_HAL_Driver/Src/stm32f4xx_hal_tim_ex.c ****   /* Enable the TIM Capture/Compare 1 interrupt */
1685:Drivers/STM32F4xx_HAL_Driver/Src/stm32f4xx_hal_tim_ex.c ****   __HAL_TIM_ENABLE_IT(htim, TIM_IT_CC1);
1686:Drivers/STM32F4xx_HAL_Driver/Src/stm32f4xx_hal_tim_ex.c **** 
1687:Drivers/STM32F4xx_HAL_Driver/Src/stm32f4xx_hal_tim_ex.c ****   /* Enable the TIM Capture/Compare 2 interrupt */
1688:Drivers/STM32F4xx_HAL_Driver/Src/stm32f4xx_hal_tim_ex.c ****   __HAL_TIM_ENABLE_IT(htim, TIM_IT_CC2);
1689:Drivers/STM32F4xx_HAL_Driver/Src/stm32f4xx_hal_tim_ex.c **** 
1690:Drivers/STM32F4xx_HAL_Driver/Src/stm32f4xx_hal_tim_ex.c ****   /* Enable the complementary One Pulse output channel and the Input Capture channel */
1691:Drivers/STM32F4xx_HAL_Driver/Src/stm32f4xx_hal_tim_ex.c ****   TIM_CCxNChannelCmd(htim->Instance, OutputChannel, TIM_CCxN_ENABLE);
1692:Drivers/STM32F4xx_HAL_Driver/Src/stm32f4xx_hal_tim_ex.c ****   TIM_CCxChannelCmd(htim->Instance, input_channel, TIM_CCx_ENABLE);
1693:Drivers/STM32F4xx_HAL_Driver/Src/stm32f4xx_hal_tim_ex.c **** 
1694:Drivers/STM32F4xx_HAL_Driver/Src/stm32f4xx_hal_tim_ex.c ****   /* Enable the Main Output */
1695:Drivers/STM32F4xx_HAL_Driver/Src/stm32f4xx_hal_tim_ex.c ****   __HAL_TIM_MOE_ENABLE(htim);
1696:Drivers/STM32F4xx_HAL_Driver/Src/stm32f4xx_hal_tim_ex.c **** 
1697:Drivers/STM32F4xx_HAL_Driver/Src/stm32f4xx_hal_tim_ex.c ****   /* Return function status */
1698:Drivers/STM32F4xx_HAL_Driver/Src/stm32f4xx_hal_tim_ex.c ****   return HAL_OK;
1699:Drivers/STM32F4xx_HAL_Driver/Src/stm32f4xx_hal_tim_ex.c **** }
1700:Drivers/STM32F4xx_HAL_Driver/Src/stm32f4xx_hal_tim_ex.c **** 
1701:Drivers/STM32F4xx_HAL_Driver/Src/stm32f4xx_hal_tim_ex.c **** /**
1702:Drivers/STM32F4xx_HAL_Driver/Src/stm32f4xx_hal_tim_ex.c ****   * @brief  Stops the TIM One Pulse signal generation in interrupt mode on the
1703:Drivers/STM32F4xx_HAL_Driver/Src/stm32f4xx_hal_tim_ex.c ****   *         complementary channel.
1704:Drivers/STM32F4xx_HAL_Driver/Src/stm32f4xx_hal_tim_ex.c ****   * @note OutputChannel must match the pulse output channel chosen when calling
1705:Drivers/STM32F4xx_HAL_Driver/Src/stm32f4xx_hal_tim_ex.c ****   *       @ref HAL_TIM_OnePulse_ConfigChannel().
1706:Drivers/STM32F4xx_HAL_Driver/Src/stm32f4xx_hal_tim_ex.c ****   * @param  htim TIM One Pulse handle
1707:Drivers/STM32F4xx_HAL_Driver/Src/stm32f4xx_hal_tim_ex.c ****   * @param  OutputChannel pulse output channel to disable
1708:Drivers/STM32F4xx_HAL_Driver/Src/stm32f4xx_hal_tim_ex.c ****   *          This parameter can be one of the following values:
1709:Drivers/STM32F4xx_HAL_Driver/Src/stm32f4xx_hal_tim_ex.c ****   *            @arg TIM_CHANNEL_1: TIM Channel 1 selected
1710:Drivers/STM32F4xx_HAL_Driver/Src/stm32f4xx_hal_tim_ex.c ****   *            @arg TIM_CHANNEL_2: TIM Channel 2 selected
1711:Drivers/STM32F4xx_HAL_Driver/Src/stm32f4xx_hal_tim_ex.c ****   * @retval HAL status
1712:Drivers/STM32F4xx_HAL_Driver/Src/stm32f4xx_hal_tim_ex.c ****   */
1713:Drivers/STM32F4xx_HAL_Driver/Src/stm32f4xx_hal_tim_ex.c **** HAL_StatusTypeDef HAL_TIMEx_OnePulseN_Stop_IT(TIM_HandleTypeDef *htim, uint32_t OutputChannel)
1714:Drivers/STM32F4xx_HAL_Driver/Src/stm32f4xx_hal_tim_ex.c **** {
1715:Drivers/STM32F4xx_HAL_Driver/Src/stm32f4xx_hal_tim_ex.c ****   uint32_t input_channel = (OutputChannel == TIM_CHANNEL_1) ? TIM_CHANNEL_2 : TIM_CHANNEL_1;
1716:Drivers/STM32F4xx_HAL_Driver/Src/stm32f4xx_hal_tim_ex.c **** 
1717:Drivers/STM32F4xx_HAL_Driver/Src/stm32f4xx_hal_tim_ex.c ****   /* Check the parameters */
1718:Drivers/STM32F4xx_HAL_Driver/Src/stm32f4xx_hal_tim_ex.c ****   assert_param(IS_TIM_CCXN_INSTANCE(htim->Instance, OutputChannel));
1719:Drivers/STM32F4xx_HAL_Driver/Src/stm32f4xx_hal_tim_ex.c **** 
1720:Drivers/STM32F4xx_HAL_Driver/Src/stm32f4xx_hal_tim_ex.c ****   /* Disable the TIM Capture/Compare 1 interrupt */
1721:Drivers/STM32F4xx_HAL_Driver/Src/stm32f4xx_hal_tim_ex.c ****   __HAL_TIM_DISABLE_IT(htim, TIM_IT_CC1);
1722:Drivers/STM32F4xx_HAL_Driver/Src/stm32f4xx_hal_tim_ex.c **** 
1723:Drivers/STM32F4xx_HAL_Driver/Src/stm32f4xx_hal_tim_ex.c ****   /* Disable the TIM Capture/Compare 2 interrupt */
1724:Drivers/STM32F4xx_HAL_Driver/Src/stm32f4xx_hal_tim_ex.c ****   __HAL_TIM_DISABLE_IT(htim, TIM_IT_CC2);
1725:Drivers/STM32F4xx_HAL_Driver/Src/stm32f4xx_hal_tim_ex.c **** 
1726:Drivers/STM32F4xx_HAL_Driver/Src/stm32f4xx_hal_tim_ex.c ****   /* Disable the complementary One Pulse output channel and the Input Capture channel */
1727:Drivers/STM32F4xx_HAL_Driver/Src/stm32f4xx_hal_tim_ex.c ****   TIM_CCxNChannelCmd(htim->Instance, OutputChannel, TIM_CCxN_DISABLE);
1728:Drivers/STM32F4xx_HAL_Driver/Src/stm32f4xx_hal_tim_ex.c ****   TIM_CCxChannelCmd(htim->Instance, input_channel, TIM_CCx_DISABLE);
1729:Drivers/STM32F4xx_HAL_Driver/Src/stm32f4xx_hal_tim_ex.c **** 
1730:Drivers/STM32F4xx_HAL_Driver/Src/stm32f4xx_hal_tim_ex.c ****   /* Disable the Main Output */
1731:Drivers/STM32F4xx_HAL_Driver/Src/stm32f4xx_hal_tim_ex.c ****   __HAL_TIM_MOE_DISABLE(htim);
1732:Drivers/STM32F4xx_HAL_Driver/Src/stm32f4xx_hal_tim_ex.c **** 
1733:Drivers/STM32F4xx_HAL_Driver/Src/stm32f4xx_hal_tim_ex.c ****   /* Disable the Peripheral */
1734:Drivers/STM32F4xx_HAL_Driver/Src/stm32f4xx_hal_tim_ex.c ****   __HAL_TIM_DISABLE(htim);
1735:Drivers/STM32F4xx_HAL_Driver/Src/stm32f4xx_hal_tim_ex.c **** 
1736:Drivers/STM32F4xx_HAL_Driver/Src/stm32f4xx_hal_tim_ex.c ****   /* Set the TIM  channels state */
1737:Drivers/STM32F4xx_HAL_Driver/Src/stm32f4xx_hal_tim_ex.c ****   TIM_CHANNEL_STATE_SET(htim, TIM_CHANNEL_1, HAL_TIM_CHANNEL_STATE_READY);
1738:Drivers/STM32F4xx_HAL_Driver/Src/stm32f4xx_hal_tim_ex.c ****   TIM_CHANNEL_STATE_SET(htim, TIM_CHANNEL_2, HAL_TIM_CHANNEL_STATE_READY);
1739:Drivers/STM32F4xx_HAL_Driver/Src/stm32f4xx_hal_tim_ex.c ****   TIM_CHANNEL_N_STATE_SET(htim, TIM_CHANNEL_1, HAL_TIM_CHANNEL_STATE_READY);
1740:Drivers/STM32F4xx_HAL_Driver/Src/stm32f4xx_hal_tim_ex.c ****   TIM_CHANNEL_N_STATE_SET(htim, TIM_CHANNEL_2, HAL_TIM_CHANNEL_STATE_READY);
ARM GAS  C:\Users\pablo\AppData\Local\Temp\ccRGdM61.s 			page 32


1741:Drivers/STM32F4xx_HAL_Driver/Src/stm32f4xx_hal_tim_ex.c **** 
1742:Drivers/STM32F4xx_HAL_Driver/Src/stm32f4xx_hal_tim_ex.c ****   /* Return function status */
1743:Drivers/STM32F4xx_HAL_Driver/Src/stm32f4xx_hal_tim_ex.c ****   return HAL_OK;
1744:Drivers/STM32F4xx_HAL_Driver/Src/stm32f4xx_hal_tim_ex.c **** }
1745:Drivers/STM32F4xx_HAL_Driver/Src/stm32f4xx_hal_tim_ex.c **** 
1746:Drivers/STM32F4xx_HAL_Driver/Src/stm32f4xx_hal_tim_ex.c **** /**
1747:Drivers/STM32F4xx_HAL_Driver/Src/stm32f4xx_hal_tim_ex.c ****   * @}
1748:Drivers/STM32F4xx_HAL_Driver/Src/stm32f4xx_hal_tim_ex.c ****   */
1749:Drivers/STM32F4xx_HAL_Driver/Src/stm32f4xx_hal_tim_ex.c **** 
1750:Drivers/STM32F4xx_HAL_Driver/Src/stm32f4xx_hal_tim_ex.c **** /** @defgroup TIMEx_Exported_Functions_Group5 Extended Peripheral Control functions
1751:Drivers/STM32F4xx_HAL_Driver/Src/stm32f4xx_hal_tim_ex.c ****   * @brief    Peripheral Control functions
1752:Drivers/STM32F4xx_HAL_Driver/Src/stm32f4xx_hal_tim_ex.c ****   *
1753:Drivers/STM32F4xx_HAL_Driver/Src/stm32f4xx_hal_tim_ex.c **** @verbatim
1754:Drivers/STM32F4xx_HAL_Driver/Src/stm32f4xx_hal_tim_ex.c ****   ==============================================================================
1755:Drivers/STM32F4xx_HAL_Driver/Src/stm32f4xx_hal_tim_ex.c ****                     ##### Peripheral Control functions #####
1756:Drivers/STM32F4xx_HAL_Driver/Src/stm32f4xx_hal_tim_ex.c ****   ==============================================================================
1757:Drivers/STM32F4xx_HAL_Driver/Src/stm32f4xx_hal_tim_ex.c ****   [..]
1758:Drivers/STM32F4xx_HAL_Driver/Src/stm32f4xx_hal_tim_ex.c ****     This section provides functions allowing to:
1759:Drivers/STM32F4xx_HAL_Driver/Src/stm32f4xx_hal_tim_ex.c ****       (+) Configure the commutation event in case of use of the Hall sensor interface.
1760:Drivers/STM32F4xx_HAL_Driver/Src/stm32f4xx_hal_tim_ex.c ****       (+) Configure Output channels for OC and PWM mode.
1761:Drivers/STM32F4xx_HAL_Driver/Src/stm32f4xx_hal_tim_ex.c **** 
1762:Drivers/STM32F4xx_HAL_Driver/Src/stm32f4xx_hal_tim_ex.c ****       (+) Configure Complementary channels, break features and dead time.
1763:Drivers/STM32F4xx_HAL_Driver/Src/stm32f4xx_hal_tim_ex.c ****       (+) Configure Master synchronization.
1764:Drivers/STM32F4xx_HAL_Driver/Src/stm32f4xx_hal_tim_ex.c ****       (+) Configure timer remapping capabilities.
1765:Drivers/STM32F4xx_HAL_Driver/Src/stm32f4xx_hal_tim_ex.c **** 
1766:Drivers/STM32F4xx_HAL_Driver/Src/stm32f4xx_hal_tim_ex.c **** @endverbatim
1767:Drivers/STM32F4xx_HAL_Driver/Src/stm32f4xx_hal_tim_ex.c ****   * @{
1768:Drivers/STM32F4xx_HAL_Driver/Src/stm32f4xx_hal_tim_ex.c ****   */
1769:Drivers/STM32F4xx_HAL_Driver/Src/stm32f4xx_hal_tim_ex.c **** 
1770:Drivers/STM32F4xx_HAL_Driver/Src/stm32f4xx_hal_tim_ex.c **** /**
1771:Drivers/STM32F4xx_HAL_Driver/Src/stm32f4xx_hal_tim_ex.c ****   * @brief  Configure the TIM commutation event sequence.
1772:Drivers/STM32F4xx_HAL_Driver/Src/stm32f4xx_hal_tim_ex.c ****   * @note  This function is mandatory to use the commutation event in order to
1773:Drivers/STM32F4xx_HAL_Driver/Src/stm32f4xx_hal_tim_ex.c ****   *        update the configuration at each commutation detection on the TRGI input of the Timer,
1774:Drivers/STM32F4xx_HAL_Driver/Src/stm32f4xx_hal_tim_ex.c ****   *        the typical use of this feature is with the use of another Timer(interface Timer)
1775:Drivers/STM32F4xx_HAL_Driver/Src/stm32f4xx_hal_tim_ex.c ****   *        configured in Hall sensor interface, this interface Timer will generate the
1776:Drivers/STM32F4xx_HAL_Driver/Src/stm32f4xx_hal_tim_ex.c ****   *        commutation at its TRGO output (connected to Timer used in this function) each time
1777:Drivers/STM32F4xx_HAL_Driver/Src/stm32f4xx_hal_tim_ex.c ****   *        the TI1 of the Interface Timer detect a commutation at its input TI1.
1778:Drivers/STM32F4xx_HAL_Driver/Src/stm32f4xx_hal_tim_ex.c ****   * @param  htim TIM handle
1779:Drivers/STM32F4xx_HAL_Driver/Src/stm32f4xx_hal_tim_ex.c ****   * @param  InputTrigger the Internal trigger corresponding to the Timer Interfacing with the Hall 
1780:Drivers/STM32F4xx_HAL_Driver/Src/stm32f4xx_hal_tim_ex.c ****   *          This parameter can be one of the following values:
1781:Drivers/STM32F4xx_HAL_Driver/Src/stm32f4xx_hal_tim_ex.c ****   *            @arg TIM_TS_ITR0: Internal trigger 0 selected
1782:Drivers/STM32F4xx_HAL_Driver/Src/stm32f4xx_hal_tim_ex.c ****   *            @arg TIM_TS_ITR1: Internal trigger 1 selected
1783:Drivers/STM32F4xx_HAL_Driver/Src/stm32f4xx_hal_tim_ex.c ****   *            @arg TIM_TS_ITR2: Internal trigger 2 selected
1784:Drivers/STM32F4xx_HAL_Driver/Src/stm32f4xx_hal_tim_ex.c ****   *            @arg TIM_TS_ITR3: Internal trigger 3 selected
1785:Drivers/STM32F4xx_HAL_Driver/Src/stm32f4xx_hal_tim_ex.c ****   *            @arg TIM_TS_NONE: No trigger is needed
1786:Drivers/STM32F4xx_HAL_Driver/Src/stm32f4xx_hal_tim_ex.c ****   * @param  CommutationSource the Commutation Event source
1787:Drivers/STM32F4xx_HAL_Driver/Src/stm32f4xx_hal_tim_ex.c ****   *          This parameter can be one of the following values:
1788:Drivers/STM32F4xx_HAL_Driver/Src/stm32f4xx_hal_tim_ex.c ****   *            @arg TIM_COMMUTATION_TRGI: Commutation source is the TRGI of the Interface Timer
1789:Drivers/STM32F4xx_HAL_Driver/Src/stm32f4xx_hal_tim_ex.c ****   *            @arg TIM_COMMUTATION_SOFTWARE:  Commutation source is set by software using the COMG
1790:Drivers/STM32F4xx_HAL_Driver/Src/stm32f4xx_hal_tim_ex.c ****   * @retval HAL status
1791:Drivers/STM32F4xx_HAL_Driver/Src/stm32f4xx_hal_tim_ex.c ****   */
1792:Drivers/STM32F4xx_HAL_Driver/Src/stm32f4xx_hal_tim_ex.c **** HAL_StatusTypeDef HAL_TIMEx_ConfigCommutEvent(TIM_HandleTypeDef *htim, uint32_t  InputTrigger,
1793:Drivers/STM32F4xx_HAL_Driver/Src/stm32f4xx_hal_tim_ex.c ****                                               uint32_t  CommutationSource)
1794:Drivers/STM32F4xx_HAL_Driver/Src/stm32f4xx_hal_tim_ex.c **** {
1795:Drivers/STM32F4xx_HAL_Driver/Src/stm32f4xx_hal_tim_ex.c ****   /* Check the parameters */
1796:Drivers/STM32F4xx_HAL_Driver/Src/stm32f4xx_hal_tim_ex.c ****   assert_param(IS_TIM_COMMUTATION_EVENT_INSTANCE(htim->Instance));
1797:Drivers/STM32F4xx_HAL_Driver/Src/stm32f4xx_hal_tim_ex.c ****   assert_param(IS_TIM_INTERNAL_TRIGGEREVENT_SELECTION(InputTrigger));
ARM GAS  C:\Users\pablo\AppData\Local\Temp\ccRGdM61.s 			page 33


1798:Drivers/STM32F4xx_HAL_Driver/Src/stm32f4xx_hal_tim_ex.c **** 
1799:Drivers/STM32F4xx_HAL_Driver/Src/stm32f4xx_hal_tim_ex.c ****   __HAL_LOCK(htim);
1800:Drivers/STM32F4xx_HAL_Driver/Src/stm32f4xx_hal_tim_ex.c **** 
1801:Drivers/STM32F4xx_HAL_Driver/Src/stm32f4xx_hal_tim_ex.c ****   if ((InputTrigger == TIM_TS_ITR0) || (InputTrigger == TIM_TS_ITR1) ||
1802:Drivers/STM32F4xx_HAL_Driver/Src/stm32f4xx_hal_tim_ex.c ****       (InputTrigger == TIM_TS_ITR2) || (InputTrigger == TIM_TS_ITR3))
1803:Drivers/STM32F4xx_HAL_Driver/Src/stm32f4xx_hal_tim_ex.c ****   {
1804:Drivers/STM32F4xx_HAL_Driver/Src/stm32f4xx_hal_tim_ex.c ****     /* Select the Input trigger */
1805:Drivers/STM32F4xx_HAL_Driver/Src/stm32f4xx_hal_tim_ex.c ****     htim->Instance->SMCR &= ~TIM_SMCR_TS;
1806:Drivers/STM32F4xx_HAL_Driver/Src/stm32f4xx_hal_tim_ex.c ****     htim->Instance->SMCR |= InputTrigger;
1807:Drivers/STM32F4xx_HAL_Driver/Src/stm32f4xx_hal_tim_ex.c ****   }
1808:Drivers/STM32F4xx_HAL_Driver/Src/stm32f4xx_hal_tim_ex.c **** 
1809:Drivers/STM32F4xx_HAL_Driver/Src/stm32f4xx_hal_tim_ex.c ****   /* Select the Capture Compare preload feature */
1810:Drivers/STM32F4xx_HAL_Driver/Src/stm32f4xx_hal_tim_ex.c ****   htim->Instance->CR2 |= TIM_CR2_CCPC;
1811:Drivers/STM32F4xx_HAL_Driver/Src/stm32f4xx_hal_tim_ex.c ****   /* Select the Commutation event source */
1812:Drivers/STM32F4xx_HAL_Driver/Src/stm32f4xx_hal_tim_ex.c ****   htim->Instance->CR2 &= ~TIM_CR2_CCUS;
1813:Drivers/STM32F4xx_HAL_Driver/Src/stm32f4xx_hal_tim_ex.c ****   htim->Instance->CR2 |= CommutationSource;
1814:Drivers/STM32F4xx_HAL_Driver/Src/stm32f4xx_hal_tim_ex.c **** 
1815:Drivers/STM32F4xx_HAL_Driver/Src/stm32f4xx_hal_tim_ex.c ****   /* Disable Commutation Interrupt */
1816:Drivers/STM32F4xx_HAL_Driver/Src/stm32f4xx_hal_tim_ex.c ****   __HAL_TIM_DISABLE_IT(htim, TIM_IT_COM);
1817:Drivers/STM32F4xx_HAL_Driver/Src/stm32f4xx_hal_tim_ex.c **** 
1818:Drivers/STM32F4xx_HAL_Driver/Src/stm32f4xx_hal_tim_ex.c ****   /* Disable Commutation DMA request */
1819:Drivers/STM32F4xx_HAL_Driver/Src/stm32f4xx_hal_tim_ex.c ****   __HAL_TIM_DISABLE_DMA(htim, TIM_DMA_COM);
1820:Drivers/STM32F4xx_HAL_Driver/Src/stm32f4xx_hal_tim_ex.c **** 
1821:Drivers/STM32F4xx_HAL_Driver/Src/stm32f4xx_hal_tim_ex.c ****   __HAL_UNLOCK(htim);
1822:Drivers/STM32F4xx_HAL_Driver/Src/stm32f4xx_hal_tim_ex.c **** 
1823:Drivers/STM32F4xx_HAL_Driver/Src/stm32f4xx_hal_tim_ex.c ****   return HAL_OK;
1824:Drivers/STM32F4xx_HAL_Driver/Src/stm32f4xx_hal_tim_ex.c **** }
1825:Drivers/STM32F4xx_HAL_Driver/Src/stm32f4xx_hal_tim_ex.c **** 
1826:Drivers/STM32F4xx_HAL_Driver/Src/stm32f4xx_hal_tim_ex.c **** /**
1827:Drivers/STM32F4xx_HAL_Driver/Src/stm32f4xx_hal_tim_ex.c ****   * @brief  Configure the TIM commutation event sequence with interrupt.
1828:Drivers/STM32F4xx_HAL_Driver/Src/stm32f4xx_hal_tim_ex.c ****   * @note  This function is mandatory to use the commutation event in order to
1829:Drivers/STM32F4xx_HAL_Driver/Src/stm32f4xx_hal_tim_ex.c ****   *        update the configuration at each commutation detection on the TRGI input of the Timer,
1830:Drivers/STM32F4xx_HAL_Driver/Src/stm32f4xx_hal_tim_ex.c ****   *        the typical use of this feature is with the use of another Timer(interface Timer)
1831:Drivers/STM32F4xx_HAL_Driver/Src/stm32f4xx_hal_tim_ex.c ****   *        configured in Hall sensor interface, this interface Timer will generate the
1832:Drivers/STM32F4xx_HAL_Driver/Src/stm32f4xx_hal_tim_ex.c ****   *        commutation at its TRGO output (connected to Timer used in this function) each time
1833:Drivers/STM32F4xx_HAL_Driver/Src/stm32f4xx_hal_tim_ex.c ****   *        the TI1 of the Interface Timer detect a commutation at its input TI1.
1834:Drivers/STM32F4xx_HAL_Driver/Src/stm32f4xx_hal_tim_ex.c ****   * @param  htim TIM handle
1835:Drivers/STM32F4xx_HAL_Driver/Src/stm32f4xx_hal_tim_ex.c ****   * @param  InputTrigger the Internal trigger corresponding to the Timer Interfacing with the Hall 
1836:Drivers/STM32F4xx_HAL_Driver/Src/stm32f4xx_hal_tim_ex.c ****   *          This parameter can be one of the following values:
1837:Drivers/STM32F4xx_HAL_Driver/Src/stm32f4xx_hal_tim_ex.c ****   *            @arg TIM_TS_ITR0: Internal trigger 0 selected
1838:Drivers/STM32F4xx_HAL_Driver/Src/stm32f4xx_hal_tim_ex.c ****   *            @arg TIM_TS_ITR1: Internal trigger 1 selected
1839:Drivers/STM32F4xx_HAL_Driver/Src/stm32f4xx_hal_tim_ex.c ****   *            @arg TIM_TS_ITR2: Internal trigger 2 selected
1840:Drivers/STM32F4xx_HAL_Driver/Src/stm32f4xx_hal_tim_ex.c ****   *            @arg TIM_TS_ITR3: Internal trigger 3 selected
1841:Drivers/STM32F4xx_HAL_Driver/Src/stm32f4xx_hal_tim_ex.c ****   *            @arg TIM_TS_NONE: No trigger is needed
1842:Drivers/STM32F4xx_HAL_Driver/Src/stm32f4xx_hal_tim_ex.c ****   * @param  CommutationSource the Commutation Event source
1843:Drivers/STM32F4xx_HAL_Driver/Src/stm32f4xx_hal_tim_ex.c ****   *          This parameter can be one of the following values:
1844:Drivers/STM32F4xx_HAL_Driver/Src/stm32f4xx_hal_tim_ex.c ****   *            @arg TIM_COMMUTATION_TRGI: Commutation source is the TRGI of the Interface Timer
1845:Drivers/STM32F4xx_HAL_Driver/Src/stm32f4xx_hal_tim_ex.c ****   *            @arg TIM_COMMUTATION_SOFTWARE:  Commutation source is set by software using the COMG
1846:Drivers/STM32F4xx_HAL_Driver/Src/stm32f4xx_hal_tim_ex.c ****   * @retval HAL status
1847:Drivers/STM32F4xx_HAL_Driver/Src/stm32f4xx_hal_tim_ex.c ****   */
1848:Drivers/STM32F4xx_HAL_Driver/Src/stm32f4xx_hal_tim_ex.c **** HAL_StatusTypeDef HAL_TIMEx_ConfigCommutEvent_IT(TIM_HandleTypeDef *htim, uint32_t  InputTrigger,
1849:Drivers/STM32F4xx_HAL_Driver/Src/stm32f4xx_hal_tim_ex.c ****                                                  uint32_t  CommutationSource)
1850:Drivers/STM32F4xx_HAL_Driver/Src/stm32f4xx_hal_tim_ex.c **** {
1851:Drivers/STM32F4xx_HAL_Driver/Src/stm32f4xx_hal_tim_ex.c ****   /* Check the parameters */
1852:Drivers/STM32F4xx_HAL_Driver/Src/stm32f4xx_hal_tim_ex.c ****   assert_param(IS_TIM_COMMUTATION_EVENT_INSTANCE(htim->Instance));
1853:Drivers/STM32F4xx_HAL_Driver/Src/stm32f4xx_hal_tim_ex.c ****   assert_param(IS_TIM_INTERNAL_TRIGGEREVENT_SELECTION(InputTrigger));
1854:Drivers/STM32F4xx_HAL_Driver/Src/stm32f4xx_hal_tim_ex.c **** 
ARM GAS  C:\Users\pablo\AppData\Local\Temp\ccRGdM61.s 			page 34


1855:Drivers/STM32F4xx_HAL_Driver/Src/stm32f4xx_hal_tim_ex.c ****   __HAL_LOCK(htim);
1856:Drivers/STM32F4xx_HAL_Driver/Src/stm32f4xx_hal_tim_ex.c **** 
1857:Drivers/STM32F4xx_HAL_Driver/Src/stm32f4xx_hal_tim_ex.c ****   if ((InputTrigger == TIM_TS_ITR0) || (InputTrigger == TIM_TS_ITR1) ||
1858:Drivers/STM32F4xx_HAL_Driver/Src/stm32f4xx_hal_tim_ex.c ****       (InputTrigger == TIM_TS_ITR2) || (InputTrigger == TIM_TS_ITR3))
1859:Drivers/STM32F4xx_HAL_Driver/Src/stm32f4xx_hal_tim_ex.c ****   {
1860:Drivers/STM32F4xx_HAL_Driver/Src/stm32f4xx_hal_tim_ex.c ****     /* Select the Input trigger */
1861:Drivers/STM32F4xx_HAL_Driver/Src/stm32f4xx_hal_tim_ex.c ****     htim->Instance->SMCR &= ~TIM_SMCR_TS;
1862:Drivers/STM32F4xx_HAL_Driver/Src/stm32f4xx_hal_tim_ex.c ****     htim->Instance->SMCR |= InputTrigger;
1863:Drivers/STM32F4xx_HAL_Driver/Src/stm32f4xx_hal_tim_ex.c ****   }
1864:Drivers/STM32F4xx_HAL_Driver/Src/stm32f4xx_hal_tim_ex.c **** 
1865:Drivers/STM32F4xx_HAL_Driver/Src/stm32f4xx_hal_tim_ex.c ****   /* Select the Capture Compare preload feature */
1866:Drivers/STM32F4xx_HAL_Driver/Src/stm32f4xx_hal_tim_ex.c ****   htim->Instance->CR2 |= TIM_CR2_CCPC;
1867:Drivers/STM32F4xx_HAL_Driver/Src/stm32f4xx_hal_tim_ex.c ****   /* Select the Commutation event source */
1868:Drivers/STM32F4xx_HAL_Driver/Src/stm32f4xx_hal_tim_ex.c ****   htim->Instance->CR2 &= ~TIM_CR2_CCUS;
1869:Drivers/STM32F4xx_HAL_Driver/Src/stm32f4xx_hal_tim_ex.c ****   htim->Instance->CR2 |= CommutationSource;
1870:Drivers/STM32F4xx_HAL_Driver/Src/stm32f4xx_hal_tim_ex.c **** 
1871:Drivers/STM32F4xx_HAL_Driver/Src/stm32f4xx_hal_tim_ex.c ****   /* Disable Commutation DMA request */
1872:Drivers/STM32F4xx_HAL_Driver/Src/stm32f4xx_hal_tim_ex.c ****   __HAL_TIM_DISABLE_DMA(htim, TIM_DMA_COM);
1873:Drivers/STM32F4xx_HAL_Driver/Src/stm32f4xx_hal_tim_ex.c **** 
1874:Drivers/STM32F4xx_HAL_Driver/Src/stm32f4xx_hal_tim_ex.c ****   /* Enable the Commutation Interrupt */
1875:Drivers/STM32F4xx_HAL_Driver/Src/stm32f4xx_hal_tim_ex.c ****   __HAL_TIM_ENABLE_IT(htim, TIM_IT_COM);
1876:Drivers/STM32F4xx_HAL_Driver/Src/stm32f4xx_hal_tim_ex.c **** 
1877:Drivers/STM32F4xx_HAL_Driver/Src/stm32f4xx_hal_tim_ex.c ****   __HAL_UNLOCK(htim);
1878:Drivers/STM32F4xx_HAL_Driver/Src/stm32f4xx_hal_tim_ex.c **** 
1879:Drivers/STM32F4xx_HAL_Driver/Src/stm32f4xx_hal_tim_ex.c ****   return HAL_OK;
1880:Drivers/STM32F4xx_HAL_Driver/Src/stm32f4xx_hal_tim_ex.c **** }
1881:Drivers/STM32F4xx_HAL_Driver/Src/stm32f4xx_hal_tim_ex.c **** 
1882:Drivers/STM32F4xx_HAL_Driver/Src/stm32f4xx_hal_tim_ex.c **** /**
1883:Drivers/STM32F4xx_HAL_Driver/Src/stm32f4xx_hal_tim_ex.c ****   * @brief  Configure the TIM commutation event sequence with DMA.
1884:Drivers/STM32F4xx_HAL_Driver/Src/stm32f4xx_hal_tim_ex.c ****   * @note  This function is mandatory to use the commutation event in order to
1885:Drivers/STM32F4xx_HAL_Driver/Src/stm32f4xx_hal_tim_ex.c ****   *        update the configuration at each commutation detection on the TRGI input of the Timer,
1886:Drivers/STM32F4xx_HAL_Driver/Src/stm32f4xx_hal_tim_ex.c ****   *        the typical use of this feature is with the use of another Timer(interface Timer)
1887:Drivers/STM32F4xx_HAL_Driver/Src/stm32f4xx_hal_tim_ex.c ****   *        configured in Hall sensor interface, this interface Timer will generate the
1888:Drivers/STM32F4xx_HAL_Driver/Src/stm32f4xx_hal_tim_ex.c ****   *        commutation at its TRGO output (connected to Timer used in this function) each time
1889:Drivers/STM32F4xx_HAL_Driver/Src/stm32f4xx_hal_tim_ex.c ****   *        the TI1 of the Interface Timer detect a commutation at its input TI1.
1890:Drivers/STM32F4xx_HAL_Driver/Src/stm32f4xx_hal_tim_ex.c ****   * @note  The user should configure the DMA in his own software, in This function only the COMDE b
1891:Drivers/STM32F4xx_HAL_Driver/Src/stm32f4xx_hal_tim_ex.c ****   * @param  htim TIM handle
1892:Drivers/STM32F4xx_HAL_Driver/Src/stm32f4xx_hal_tim_ex.c ****   * @param  InputTrigger the Internal trigger corresponding to the Timer Interfacing with the Hall 
1893:Drivers/STM32F4xx_HAL_Driver/Src/stm32f4xx_hal_tim_ex.c ****   *          This parameter can be one of the following values:
1894:Drivers/STM32F4xx_HAL_Driver/Src/stm32f4xx_hal_tim_ex.c ****   *            @arg TIM_TS_ITR0: Internal trigger 0 selected
1895:Drivers/STM32F4xx_HAL_Driver/Src/stm32f4xx_hal_tim_ex.c ****   *            @arg TIM_TS_ITR1: Internal trigger 1 selected
1896:Drivers/STM32F4xx_HAL_Driver/Src/stm32f4xx_hal_tim_ex.c ****   *            @arg TIM_TS_ITR2: Internal trigger 2 selected
1897:Drivers/STM32F4xx_HAL_Driver/Src/stm32f4xx_hal_tim_ex.c ****   *            @arg TIM_TS_ITR3: Internal trigger 3 selected
1898:Drivers/STM32F4xx_HAL_Driver/Src/stm32f4xx_hal_tim_ex.c ****   *            @arg TIM_TS_NONE: No trigger is needed
1899:Drivers/STM32F4xx_HAL_Driver/Src/stm32f4xx_hal_tim_ex.c ****   * @param  CommutationSource the Commutation Event source
1900:Drivers/STM32F4xx_HAL_Driver/Src/stm32f4xx_hal_tim_ex.c ****   *          This parameter can be one of the following values:
1901:Drivers/STM32F4xx_HAL_Driver/Src/stm32f4xx_hal_tim_ex.c ****   *            @arg TIM_COMMUTATION_TRGI: Commutation source is the TRGI of the Interface Timer
1902:Drivers/STM32F4xx_HAL_Driver/Src/stm32f4xx_hal_tim_ex.c ****   *            @arg TIM_COMMUTATION_SOFTWARE:  Commutation source is set by software using the COMG
1903:Drivers/STM32F4xx_HAL_Driver/Src/stm32f4xx_hal_tim_ex.c ****   * @retval HAL status
1904:Drivers/STM32F4xx_HAL_Driver/Src/stm32f4xx_hal_tim_ex.c ****   */
1905:Drivers/STM32F4xx_HAL_Driver/Src/stm32f4xx_hal_tim_ex.c **** HAL_StatusTypeDef HAL_TIMEx_ConfigCommutEvent_DMA(TIM_HandleTypeDef *htim, uint32_t  InputTrigger,
1906:Drivers/STM32F4xx_HAL_Driver/Src/stm32f4xx_hal_tim_ex.c ****                                                   uint32_t  CommutationSource)
1907:Drivers/STM32F4xx_HAL_Driver/Src/stm32f4xx_hal_tim_ex.c **** {
1908:Drivers/STM32F4xx_HAL_Driver/Src/stm32f4xx_hal_tim_ex.c ****   /* Check the parameters */
1909:Drivers/STM32F4xx_HAL_Driver/Src/stm32f4xx_hal_tim_ex.c ****   assert_param(IS_TIM_COMMUTATION_EVENT_INSTANCE(htim->Instance));
1910:Drivers/STM32F4xx_HAL_Driver/Src/stm32f4xx_hal_tim_ex.c ****   assert_param(IS_TIM_INTERNAL_TRIGGEREVENT_SELECTION(InputTrigger));
1911:Drivers/STM32F4xx_HAL_Driver/Src/stm32f4xx_hal_tim_ex.c **** 
ARM GAS  C:\Users\pablo\AppData\Local\Temp\ccRGdM61.s 			page 35


1912:Drivers/STM32F4xx_HAL_Driver/Src/stm32f4xx_hal_tim_ex.c ****   __HAL_LOCK(htim);
1913:Drivers/STM32F4xx_HAL_Driver/Src/stm32f4xx_hal_tim_ex.c **** 
1914:Drivers/STM32F4xx_HAL_Driver/Src/stm32f4xx_hal_tim_ex.c ****   if ((InputTrigger == TIM_TS_ITR0) || (InputTrigger == TIM_TS_ITR1) ||
1915:Drivers/STM32F4xx_HAL_Driver/Src/stm32f4xx_hal_tim_ex.c ****       (InputTrigger == TIM_TS_ITR2) || (InputTrigger == TIM_TS_ITR3))
1916:Drivers/STM32F4xx_HAL_Driver/Src/stm32f4xx_hal_tim_ex.c ****   {
1917:Drivers/STM32F4xx_HAL_Driver/Src/stm32f4xx_hal_tim_ex.c ****     /* Select the Input trigger */
1918:Drivers/STM32F4xx_HAL_Driver/Src/stm32f4xx_hal_tim_ex.c ****     htim->Instance->SMCR &= ~TIM_SMCR_TS;
1919:Drivers/STM32F4xx_HAL_Driver/Src/stm32f4xx_hal_tim_ex.c ****     htim->Instance->SMCR |= InputTrigger;
1920:Drivers/STM32F4xx_HAL_Driver/Src/stm32f4xx_hal_tim_ex.c ****   }
1921:Drivers/STM32F4xx_HAL_Driver/Src/stm32f4xx_hal_tim_ex.c **** 
1922:Drivers/STM32F4xx_HAL_Driver/Src/stm32f4xx_hal_tim_ex.c ****   /* Select the Capture Compare preload feature */
1923:Drivers/STM32F4xx_HAL_Driver/Src/stm32f4xx_hal_tim_ex.c ****   htim->Instance->CR2 |= TIM_CR2_CCPC;
1924:Drivers/STM32F4xx_HAL_Driver/Src/stm32f4xx_hal_tim_ex.c ****   /* Select the Commutation event source */
1925:Drivers/STM32F4xx_HAL_Driver/Src/stm32f4xx_hal_tim_ex.c ****   htim->Instance->CR2 &= ~TIM_CR2_CCUS;
1926:Drivers/STM32F4xx_HAL_Driver/Src/stm32f4xx_hal_tim_ex.c ****   htim->Instance->CR2 |= CommutationSource;
1927:Drivers/STM32F4xx_HAL_Driver/Src/stm32f4xx_hal_tim_ex.c **** 
1928:Drivers/STM32F4xx_HAL_Driver/Src/stm32f4xx_hal_tim_ex.c ****   /* Enable the Commutation DMA Request */
1929:Drivers/STM32F4xx_HAL_Driver/Src/stm32f4xx_hal_tim_ex.c ****   /* Set the DMA Commutation Callback */
1930:Drivers/STM32F4xx_HAL_Driver/Src/stm32f4xx_hal_tim_ex.c ****   htim->hdma[TIM_DMA_ID_COMMUTATION]->XferCpltCallback = TIMEx_DMACommutationCplt;
1931:Drivers/STM32F4xx_HAL_Driver/Src/stm32f4xx_hal_tim_ex.c ****   htim->hdma[TIM_DMA_ID_COMMUTATION]->XferHalfCpltCallback = TIMEx_DMACommutationHalfCplt;
1932:Drivers/STM32F4xx_HAL_Driver/Src/stm32f4xx_hal_tim_ex.c ****   /* Set the DMA error callback */
1933:Drivers/STM32F4xx_HAL_Driver/Src/stm32f4xx_hal_tim_ex.c ****   htim->hdma[TIM_DMA_ID_COMMUTATION]->XferErrorCallback = TIM_DMAError;
1934:Drivers/STM32F4xx_HAL_Driver/Src/stm32f4xx_hal_tim_ex.c **** 
1935:Drivers/STM32F4xx_HAL_Driver/Src/stm32f4xx_hal_tim_ex.c ****   /* Disable Commutation Interrupt */
1936:Drivers/STM32F4xx_HAL_Driver/Src/stm32f4xx_hal_tim_ex.c ****   __HAL_TIM_DISABLE_IT(htim, TIM_IT_COM);
1937:Drivers/STM32F4xx_HAL_Driver/Src/stm32f4xx_hal_tim_ex.c **** 
1938:Drivers/STM32F4xx_HAL_Driver/Src/stm32f4xx_hal_tim_ex.c ****   /* Enable the Commutation DMA Request */
1939:Drivers/STM32F4xx_HAL_Driver/Src/stm32f4xx_hal_tim_ex.c ****   __HAL_TIM_ENABLE_DMA(htim, TIM_DMA_COM);
1940:Drivers/STM32F4xx_HAL_Driver/Src/stm32f4xx_hal_tim_ex.c **** 
1941:Drivers/STM32F4xx_HAL_Driver/Src/stm32f4xx_hal_tim_ex.c ****   __HAL_UNLOCK(htim);
1942:Drivers/STM32F4xx_HAL_Driver/Src/stm32f4xx_hal_tim_ex.c **** 
1943:Drivers/STM32F4xx_HAL_Driver/Src/stm32f4xx_hal_tim_ex.c ****   return HAL_OK;
1944:Drivers/STM32F4xx_HAL_Driver/Src/stm32f4xx_hal_tim_ex.c **** }
1945:Drivers/STM32F4xx_HAL_Driver/Src/stm32f4xx_hal_tim_ex.c **** 
1946:Drivers/STM32F4xx_HAL_Driver/Src/stm32f4xx_hal_tim_ex.c **** /**
1947:Drivers/STM32F4xx_HAL_Driver/Src/stm32f4xx_hal_tim_ex.c ****   * @brief  Configures the TIM in master mode.
1948:Drivers/STM32F4xx_HAL_Driver/Src/stm32f4xx_hal_tim_ex.c ****   * @param  htim TIM handle.
1949:Drivers/STM32F4xx_HAL_Driver/Src/stm32f4xx_hal_tim_ex.c ****   * @param  sMasterConfig pointer to a TIM_MasterConfigTypeDef structure that
1950:Drivers/STM32F4xx_HAL_Driver/Src/stm32f4xx_hal_tim_ex.c ****   *         contains the selected trigger output (TRGO) and the Master/Slave
1951:Drivers/STM32F4xx_HAL_Driver/Src/stm32f4xx_hal_tim_ex.c ****   *         mode.
1952:Drivers/STM32F4xx_HAL_Driver/Src/stm32f4xx_hal_tim_ex.c ****   * @retval HAL status
1953:Drivers/STM32F4xx_HAL_Driver/Src/stm32f4xx_hal_tim_ex.c ****   */
1954:Drivers/STM32F4xx_HAL_Driver/Src/stm32f4xx_hal_tim_ex.c **** HAL_StatusTypeDef HAL_TIMEx_MasterConfigSynchronization(TIM_HandleTypeDef *htim,
1955:Drivers/STM32F4xx_HAL_Driver/Src/stm32f4xx_hal_tim_ex.c ****                                                         const TIM_MasterConfigTypeDef *sMasterConfi
1956:Drivers/STM32F4xx_HAL_Driver/Src/stm32f4xx_hal_tim_ex.c **** {
1957:Drivers/STM32F4xx_HAL_Driver/Src/stm32f4xx_hal_tim_ex.c ****   uint32_t tmpcr2;
1958:Drivers/STM32F4xx_HAL_Driver/Src/stm32f4xx_hal_tim_ex.c ****   uint32_t tmpsmcr;
1959:Drivers/STM32F4xx_HAL_Driver/Src/stm32f4xx_hal_tim_ex.c **** 
1960:Drivers/STM32F4xx_HAL_Driver/Src/stm32f4xx_hal_tim_ex.c ****   /* Check the parameters */
1961:Drivers/STM32F4xx_HAL_Driver/Src/stm32f4xx_hal_tim_ex.c ****   assert_param(IS_TIM_MASTER_INSTANCE(htim->Instance));
1962:Drivers/STM32F4xx_HAL_Driver/Src/stm32f4xx_hal_tim_ex.c ****   assert_param(IS_TIM_TRGO_SOURCE(sMasterConfig->MasterOutputTrigger));
1963:Drivers/STM32F4xx_HAL_Driver/Src/stm32f4xx_hal_tim_ex.c ****   assert_param(IS_TIM_MSM_STATE(sMasterConfig->MasterSlaveMode));
1964:Drivers/STM32F4xx_HAL_Driver/Src/stm32f4xx_hal_tim_ex.c **** 
1965:Drivers/STM32F4xx_HAL_Driver/Src/stm32f4xx_hal_tim_ex.c ****   /* Check input state */
1966:Drivers/STM32F4xx_HAL_Driver/Src/stm32f4xx_hal_tim_ex.c ****   __HAL_LOCK(htim);
1967:Drivers/STM32F4xx_HAL_Driver/Src/stm32f4xx_hal_tim_ex.c **** 
1968:Drivers/STM32F4xx_HAL_Driver/Src/stm32f4xx_hal_tim_ex.c ****   /* Change the handler state */
ARM GAS  C:\Users\pablo\AppData\Local\Temp\ccRGdM61.s 			page 36


1969:Drivers/STM32F4xx_HAL_Driver/Src/stm32f4xx_hal_tim_ex.c ****   htim->State = HAL_TIM_STATE_BUSY;
1970:Drivers/STM32F4xx_HAL_Driver/Src/stm32f4xx_hal_tim_ex.c **** 
1971:Drivers/STM32F4xx_HAL_Driver/Src/stm32f4xx_hal_tim_ex.c ****   /* Get the TIMx CR2 register value */
1972:Drivers/STM32F4xx_HAL_Driver/Src/stm32f4xx_hal_tim_ex.c ****   tmpcr2 = htim->Instance->CR2;
1973:Drivers/STM32F4xx_HAL_Driver/Src/stm32f4xx_hal_tim_ex.c **** 
1974:Drivers/STM32F4xx_HAL_Driver/Src/stm32f4xx_hal_tim_ex.c ****   /* Get the TIMx SMCR register value */
1975:Drivers/STM32F4xx_HAL_Driver/Src/stm32f4xx_hal_tim_ex.c ****   tmpsmcr = htim->Instance->SMCR;
1976:Drivers/STM32F4xx_HAL_Driver/Src/stm32f4xx_hal_tim_ex.c **** 
1977:Drivers/STM32F4xx_HAL_Driver/Src/stm32f4xx_hal_tim_ex.c ****   /* Reset the MMS Bits */
1978:Drivers/STM32F4xx_HAL_Driver/Src/stm32f4xx_hal_tim_ex.c ****   tmpcr2 &= ~TIM_CR2_MMS;
1979:Drivers/STM32F4xx_HAL_Driver/Src/stm32f4xx_hal_tim_ex.c ****   /* Select the TRGO source */
1980:Drivers/STM32F4xx_HAL_Driver/Src/stm32f4xx_hal_tim_ex.c ****   tmpcr2 |=  sMasterConfig->MasterOutputTrigger;
1981:Drivers/STM32F4xx_HAL_Driver/Src/stm32f4xx_hal_tim_ex.c **** 
1982:Drivers/STM32F4xx_HAL_Driver/Src/stm32f4xx_hal_tim_ex.c ****   /* Update TIMx CR2 */
1983:Drivers/STM32F4xx_HAL_Driver/Src/stm32f4xx_hal_tim_ex.c ****   htim->Instance->CR2 = tmpcr2;
1984:Drivers/STM32F4xx_HAL_Driver/Src/stm32f4xx_hal_tim_ex.c **** 
1985:Drivers/STM32F4xx_HAL_Driver/Src/stm32f4xx_hal_tim_ex.c ****   if (IS_TIM_SLAVE_INSTANCE(htim->Instance))
1986:Drivers/STM32F4xx_HAL_Driver/Src/stm32f4xx_hal_tim_ex.c ****   {
1987:Drivers/STM32F4xx_HAL_Driver/Src/stm32f4xx_hal_tim_ex.c ****     /* Reset the MSM Bit */
1988:Drivers/STM32F4xx_HAL_Driver/Src/stm32f4xx_hal_tim_ex.c ****     tmpsmcr &= ~TIM_SMCR_MSM;
1989:Drivers/STM32F4xx_HAL_Driver/Src/stm32f4xx_hal_tim_ex.c ****     /* Set master mode */
1990:Drivers/STM32F4xx_HAL_Driver/Src/stm32f4xx_hal_tim_ex.c ****     tmpsmcr |= sMasterConfig->MasterSlaveMode;
1991:Drivers/STM32F4xx_HAL_Driver/Src/stm32f4xx_hal_tim_ex.c **** 
1992:Drivers/STM32F4xx_HAL_Driver/Src/stm32f4xx_hal_tim_ex.c ****     /* Update TIMx SMCR */
1993:Drivers/STM32F4xx_HAL_Driver/Src/stm32f4xx_hal_tim_ex.c ****     htim->Instance->SMCR = tmpsmcr;
1994:Drivers/STM32F4xx_HAL_Driver/Src/stm32f4xx_hal_tim_ex.c ****   }
1995:Drivers/STM32F4xx_HAL_Driver/Src/stm32f4xx_hal_tim_ex.c **** 
1996:Drivers/STM32F4xx_HAL_Driver/Src/stm32f4xx_hal_tim_ex.c ****   /* Change the htim state */
1997:Drivers/STM32F4xx_HAL_Driver/Src/stm32f4xx_hal_tim_ex.c ****   htim->State = HAL_TIM_STATE_READY;
1998:Drivers/STM32F4xx_HAL_Driver/Src/stm32f4xx_hal_tim_ex.c **** 
1999:Drivers/STM32F4xx_HAL_Driver/Src/stm32f4xx_hal_tim_ex.c ****   __HAL_UNLOCK(htim);
2000:Drivers/STM32F4xx_HAL_Driver/Src/stm32f4xx_hal_tim_ex.c **** 
2001:Drivers/STM32F4xx_HAL_Driver/Src/stm32f4xx_hal_tim_ex.c ****   return HAL_OK;
2002:Drivers/STM32F4xx_HAL_Driver/Src/stm32f4xx_hal_tim_ex.c **** }
2003:Drivers/STM32F4xx_HAL_Driver/Src/stm32f4xx_hal_tim_ex.c **** 
2004:Drivers/STM32F4xx_HAL_Driver/Src/stm32f4xx_hal_tim_ex.c **** /**
2005:Drivers/STM32F4xx_HAL_Driver/Src/stm32f4xx_hal_tim_ex.c ****   * @brief  Configures the Break feature, dead time, Lock level, OSSI/OSSR State
2006:Drivers/STM32F4xx_HAL_Driver/Src/stm32f4xx_hal_tim_ex.c ****   *         and the AOE(automatic output enable).
2007:Drivers/STM32F4xx_HAL_Driver/Src/stm32f4xx_hal_tim_ex.c ****   * @param  htim TIM handle
2008:Drivers/STM32F4xx_HAL_Driver/Src/stm32f4xx_hal_tim_ex.c ****   * @param  sBreakDeadTimeConfig pointer to a TIM_ConfigBreakDeadConfigTypeDef structure that
2009:Drivers/STM32F4xx_HAL_Driver/Src/stm32f4xx_hal_tim_ex.c ****   *         contains the BDTR Register configuration  information for the TIM peripheral.
2010:Drivers/STM32F4xx_HAL_Driver/Src/stm32f4xx_hal_tim_ex.c ****   * @note   Interrupts can be generated when an active level is detected on the
2011:Drivers/STM32F4xx_HAL_Driver/Src/stm32f4xx_hal_tim_ex.c ****   *         break input, the break 2 input or the system break input. Break
2012:Drivers/STM32F4xx_HAL_Driver/Src/stm32f4xx_hal_tim_ex.c ****   *         interrupt can be enabled by calling the @ref __HAL_TIM_ENABLE_IT macro.
2013:Drivers/STM32F4xx_HAL_Driver/Src/stm32f4xx_hal_tim_ex.c ****   * @retval HAL status
2014:Drivers/STM32F4xx_HAL_Driver/Src/stm32f4xx_hal_tim_ex.c ****   */
2015:Drivers/STM32F4xx_HAL_Driver/Src/stm32f4xx_hal_tim_ex.c **** HAL_StatusTypeDef HAL_TIMEx_ConfigBreakDeadTime(TIM_HandleTypeDef *htim,
2016:Drivers/STM32F4xx_HAL_Driver/Src/stm32f4xx_hal_tim_ex.c ****                                                 const TIM_BreakDeadTimeConfigTypeDef *sBreakDeadTim
2017:Drivers/STM32F4xx_HAL_Driver/Src/stm32f4xx_hal_tim_ex.c **** {
2018:Drivers/STM32F4xx_HAL_Driver/Src/stm32f4xx_hal_tim_ex.c ****   /* Keep this variable initialized to 0 as it is used to configure BDTR register */
2019:Drivers/STM32F4xx_HAL_Driver/Src/stm32f4xx_hal_tim_ex.c ****   uint32_t tmpbdtr = 0U;
2020:Drivers/STM32F4xx_HAL_Driver/Src/stm32f4xx_hal_tim_ex.c **** 
2021:Drivers/STM32F4xx_HAL_Driver/Src/stm32f4xx_hal_tim_ex.c ****   /* Check the parameters */
2022:Drivers/STM32F4xx_HAL_Driver/Src/stm32f4xx_hal_tim_ex.c ****   assert_param(IS_TIM_BREAK_INSTANCE(htim->Instance));
2023:Drivers/STM32F4xx_HAL_Driver/Src/stm32f4xx_hal_tim_ex.c ****   assert_param(IS_TIM_OSSR_STATE(sBreakDeadTimeConfig->OffStateRunMode));
2024:Drivers/STM32F4xx_HAL_Driver/Src/stm32f4xx_hal_tim_ex.c ****   assert_param(IS_TIM_OSSI_STATE(sBreakDeadTimeConfig->OffStateIDLEMode));
2025:Drivers/STM32F4xx_HAL_Driver/Src/stm32f4xx_hal_tim_ex.c ****   assert_param(IS_TIM_LOCK_LEVEL(sBreakDeadTimeConfig->LockLevel));
ARM GAS  C:\Users\pablo\AppData\Local\Temp\ccRGdM61.s 			page 37


2026:Drivers/STM32F4xx_HAL_Driver/Src/stm32f4xx_hal_tim_ex.c ****   assert_param(IS_TIM_DEADTIME(sBreakDeadTimeConfig->DeadTime));
2027:Drivers/STM32F4xx_HAL_Driver/Src/stm32f4xx_hal_tim_ex.c ****   assert_param(IS_TIM_BREAK_STATE(sBreakDeadTimeConfig->BreakState));
2028:Drivers/STM32F4xx_HAL_Driver/Src/stm32f4xx_hal_tim_ex.c ****   assert_param(IS_TIM_BREAK_POLARITY(sBreakDeadTimeConfig->BreakPolarity));
2029:Drivers/STM32F4xx_HAL_Driver/Src/stm32f4xx_hal_tim_ex.c ****   assert_param(IS_TIM_AUTOMATIC_OUTPUT_STATE(sBreakDeadTimeConfig->AutomaticOutput));
2030:Drivers/STM32F4xx_HAL_Driver/Src/stm32f4xx_hal_tim_ex.c **** 
2031:Drivers/STM32F4xx_HAL_Driver/Src/stm32f4xx_hal_tim_ex.c ****   /* Check input state */
2032:Drivers/STM32F4xx_HAL_Driver/Src/stm32f4xx_hal_tim_ex.c ****   __HAL_LOCK(htim);
2033:Drivers/STM32F4xx_HAL_Driver/Src/stm32f4xx_hal_tim_ex.c **** 
2034:Drivers/STM32F4xx_HAL_Driver/Src/stm32f4xx_hal_tim_ex.c ****   /* Set the Lock level, the Break enable Bit and the Polarity, the OSSR State,
2035:Drivers/STM32F4xx_HAL_Driver/Src/stm32f4xx_hal_tim_ex.c ****      the OSSI State, the dead time value and the Automatic Output Enable Bit */
2036:Drivers/STM32F4xx_HAL_Driver/Src/stm32f4xx_hal_tim_ex.c **** 
2037:Drivers/STM32F4xx_HAL_Driver/Src/stm32f4xx_hal_tim_ex.c ****   /* Set the BDTR bits */
2038:Drivers/STM32F4xx_HAL_Driver/Src/stm32f4xx_hal_tim_ex.c ****   MODIFY_REG(tmpbdtr, TIM_BDTR_DTG, sBreakDeadTimeConfig->DeadTime);
2039:Drivers/STM32F4xx_HAL_Driver/Src/stm32f4xx_hal_tim_ex.c ****   MODIFY_REG(tmpbdtr, TIM_BDTR_LOCK, sBreakDeadTimeConfig->LockLevel);
2040:Drivers/STM32F4xx_HAL_Driver/Src/stm32f4xx_hal_tim_ex.c ****   MODIFY_REG(tmpbdtr, TIM_BDTR_OSSI, sBreakDeadTimeConfig->OffStateIDLEMode);
2041:Drivers/STM32F4xx_HAL_Driver/Src/stm32f4xx_hal_tim_ex.c ****   MODIFY_REG(tmpbdtr, TIM_BDTR_OSSR, sBreakDeadTimeConfig->OffStateRunMode);
2042:Drivers/STM32F4xx_HAL_Driver/Src/stm32f4xx_hal_tim_ex.c ****   MODIFY_REG(tmpbdtr, TIM_BDTR_BKE, sBreakDeadTimeConfig->BreakState);
2043:Drivers/STM32F4xx_HAL_Driver/Src/stm32f4xx_hal_tim_ex.c ****   MODIFY_REG(tmpbdtr, TIM_BDTR_BKP, sBreakDeadTimeConfig->BreakPolarity);
2044:Drivers/STM32F4xx_HAL_Driver/Src/stm32f4xx_hal_tim_ex.c ****   MODIFY_REG(tmpbdtr, TIM_BDTR_AOE, sBreakDeadTimeConfig->AutomaticOutput);
2045:Drivers/STM32F4xx_HAL_Driver/Src/stm32f4xx_hal_tim_ex.c **** 
2046:Drivers/STM32F4xx_HAL_Driver/Src/stm32f4xx_hal_tim_ex.c **** 
2047:Drivers/STM32F4xx_HAL_Driver/Src/stm32f4xx_hal_tim_ex.c ****   /* Set TIMx_BDTR */
2048:Drivers/STM32F4xx_HAL_Driver/Src/stm32f4xx_hal_tim_ex.c ****   htim->Instance->BDTR = tmpbdtr;
2049:Drivers/STM32F4xx_HAL_Driver/Src/stm32f4xx_hal_tim_ex.c **** 
2050:Drivers/STM32F4xx_HAL_Driver/Src/stm32f4xx_hal_tim_ex.c ****   __HAL_UNLOCK(htim);
2051:Drivers/STM32F4xx_HAL_Driver/Src/stm32f4xx_hal_tim_ex.c **** 
2052:Drivers/STM32F4xx_HAL_Driver/Src/stm32f4xx_hal_tim_ex.c ****   return HAL_OK;
2053:Drivers/STM32F4xx_HAL_Driver/Src/stm32f4xx_hal_tim_ex.c **** }
2054:Drivers/STM32F4xx_HAL_Driver/Src/stm32f4xx_hal_tim_ex.c **** 
2055:Drivers/STM32F4xx_HAL_Driver/Src/stm32f4xx_hal_tim_ex.c **** /**
2056:Drivers/STM32F4xx_HAL_Driver/Src/stm32f4xx_hal_tim_ex.c ****   * @brief  Configures the TIMx Remapping input capabilities.
2057:Drivers/STM32F4xx_HAL_Driver/Src/stm32f4xx_hal_tim_ex.c ****   * @param  htim TIM handle.
2058:Drivers/STM32F4xx_HAL_Driver/Src/stm32f4xx_hal_tim_ex.c ****   * @param  Remap specifies the TIM remapping source.
2059:Drivers/STM32F4xx_HAL_Driver/Src/stm32f4xx_hal_tim_ex.c ****   *         For TIM1, the parameter can have the following values:                   (**)
2060:Drivers/STM32F4xx_HAL_Driver/Src/stm32f4xx_hal_tim_ex.c ****   *           @arg TIM_TIM1_TIM3_TRGO:  TIM1 ITR2 is connected to TIM3 TRGO
2061:Drivers/STM32F4xx_HAL_Driver/Src/stm32f4xx_hal_tim_ex.c ****   *           @arg TIM_TIM1_LPTIM:      TIM1 ITR2 is connected to LPTIM1 output
2062:Drivers/STM32F4xx_HAL_Driver/Src/stm32f4xx_hal_tim_ex.c ****   *
2063:Drivers/STM32F4xx_HAL_Driver/Src/stm32f4xx_hal_tim_ex.c ****   *         For TIM2, the parameter can have the following values:                   (**)
2064:Drivers/STM32F4xx_HAL_Driver/Src/stm32f4xx_hal_tim_ex.c ****   *           @arg TIM_TIM2_TIM8_TRGO:  TIM2 ITR1 is connected to TIM8 TRGO          (*)
2065:Drivers/STM32F4xx_HAL_Driver/Src/stm32f4xx_hal_tim_ex.c ****   *           @arg TIM_TIM2_ETH_PTP:    TIM2 ITR1 is connected to PTP trigger output (*)
2066:Drivers/STM32F4xx_HAL_Driver/Src/stm32f4xx_hal_tim_ex.c ****   *           @arg TIM_TIM2_USBFS_SOF:  TIM2 ITR1 is connected to OTG FS SOF
2067:Drivers/STM32F4xx_HAL_Driver/Src/stm32f4xx_hal_tim_ex.c ****   *           @arg TIM_TIM2_USBHS_SOF:  TIM2 ITR1 is connected to OTG FS SOF
2068:Drivers/STM32F4xx_HAL_Driver/Src/stm32f4xx_hal_tim_ex.c ****   *
2069:Drivers/STM32F4xx_HAL_Driver/Src/stm32f4xx_hal_tim_ex.c ****   *         For TIM5, the parameter can have the following values:
2070:Drivers/STM32F4xx_HAL_Driver/Src/stm32f4xx_hal_tim_ex.c ****   *           @arg TIM_TIM5_GPIO:       TIM5 TI4 is connected to GPIO
2071:Drivers/STM32F4xx_HAL_Driver/Src/stm32f4xx_hal_tim_ex.c ****   *           @arg TIM_TIM5_LSI:        TIM5 TI4 is connected to LSI
2072:Drivers/STM32F4xx_HAL_Driver/Src/stm32f4xx_hal_tim_ex.c ****   *           @arg TIM_TIM5_LSE:        TIM5 TI4 is connected to LSE
2073:Drivers/STM32F4xx_HAL_Driver/Src/stm32f4xx_hal_tim_ex.c ****   *           @arg TIM_TIM5_RTC:        TIM5 TI4 is connected to the RTC wakeup interrupt
2074:Drivers/STM32F4xx_HAL_Driver/Src/stm32f4xx_hal_tim_ex.c ****   *           @arg TIM_TIM5_TIM3_TRGO:  TIM5 ITR1 is connected to TIM3 TRGO          (*)
2075:Drivers/STM32F4xx_HAL_Driver/Src/stm32f4xx_hal_tim_ex.c ****   *           @arg TIM_TIM5_LPTIM:      TIM5 ITR1 is connected to LPTIM1 output      (*)
2076:Drivers/STM32F4xx_HAL_Driver/Src/stm32f4xx_hal_tim_ex.c ****   *
2077:Drivers/STM32F4xx_HAL_Driver/Src/stm32f4xx_hal_tim_ex.c ****   *         For TIM9, the parameter can have the following values:                   (**)
2078:Drivers/STM32F4xx_HAL_Driver/Src/stm32f4xx_hal_tim_ex.c ****   *           @arg TIM_TIM9_TIM3_TRGO:  TIM9 ITR1 is connected to TIM3 TRGO
2079:Drivers/STM32F4xx_HAL_Driver/Src/stm32f4xx_hal_tim_ex.c ****   *           @arg TIM_TIM9_LPTIM:      TIM9 ITR1 is connected to LPTIM1 output
2080:Drivers/STM32F4xx_HAL_Driver/Src/stm32f4xx_hal_tim_ex.c ****   *
2081:Drivers/STM32F4xx_HAL_Driver/Src/stm32f4xx_hal_tim_ex.c ****   *         For TIM11, the parameter can have the following values:
2082:Drivers/STM32F4xx_HAL_Driver/Src/stm32f4xx_hal_tim_ex.c ****   *           @arg TIM_TIM11_GPIO:     TIM11 TI1 is connected to GPIO
ARM GAS  C:\Users\pablo\AppData\Local\Temp\ccRGdM61.s 			page 38


2083:Drivers/STM32F4xx_HAL_Driver/Src/stm32f4xx_hal_tim_ex.c ****   *           @arg TIM_TIM11_HSE:      TIM11 TI1 is connected to HSE_RTC clock
2084:Drivers/STM32F4xx_HAL_Driver/Src/stm32f4xx_hal_tim_ex.c ****   *           @arg TIM_TIM11_SPDIFRX:  TIM11 TI1 is connected to SPDIFRX_FRAME_SYNC  (*)
2085:Drivers/STM32F4xx_HAL_Driver/Src/stm32f4xx_hal_tim_ex.c ****   *
2086:Drivers/STM32F4xx_HAL_Driver/Src/stm32f4xx_hal_tim_ex.c ****   *         (*)  Value not defined in all devices. \n
2087:Drivers/STM32F4xx_HAL_Driver/Src/stm32f4xx_hal_tim_ex.c ****   *         (**) Register not available in all devices.
2088:Drivers/STM32F4xx_HAL_Driver/Src/stm32f4xx_hal_tim_ex.c ****   *
2089:Drivers/STM32F4xx_HAL_Driver/Src/stm32f4xx_hal_tim_ex.c ****   * @retval HAL status
2090:Drivers/STM32F4xx_HAL_Driver/Src/stm32f4xx_hal_tim_ex.c ****   */
2091:Drivers/STM32F4xx_HAL_Driver/Src/stm32f4xx_hal_tim_ex.c **** HAL_StatusTypeDef HAL_TIMEx_RemapConfig(TIM_HandleTypeDef *htim, uint32_t Remap)
2092:Drivers/STM32F4xx_HAL_Driver/Src/stm32f4xx_hal_tim_ex.c **** {
2093:Drivers/STM32F4xx_HAL_Driver/Src/stm32f4xx_hal_tim_ex.c ****   /* Check parameters */
2094:Drivers/STM32F4xx_HAL_Driver/Src/stm32f4xx_hal_tim_ex.c ****   assert_param(IS_TIM_REMAP(htim->Instance, Remap));
2095:Drivers/STM32F4xx_HAL_Driver/Src/stm32f4xx_hal_tim_ex.c **** 
2096:Drivers/STM32F4xx_HAL_Driver/Src/stm32f4xx_hal_tim_ex.c ****   __HAL_LOCK(htim);
2097:Drivers/STM32F4xx_HAL_Driver/Src/stm32f4xx_hal_tim_ex.c **** 
2098:Drivers/STM32F4xx_HAL_Driver/Src/stm32f4xx_hal_tim_ex.c **** #if defined(LPTIM_OR_TIM1_ITR2_RMP) && defined(LPTIM_OR_TIM5_ITR1_RMP) && defined(LPTIM_OR_TIM9_ITR
2099:Drivers/STM32F4xx_HAL_Driver/Src/stm32f4xx_hal_tim_ex.c ****   if ((Remap & LPTIM_REMAP_MASK) == LPTIM_REMAP_MASK)
2100:Drivers/STM32F4xx_HAL_Driver/Src/stm32f4xx_hal_tim_ex.c ****   {
2101:Drivers/STM32F4xx_HAL_Driver/Src/stm32f4xx_hal_tim_ex.c ****     /* Connect TIMx internal trigger to LPTIM1 output */
2102:Drivers/STM32F4xx_HAL_Driver/Src/stm32f4xx_hal_tim_ex.c ****     __HAL_RCC_LPTIM1_CLK_ENABLE();
2103:Drivers/STM32F4xx_HAL_Driver/Src/stm32f4xx_hal_tim_ex.c ****     MODIFY_REG(LPTIM1->OR,
2104:Drivers/STM32F4xx_HAL_Driver/Src/stm32f4xx_hal_tim_ex.c ****                (LPTIM_OR_TIM1_ITR2_RMP | LPTIM_OR_TIM5_ITR1_RMP | LPTIM_OR_TIM9_ITR1_RMP),
2105:Drivers/STM32F4xx_HAL_Driver/Src/stm32f4xx_hal_tim_ex.c ****                Remap & ~(LPTIM_REMAP_MASK));
2106:Drivers/STM32F4xx_HAL_Driver/Src/stm32f4xx_hal_tim_ex.c ****   }
2107:Drivers/STM32F4xx_HAL_Driver/Src/stm32f4xx_hal_tim_ex.c ****   else
2108:Drivers/STM32F4xx_HAL_Driver/Src/stm32f4xx_hal_tim_ex.c ****   {
2109:Drivers/STM32F4xx_HAL_Driver/Src/stm32f4xx_hal_tim_ex.c ****     /* Set the Timer remapping configuration */
2110:Drivers/STM32F4xx_HAL_Driver/Src/stm32f4xx_hal_tim_ex.c ****     WRITE_REG(htim->Instance->OR, Remap);
2111:Drivers/STM32F4xx_HAL_Driver/Src/stm32f4xx_hal_tim_ex.c ****   }
2112:Drivers/STM32F4xx_HAL_Driver/Src/stm32f4xx_hal_tim_ex.c **** #else
2113:Drivers/STM32F4xx_HAL_Driver/Src/stm32f4xx_hal_tim_ex.c ****   /* Set the Timer remapping configuration */
2114:Drivers/STM32F4xx_HAL_Driver/Src/stm32f4xx_hal_tim_ex.c ****   WRITE_REG(htim->Instance->OR, Remap);
2115:Drivers/STM32F4xx_HAL_Driver/Src/stm32f4xx_hal_tim_ex.c **** #endif /* LPTIM_OR_TIM1_ITR2_RMP &&  LPTIM_OR_TIM5_ITR1_RMP && LPTIM_OR_TIM9_ITR1_RMP */
2116:Drivers/STM32F4xx_HAL_Driver/Src/stm32f4xx_hal_tim_ex.c **** 
2117:Drivers/STM32F4xx_HAL_Driver/Src/stm32f4xx_hal_tim_ex.c ****   __HAL_UNLOCK(htim);
2118:Drivers/STM32F4xx_HAL_Driver/Src/stm32f4xx_hal_tim_ex.c **** 
2119:Drivers/STM32F4xx_HAL_Driver/Src/stm32f4xx_hal_tim_ex.c ****   return HAL_OK;
2120:Drivers/STM32F4xx_HAL_Driver/Src/stm32f4xx_hal_tim_ex.c **** }
2121:Drivers/STM32F4xx_HAL_Driver/Src/stm32f4xx_hal_tim_ex.c **** 
2122:Drivers/STM32F4xx_HAL_Driver/Src/stm32f4xx_hal_tim_ex.c **** /**
2123:Drivers/STM32F4xx_HAL_Driver/Src/stm32f4xx_hal_tim_ex.c ****   * @}
2124:Drivers/STM32F4xx_HAL_Driver/Src/stm32f4xx_hal_tim_ex.c ****   */
2125:Drivers/STM32F4xx_HAL_Driver/Src/stm32f4xx_hal_tim_ex.c **** 
2126:Drivers/STM32F4xx_HAL_Driver/Src/stm32f4xx_hal_tim_ex.c **** /** @defgroup TIMEx_Exported_Functions_Group6 Extended Callbacks functions
2127:Drivers/STM32F4xx_HAL_Driver/Src/stm32f4xx_hal_tim_ex.c ****   * @brief    Extended Callbacks functions
2128:Drivers/STM32F4xx_HAL_Driver/Src/stm32f4xx_hal_tim_ex.c ****   *
2129:Drivers/STM32F4xx_HAL_Driver/Src/stm32f4xx_hal_tim_ex.c **** @verbatim
2130:Drivers/STM32F4xx_HAL_Driver/Src/stm32f4xx_hal_tim_ex.c ****   ==============================================================================
2131:Drivers/STM32F4xx_HAL_Driver/Src/stm32f4xx_hal_tim_ex.c ****                     ##### Extended Callbacks functions #####
2132:Drivers/STM32F4xx_HAL_Driver/Src/stm32f4xx_hal_tim_ex.c ****   ==============================================================================
2133:Drivers/STM32F4xx_HAL_Driver/Src/stm32f4xx_hal_tim_ex.c ****   [..]
2134:Drivers/STM32F4xx_HAL_Driver/Src/stm32f4xx_hal_tim_ex.c ****     This section provides Extended TIM callback functions:
2135:Drivers/STM32F4xx_HAL_Driver/Src/stm32f4xx_hal_tim_ex.c ****     (+) Timer Commutation callback
2136:Drivers/STM32F4xx_HAL_Driver/Src/stm32f4xx_hal_tim_ex.c ****     (+) Timer Break callback
2137:Drivers/STM32F4xx_HAL_Driver/Src/stm32f4xx_hal_tim_ex.c **** 
2138:Drivers/STM32F4xx_HAL_Driver/Src/stm32f4xx_hal_tim_ex.c **** @endverbatim
2139:Drivers/STM32F4xx_HAL_Driver/Src/stm32f4xx_hal_tim_ex.c ****   * @{
ARM GAS  C:\Users\pablo\AppData\Local\Temp\ccRGdM61.s 			page 39


2140:Drivers/STM32F4xx_HAL_Driver/Src/stm32f4xx_hal_tim_ex.c ****   */
2141:Drivers/STM32F4xx_HAL_Driver/Src/stm32f4xx_hal_tim_ex.c **** 
2142:Drivers/STM32F4xx_HAL_Driver/Src/stm32f4xx_hal_tim_ex.c **** /**
2143:Drivers/STM32F4xx_HAL_Driver/Src/stm32f4xx_hal_tim_ex.c ****   * @brief  Commutation callback in non-blocking mode
2144:Drivers/STM32F4xx_HAL_Driver/Src/stm32f4xx_hal_tim_ex.c ****   * @param  htim TIM handle
2145:Drivers/STM32F4xx_HAL_Driver/Src/stm32f4xx_hal_tim_ex.c ****   * @retval None
2146:Drivers/STM32F4xx_HAL_Driver/Src/stm32f4xx_hal_tim_ex.c ****   */
2147:Drivers/STM32F4xx_HAL_Driver/Src/stm32f4xx_hal_tim_ex.c **** __weak void HAL_TIMEx_CommutCallback(TIM_HandleTypeDef *htim)
2148:Drivers/STM32F4xx_HAL_Driver/Src/stm32f4xx_hal_tim_ex.c **** {
2149:Drivers/STM32F4xx_HAL_Driver/Src/stm32f4xx_hal_tim_ex.c ****   /* Prevent unused argument(s) compilation warning */
2150:Drivers/STM32F4xx_HAL_Driver/Src/stm32f4xx_hal_tim_ex.c ****   UNUSED(htim);
2151:Drivers/STM32F4xx_HAL_Driver/Src/stm32f4xx_hal_tim_ex.c **** 
2152:Drivers/STM32F4xx_HAL_Driver/Src/stm32f4xx_hal_tim_ex.c ****   /* NOTE : This function should not be modified, when the callback is needed,
2153:Drivers/STM32F4xx_HAL_Driver/Src/stm32f4xx_hal_tim_ex.c ****             the HAL_TIMEx_CommutCallback could be implemented in the user file
2154:Drivers/STM32F4xx_HAL_Driver/Src/stm32f4xx_hal_tim_ex.c ****    */
2155:Drivers/STM32F4xx_HAL_Driver/Src/stm32f4xx_hal_tim_ex.c **** }
2156:Drivers/STM32F4xx_HAL_Driver/Src/stm32f4xx_hal_tim_ex.c **** /**
2157:Drivers/STM32F4xx_HAL_Driver/Src/stm32f4xx_hal_tim_ex.c ****   * @brief  Commutation half complete callback in non-blocking mode
2158:Drivers/STM32F4xx_HAL_Driver/Src/stm32f4xx_hal_tim_ex.c ****   * @param  htim TIM handle
2159:Drivers/STM32F4xx_HAL_Driver/Src/stm32f4xx_hal_tim_ex.c ****   * @retval None
2160:Drivers/STM32F4xx_HAL_Driver/Src/stm32f4xx_hal_tim_ex.c ****   */
2161:Drivers/STM32F4xx_HAL_Driver/Src/stm32f4xx_hal_tim_ex.c **** __weak void HAL_TIMEx_CommutHalfCpltCallback(TIM_HandleTypeDef *htim)
2162:Drivers/STM32F4xx_HAL_Driver/Src/stm32f4xx_hal_tim_ex.c **** {
2163:Drivers/STM32F4xx_HAL_Driver/Src/stm32f4xx_hal_tim_ex.c ****   /* Prevent unused argument(s) compilation warning */
2164:Drivers/STM32F4xx_HAL_Driver/Src/stm32f4xx_hal_tim_ex.c ****   UNUSED(htim);
2165:Drivers/STM32F4xx_HAL_Driver/Src/stm32f4xx_hal_tim_ex.c **** 
2166:Drivers/STM32F4xx_HAL_Driver/Src/stm32f4xx_hal_tim_ex.c ****   /* NOTE : This function should not be modified, when the callback is needed,
2167:Drivers/STM32F4xx_HAL_Driver/Src/stm32f4xx_hal_tim_ex.c ****             the HAL_TIMEx_CommutHalfCpltCallback could be implemented in the user file
2168:Drivers/STM32F4xx_HAL_Driver/Src/stm32f4xx_hal_tim_ex.c ****    */
2169:Drivers/STM32F4xx_HAL_Driver/Src/stm32f4xx_hal_tim_ex.c **** }
2170:Drivers/STM32F4xx_HAL_Driver/Src/stm32f4xx_hal_tim_ex.c **** 
2171:Drivers/STM32F4xx_HAL_Driver/Src/stm32f4xx_hal_tim_ex.c **** /**
2172:Drivers/STM32F4xx_HAL_Driver/Src/stm32f4xx_hal_tim_ex.c ****   * @brief  Break detection callback in non-blocking mode
2173:Drivers/STM32F4xx_HAL_Driver/Src/stm32f4xx_hal_tim_ex.c ****   * @param  htim TIM handle
2174:Drivers/STM32F4xx_HAL_Driver/Src/stm32f4xx_hal_tim_ex.c ****   * @retval None
2175:Drivers/STM32F4xx_HAL_Driver/Src/stm32f4xx_hal_tim_ex.c ****   */
2176:Drivers/STM32F4xx_HAL_Driver/Src/stm32f4xx_hal_tim_ex.c **** __weak void HAL_TIMEx_BreakCallback(TIM_HandleTypeDef *htim)
2177:Drivers/STM32F4xx_HAL_Driver/Src/stm32f4xx_hal_tim_ex.c **** {
2178:Drivers/STM32F4xx_HAL_Driver/Src/stm32f4xx_hal_tim_ex.c ****   /* Prevent unused argument(s) compilation warning */
2179:Drivers/STM32F4xx_HAL_Driver/Src/stm32f4xx_hal_tim_ex.c ****   UNUSED(htim);
2180:Drivers/STM32F4xx_HAL_Driver/Src/stm32f4xx_hal_tim_ex.c **** 
2181:Drivers/STM32F4xx_HAL_Driver/Src/stm32f4xx_hal_tim_ex.c ****   /* NOTE : This function should not be modified, when the callback is needed,
2182:Drivers/STM32F4xx_HAL_Driver/Src/stm32f4xx_hal_tim_ex.c ****             the HAL_TIMEx_BreakCallback could be implemented in the user file
2183:Drivers/STM32F4xx_HAL_Driver/Src/stm32f4xx_hal_tim_ex.c ****    */
2184:Drivers/STM32F4xx_HAL_Driver/Src/stm32f4xx_hal_tim_ex.c **** }
2185:Drivers/STM32F4xx_HAL_Driver/Src/stm32f4xx_hal_tim_ex.c **** /**
2186:Drivers/STM32F4xx_HAL_Driver/Src/stm32f4xx_hal_tim_ex.c ****   * @}
2187:Drivers/STM32F4xx_HAL_Driver/Src/stm32f4xx_hal_tim_ex.c ****   */
2188:Drivers/STM32F4xx_HAL_Driver/Src/stm32f4xx_hal_tim_ex.c **** 
2189:Drivers/STM32F4xx_HAL_Driver/Src/stm32f4xx_hal_tim_ex.c **** /** @defgroup TIMEx_Exported_Functions_Group7 Extended Peripheral State functions
2190:Drivers/STM32F4xx_HAL_Driver/Src/stm32f4xx_hal_tim_ex.c ****   * @brief    Extended Peripheral State functions
2191:Drivers/STM32F4xx_HAL_Driver/Src/stm32f4xx_hal_tim_ex.c ****   *
2192:Drivers/STM32F4xx_HAL_Driver/Src/stm32f4xx_hal_tim_ex.c **** @verbatim
2193:Drivers/STM32F4xx_HAL_Driver/Src/stm32f4xx_hal_tim_ex.c ****   ==============================================================================
2194:Drivers/STM32F4xx_HAL_Driver/Src/stm32f4xx_hal_tim_ex.c ****                 ##### Extended Peripheral State functions #####
2195:Drivers/STM32F4xx_HAL_Driver/Src/stm32f4xx_hal_tim_ex.c ****   ==============================================================================
2196:Drivers/STM32F4xx_HAL_Driver/Src/stm32f4xx_hal_tim_ex.c ****   [..]
ARM GAS  C:\Users\pablo\AppData\Local\Temp\ccRGdM61.s 			page 40


2197:Drivers/STM32F4xx_HAL_Driver/Src/stm32f4xx_hal_tim_ex.c ****     This subsection permits to get in run-time the status of the peripheral
2198:Drivers/STM32F4xx_HAL_Driver/Src/stm32f4xx_hal_tim_ex.c ****     and the data flow.
2199:Drivers/STM32F4xx_HAL_Driver/Src/stm32f4xx_hal_tim_ex.c **** 
2200:Drivers/STM32F4xx_HAL_Driver/Src/stm32f4xx_hal_tim_ex.c **** @endverbatim
2201:Drivers/STM32F4xx_HAL_Driver/Src/stm32f4xx_hal_tim_ex.c ****   * @{
2202:Drivers/STM32F4xx_HAL_Driver/Src/stm32f4xx_hal_tim_ex.c ****   */
2203:Drivers/STM32F4xx_HAL_Driver/Src/stm32f4xx_hal_tim_ex.c **** 
2204:Drivers/STM32F4xx_HAL_Driver/Src/stm32f4xx_hal_tim_ex.c **** /**
2205:Drivers/STM32F4xx_HAL_Driver/Src/stm32f4xx_hal_tim_ex.c ****   * @brief  Return the TIM Hall Sensor interface handle state.
2206:Drivers/STM32F4xx_HAL_Driver/Src/stm32f4xx_hal_tim_ex.c ****   * @param  htim TIM Hall Sensor handle
2207:Drivers/STM32F4xx_HAL_Driver/Src/stm32f4xx_hal_tim_ex.c ****   * @retval HAL state
2208:Drivers/STM32F4xx_HAL_Driver/Src/stm32f4xx_hal_tim_ex.c ****   */
2209:Drivers/STM32F4xx_HAL_Driver/Src/stm32f4xx_hal_tim_ex.c **** HAL_TIM_StateTypeDef HAL_TIMEx_HallSensor_GetState(const TIM_HandleTypeDef *htim)
2210:Drivers/STM32F4xx_HAL_Driver/Src/stm32f4xx_hal_tim_ex.c **** {
2211:Drivers/STM32F4xx_HAL_Driver/Src/stm32f4xx_hal_tim_ex.c ****   return htim->State;
2212:Drivers/STM32F4xx_HAL_Driver/Src/stm32f4xx_hal_tim_ex.c **** }
2213:Drivers/STM32F4xx_HAL_Driver/Src/stm32f4xx_hal_tim_ex.c **** 
2214:Drivers/STM32F4xx_HAL_Driver/Src/stm32f4xx_hal_tim_ex.c **** /**
2215:Drivers/STM32F4xx_HAL_Driver/Src/stm32f4xx_hal_tim_ex.c ****   * @brief  Return actual state of the TIM complementary channel.
2216:Drivers/STM32F4xx_HAL_Driver/Src/stm32f4xx_hal_tim_ex.c ****   * @param  htim TIM handle
2217:Drivers/STM32F4xx_HAL_Driver/Src/stm32f4xx_hal_tim_ex.c ****   * @param  ChannelN TIM Complementary channel
2218:Drivers/STM32F4xx_HAL_Driver/Src/stm32f4xx_hal_tim_ex.c ****   *          This parameter can be one of the following values:
2219:Drivers/STM32F4xx_HAL_Driver/Src/stm32f4xx_hal_tim_ex.c ****   *            @arg TIM_CHANNEL_1: TIM Channel 1
2220:Drivers/STM32F4xx_HAL_Driver/Src/stm32f4xx_hal_tim_ex.c ****   *            @arg TIM_CHANNEL_2: TIM Channel 2
2221:Drivers/STM32F4xx_HAL_Driver/Src/stm32f4xx_hal_tim_ex.c ****   *            @arg TIM_CHANNEL_3: TIM Channel 3
2222:Drivers/STM32F4xx_HAL_Driver/Src/stm32f4xx_hal_tim_ex.c ****   * @retval TIM Complementary channel state
2223:Drivers/STM32F4xx_HAL_Driver/Src/stm32f4xx_hal_tim_ex.c ****   */
2224:Drivers/STM32F4xx_HAL_Driver/Src/stm32f4xx_hal_tim_ex.c **** HAL_TIM_ChannelStateTypeDef HAL_TIMEx_GetChannelNState(const TIM_HandleTypeDef *htim,  uint32_t Cha
2225:Drivers/STM32F4xx_HAL_Driver/Src/stm32f4xx_hal_tim_ex.c **** {
2226:Drivers/STM32F4xx_HAL_Driver/Src/stm32f4xx_hal_tim_ex.c ****   HAL_TIM_ChannelStateTypeDef channel_state;
2227:Drivers/STM32F4xx_HAL_Driver/Src/stm32f4xx_hal_tim_ex.c **** 
2228:Drivers/STM32F4xx_HAL_Driver/Src/stm32f4xx_hal_tim_ex.c ****   /* Check the parameters */
2229:Drivers/STM32F4xx_HAL_Driver/Src/stm32f4xx_hal_tim_ex.c ****   assert_param(IS_TIM_CCXN_INSTANCE(htim->Instance, ChannelN));
2230:Drivers/STM32F4xx_HAL_Driver/Src/stm32f4xx_hal_tim_ex.c **** 
2231:Drivers/STM32F4xx_HAL_Driver/Src/stm32f4xx_hal_tim_ex.c ****   channel_state = TIM_CHANNEL_N_STATE_GET(htim, ChannelN);
2232:Drivers/STM32F4xx_HAL_Driver/Src/stm32f4xx_hal_tim_ex.c **** 
2233:Drivers/STM32F4xx_HAL_Driver/Src/stm32f4xx_hal_tim_ex.c ****   return channel_state;
2234:Drivers/STM32F4xx_HAL_Driver/Src/stm32f4xx_hal_tim_ex.c **** }
2235:Drivers/STM32F4xx_HAL_Driver/Src/stm32f4xx_hal_tim_ex.c **** /**
2236:Drivers/STM32F4xx_HAL_Driver/Src/stm32f4xx_hal_tim_ex.c ****   * @}
2237:Drivers/STM32F4xx_HAL_Driver/Src/stm32f4xx_hal_tim_ex.c ****   */
2238:Drivers/STM32F4xx_HAL_Driver/Src/stm32f4xx_hal_tim_ex.c **** 
2239:Drivers/STM32F4xx_HAL_Driver/Src/stm32f4xx_hal_tim_ex.c **** /**
2240:Drivers/STM32F4xx_HAL_Driver/Src/stm32f4xx_hal_tim_ex.c ****   * @}
2241:Drivers/STM32F4xx_HAL_Driver/Src/stm32f4xx_hal_tim_ex.c ****   */
2242:Drivers/STM32F4xx_HAL_Driver/Src/stm32f4xx_hal_tim_ex.c **** 
2243:Drivers/STM32F4xx_HAL_Driver/Src/stm32f4xx_hal_tim_ex.c **** /* Private functions ---------------------------------------------------------*/
2244:Drivers/STM32F4xx_HAL_Driver/Src/stm32f4xx_hal_tim_ex.c **** /** @defgroup TIMEx_Private_Functions TIM Extended Private Functions
2245:Drivers/STM32F4xx_HAL_Driver/Src/stm32f4xx_hal_tim_ex.c ****   * @{
2246:Drivers/STM32F4xx_HAL_Driver/Src/stm32f4xx_hal_tim_ex.c ****   */
2247:Drivers/STM32F4xx_HAL_Driver/Src/stm32f4xx_hal_tim_ex.c **** 
2248:Drivers/STM32F4xx_HAL_Driver/Src/stm32f4xx_hal_tim_ex.c **** /**
2249:Drivers/STM32F4xx_HAL_Driver/Src/stm32f4xx_hal_tim_ex.c ****   * @brief  TIM DMA Commutation callback.
2250:Drivers/STM32F4xx_HAL_Driver/Src/stm32f4xx_hal_tim_ex.c ****   * @param  hdma pointer to DMA handle.
2251:Drivers/STM32F4xx_HAL_Driver/Src/stm32f4xx_hal_tim_ex.c ****   * @retval None
2252:Drivers/STM32F4xx_HAL_Driver/Src/stm32f4xx_hal_tim_ex.c ****   */
2253:Drivers/STM32F4xx_HAL_Driver/Src/stm32f4xx_hal_tim_ex.c **** void TIMEx_DMACommutationCplt(DMA_HandleTypeDef *hdma)
ARM GAS  C:\Users\pablo\AppData\Local\Temp\ccRGdM61.s 			page 41


2254:Drivers/STM32F4xx_HAL_Driver/Src/stm32f4xx_hal_tim_ex.c **** {
2255:Drivers/STM32F4xx_HAL_Driver/Src/stm32f4xx_hal_tim_ex.c ****   TIM_HandleTypeDef *htim = (TIM_HandleTypeDef *)((DMA_HandleTypeDef *)hdma)->Parent;
2256:Drivers/STM32F4xx_HAL_Driver/Src/stm32f4xx_hal_tim_ex.c **** 
2257:Drivers/STM32F4xx_HAL_Driver/Src/stm32f4xx_hal_tim_ex.c ****   /* Change the htim state */
2258:Drivers/STM32F4xx_HAL_Driver/Src/stm32f4xx_hal_tim_ex.c ****   htim->State = HAL_TIM_STATE_READY;
2259:Drivers/STM32F4xx_HAL_Driver/Src/stm32f4xx_hal_tim_ex.c **** 
2260:Drivers/STM32F4xx_HAL_Driver/Src/stm32f4xx_hal_tim_ex.c **** #if (USE_HAL_TIM_REGISTER_CALLBACKS == 1)
2261:Drivers/STM32F4xx_HAL_Driver/Src/stm32f4xx_hal_tim_ex.c ****   htim->CommutationCallback(htim);
2262:Drivers/STM32F4xx_HAL_Driver/Src/stm32f4xx_hal_tim_ex.c **** #else
2263:Drivers/STM32F4xx_HAL_Driver/Src/stm32f4xx_hal_tim_ex.c ****   HAL_TIMEx_CommutCallback(htim);
2264:Drivers/STM32F4xx_HAL_Driver/Src/stm32f4xx_hal_tim_ex.c **** #endif /* USE_HAL_TIM_REGISTER_CALLBACKS */
2265:Drivers/STM32F4xx_HAL_Driver/Src/stm32f4xx_hal_tim_ex.c **** }
2266:Drivers/STM32F4xx_HAL_Driver/Src/stm32f4xx_hal_tim_ex.c **** 
2267:Drivers/STM32F4xx_HAL_Driver/Src/stm32f4xx_hal_tim_ex.c **** /**
2268:Drivers/STM32F4xx_HAL_Driver/Src/stm32f4xx_hal_tim_ex.c ****   * @brief  TIM DMA Commutation half complete callback.
2269:Drivers/STM32F4xx_HAL_Driver/Src/stm32f4xx_hal_tim_ex.c ****   * @param  hdma pointer to DMA handle.
2270:Drivers/STM32F4xx_HAL_Driver/Src/stm32f4xx_hal_tim_ex.c ****   * @retval None
2271:Drivers/STM32F4xx_HAL_Driver/Src/stm32f4xx_hal_tim_ex.c ****   */
2272:Drivers/STM32F4xx_HAL_Driver/Src/stm32f4xx_hal_tim_ex.c **** void TIMEx_DMACommutationHalfCplt(DMA_HandleTypeDef *hdma)
2273:Drivers/STM32F4xx_HAL_Driver/Src/stm32f4xx_hal_tim_ex.c **** {
2274:Drivers/STM32F4xx_HAL_Driver/Src/stm32f4xx_hal_tim_ex.c ****   TIM_HandleTypeDef *htim = (TIM_HandleTypeDef *)((DMA_HandleTypeDef *)hdma)->Parent;
2275:Drivers/STM32F4xx_HAL_Driver/Src/stm32f4xx_hal_tim_ex.c **** 
2276:Drivers/STM32F4xx_HAL_Driver/Src/stm32f4xx_hal_tim_ex.c ****   /* Change the htim state */
2277:Drivers/STM32F4xx_HAL_Driver/Src/stm32f4xx_hal_tim_ex.c ****   htim->State = HAL_TIM_STATE_READY;
2278:Drivers/STM32F4xx_HAL_Driver/Src/stm32f4xx_hal_tim_ex.c **** 
2279:Drivers/STM32F4xx_HAL_Driver/Src/stm32f4xx_hal_tim_ex.c **** #if (USE_HAL_TIM_REGISTER_CALLBACKS == 1)
2280:Drivers/STM32F4xx_HAL_Driver/Src/stm32f4xx_hal_tim_ex.c ****   htim->CommutationHalfCpltCallback(htim);
2281:Drivers/STM32F4xx_HAL_Driver/Src/stm32f4xx_hal_tim_ex.c **** #else
2282:Drivers/STM32F4xx_HAL_Driver/Src/stm32f4xx_hal_tim_ex.c ****   HAL_TIMEx_CommutHalfCpltCallback(htim);
2283:Drivers/STM32F4xx_HAL_Driver/Src/stm32f4xx_hal_tim_ex.c **** #endif /* USE_HAL_TIM_REGISTER_CALLBACKS */
2284:Drivers/STM32F4xx_HAL_Driver/Src/stm32f4xx_hal_tim_ex.c **** }
2285:Drivers/STM32F4xx_HAL_Driver/Src/stm32f4xx_hal_tim_ex.c **** 
2286:Drivers/STM32F4xx_HAL_Driver/Src/stm32f4xx_hal_tim_ex.c **** 
2287:Drivers/STM32F4xx_HAL_Driver/Src/stm32f4xx_hal_tim_ex.c **** /**
2288:Drivers/STM32F4xx_HAL_Driver/Src/stm32f4xx_hal_tim_ex.c ****   * @brief  TIM DMA Delay Pulse complete callback (complementary channel).
2289:Drivers/STM32F4xx_HAL_Driver/Src/stm32f4xx_hal_tim_ex.c ****   * @param  hdma pointer to DMA handle.
2290:Drivers/STM32F4xx_HAL_Driver/Src/stm32f4xx_hal_tim_ex.c ****   * @retval None
2291:Drivers/STM32F4xx_HAL_Driver/Src/stm32f4xx_hal_tim_ex.c ****   */
2292:Drivers/STM32F4xx_HAL_Driver/Src/stm32f4xx_hal_tim_ex.c **** static void TIM_DMADelayPulseNCplt(DMA_HandleTypeDef *hdma)
2293:Drivers/STM32F4xx_HAL_Driver/Src/stm32f4xx_hal_tim_ex.c **** {
2294:Drivers/STM32F4xx_HAL_Driver/Src/stm32f4xx_hal_tim_ex.c ****   TIM_HandleTypeDef *htim = (TIM_HandleTypeDef *)((DMA_HandleTypeDef *)hdma)->Parent;
2295:Drivers/STM32F4xx_HAL_Driver/Src/stm32f4xx_hal_tim_ex.c **** 
2296:Drivers/STM32F4xx_HAL_Driver/Src/stm32f4xx_hal_tim_ex.c ****   if (hdma == htim->hdma[TIM_DMA_ID_CC1])
2297:Drivers/STM32F4xx_HAL_Driver/Src/stm32f4xx_hal_tim_ex.c ****   {
2298:Drivers/STM32F4xx_HAL_Driver/Src/stm32f4xx_hal_tim_ex.c ****     htim->Channel = HAL_TIM_ACTIVE_CHANNEL_1;
2299:Drivers/STM32F4xx_HAL_Driver/Src/stm32f4xx_hal_tim_ex.c **** 
2300:Drivers/STM32F4xx_HAL_Driver/Src/stm32f4xx_hal_tim_ex.c ****     if (hdma->Init.Mode == DMA_NORMAL)
2301:Drivers/STM32F4xx_HAL_Driver/Src/stm32f4xx_hal_tim_ex.c ****     {
2302:Drivers/STM32F4xx_HAL_Driver/Src/stm32f4xx_hal_tim_ex.c ****       TIM_CHANNEL_N_STATE_SET(htim, TIM_CHANNEL_1, HAL_TIM_CHANNEL_STATE_READY);
2303:Drivers/STM32F4xx_HAL_Driver/Src/stm32f4xx_hal_tim_ex.c ****     }
2304:Drivers/STM32F4xx_HAL_Driver/Src/stm32f4xx_hal_tim_ex.c ****   }
2305:Drivers/STM32F4xx_HAL_Driver/Src/stm32f4xx_hal_tim_ex.c ****   else if (hdma == htim->hdma[TIM_DMA_ID_CC2])
2306:Drivers/STM32F4xx_HAL_Driver/Src/stm32f4xx_hal_tim_ex.c ****   {
2307:Drivers/STM32F4xx_HAL_Driver/Src/stm32f4xx_hal_tim_ex.c ****     htim->Channel = HAL_TIM_ACTIVE_CHANNEL_2;
2308:Drivers/STM32F4xx_HAL_Driver/Src/stm32f4xx_hal_tim_ex.c **** 
2309:Drivers/STM32F4xx_HAL_Driver/Src/stm32f4xx_hal_tim_ex.c ****     if (hdma->Init.Mode == DMA_NORMAL)
2310:Drivers/STM32F4xx_HAL_Driver/Src/stm32f4xx_hal_tim_ex.c ****     {
ARM GAS  C:\Users\pablo\AppData\Local\Temp\ccRGdM61.s 			page 42


2311:Drivers/STM32F4xx_HAL_Driver/Src/stm32f4xx_hal_tim_ex.c ****       TIM_CHANNEL_N_STATE_SET(htim, TIM_CHANNEL_2, HAL_TIM_CHANNEL_STATE_READY);
2312:Drivers/STM32F4xx_HAL_Driver/Src/stm32f4xx_hal_tim_ex.c ****     }
2313:Drivers/STM32F4xx_HAL_Driver/Src/stm32f4xx_hal_tim_ex.c ****   }
2314:Drivers/STM32F4xx_HAL_Driver/Src/stm32f4xx_hal_tim_ex.c ****   else if (hdma == htim->hdma[TIM_DMA_ID_CC3])
2315:Drivers/STM32F4xx_HAL_Driver/Src/stm32f4xx_hal_tim_ex.c ****   {
2316:Drivers/STM32F4xx_HAL_Driver/Src/stm32f4xx_hal_tim_ex.c ****     htim->Channel = HAL_TIM_ACTIVE_CHANNEL_3;
2317:Drivers/STM32F4xx_HAL_Driver/Src/stm32f4xx_hal_tim_ex.c **** 
2318:Drivers/STM32F4xx_HAL_Driver/Src/stm32f4xx_hal_tim_ex.c ****     if (hdma->Init.Mode == DMA_NORMAL)
2319:Drivers/STM32F4xx_HAL_Driver/Src/stm32f4xx_hal_tim_ex.c ****     {
2320:Drivers/STM32F4xx_HAL_Driver/Src/stm32f4xx_hal_tim_ex.c ****       TIM_CHANNEL_N_STATE_SET(htim, TIM_CHANNEL_3, HAL_TIM_CHANNEL_STATE_READY);
2321:Drivers/STM32F4xx_HAL_Driver/Src/stm32f4xx_hal_tim_ex.c ****     }
2322:Drivers/STM32F4xx_HAL_Driver/Src/stm32f4xx_hal_tim_ex.c ****   }
2323:Drivers/STM32F4xx_HAL_Driver/Src/stm32f4xx_hal_tim_ex.c ****   else
2324:Drivers/STM32F4xx_HAL_Driver/Src/stm32f4xx_hal_tim_ex.c ****   {
2325:Drivers/STM32F4xx_HAL_Driver/Src/stm32f4xx_hal_tim_ex.c ****     /* nothing to do */
2326:Drivers/STM32F4xx_HAL_Driver/Src/stm32f4xx_hal_tim_ex.c ****   }
2327:Drivers/STM32F4xx_HAL_Driver/Src/stm32f4xx_hal_tim_ex.c **** 
2328:Drivers/STM32F4xx_HAL_Driver/Src/stm32f4xx_hal_tim_ex.c **** #if (USE_HAL_TIM_REGISTER_CALLBACKS == 1)
2329:Drivers/STM32F4xx_HAL_Driver/Src/stm32f4xx_hal_tim_ex.c ****   htim->PWM_PulseFinishedCallback(htim);
2330:Drivers/STM32F4xx_HAL_Driver/Src/stm32f4xx_hal_tim_ex.c **** #else
2331:Drivers/STM32F4xx_HAL_Driver/Src/stm32f4xx_hal_tim_ex.c ****   HAL_TIM_PWM_PulseFinishedCallback(htim);
2332:Drivers/STM32F4xx_HAL_Driver/Src/stm32f4xx_hal_tim_ex.c **** #endif /* USE_HAL_TIM_REGISTER_CALLBACKS */
2333:Drivers/STM32F4xx_HAL_Driver/Src/stm32f4xx_hal_tim_ex.c **** 
2334:Drivers/STM32F4xx_HAL_Driver/Src/stm32f4xx_hal_tim_ex.c ****   htim->Channel = HAL_TIM_ACTIVE_CHANNEL_CLEARED;
2335:Drivers/STM32F4xx_HAL_Driver/Src/stm32f4xx_hal_tim_ex.c **** }
2336:Drivers/STM32F4xx_HAL_Driver/Src/stm32f4xx_hal_tim_ex.c **** 
2337:Drivers/STM32F4xx_HAL_Driver/Src/stm32f4xx_hal_tim_ex.c **** /**
2338:Drivers/STM32F4xx_HAL_Driver/Src/stm32f4xx_hal_tim_ex.c ****   * @brief  TIM DMA error callback (complementary channel)
2339:Drivers/STM32F4xx_HAL_Driver/Src/stm32f4xx_hal_tim_ex.c ****   * @param  hdma pointer to DMA handle.
2340:Drivers/STM32F4xx_HAL_Driver/Src/stm32f4xx_hal_tim_ex.c ****   * @retval None
2341:Drivers/STM32F4xx_HAL_Driver/Src/stm32f4xx_hal_tim_ex.c ****   */
2342:Drivers/STM32F4xx_HAL_Driver/Src/stm32f4xx_hal_tim_ex.c **** static void TIM_DMAErrorCCxN(DMA_HandleTypeDef *hdma)
2343:Drivers/STM32F4xx_HAL_Driver/Src/stm32f4xx_hal_tim_ex.c **** {
2344:Drivers/STM32F4xx_HAL_Driver/Src/stm32f4xx_hal_tim_ex.c ****   TIM_HandleTypeDef *htim = (TIM_HandleTypeDef *)((DMA_HandleTypeDef *)hdma)->Parent;
2345:Drivers/STM32F4xx_HAL_Driver/Src/stm32f4xx_hal_tim_ex.c **** 
2346:Drivers/STM32F4xx_HAL_Driver/Src/stm32f4xx_hal_tim_ex.c ****   if (hdma == htim->hdma[TIM_DMA_ID_CC1])
2347:Drivers/STM32F4xx_HAL_Driver/Src/stm32f4xx_hal_tim_ex.c ****   {
2348:Drivers/STM32F4xx_HAL_Driver/Src/stm32f4xx_hal_tim_ex.c ****     htim->Channel = HAL_TIM_ACTIVE_CHANNEL_1;
2349:Drivers/STM32F4xx_HAL_Driver/Src/stm32f4xx_hal_tim_ex.c ****     TIM_CHANNEL_N_STATE_SET(htim, TIM_CHANNEL_1, HAL_TIM_CHANNEL_STATE_READY);
2350:Drivers/STM32F4xx_HAL_Driver/Src/stm32f4xx_hal_tim_ex.c ****   }
2351:Drivers/STM32F4xx_HAL_Driver/Src/stm32f4xx_hal_tim_ex.c ****   else if (hdma == htim->hdma[TIM_DMA_ID_CC2])
2352:Drivers/STM32F4xx_HAL_Driver/Src/stm32f4xx_hal_tim_ex.c ****   {
2353:Drivers/STM32F4xx_HAL_Driver/Src/stm32f4xx_hal_tim_ex.c ****     htim->Channel = HAL_TIM_ACTIVE_CHANNEL_2;
2354:Drivers/STM32F4xx_HAL_Driver/Src/stm32f4xx_hal_tim_ex.c ****     TIM_CHANNEL_N_STATE_SET(htim, TIM_CHANNEL_2, HAL_TIM_CHANNEL_STATE_READY);
2355:Drivers/STM32F4xx_HAL_Driver/Src/stm32f4xx_hal_tim_ex.c ****   }
2356:Drivers/STM32F4xx_HAL_Driver/Src/stm32f4xx_hal_tim_ex.c ****   else if (hdma == htim->hdma[TIM_DMA_ID_CC3])
2357:Drivers/STM32F4xx_HAL_Driver/Src/stm32f4xx_hal_tim_ex.c ****   {
2358:Drivers/STM32F4xx_HAL_Driver/Src/stm32f4xx_hal_tim_ex.c ****     htim->Channel = HAL_TIM_ACTIVE_CHANNEL_3;
2359:Drivers/STM32F4xx_HAL_Driver/Src/stm32f4xx_hal_tim_ex.c ****     TIM_CHANNEL_N_STATE_SET(htim, TIM_CHANNEL_3, HAL_TIM_CHANNEL_STATE_READY);
2360:Drivers/STM32F4xx_HAL_Driver/Src/stm32f4xx_hal_tim_ex.c ****   }
2361:Drivers/STM32F4xx_HAL_Driver/Src/stm32f4xx_hal_tim_ex.c ****   else
2362:Drivers/STM32F4xx_HAL_Driver/Src/stm32f4xx_hal_tim_ex.c ****   {
2363:Drivers/STM32F4xx_HAL_Driver/Src/stm32f4xx_hal_tim_ex.c ****     /* nothing to do */
2364:Drivers/STM32F4xx_HAL_Driver/Src/stm32f4xx_hal_tim_ex.c ****   }
2365:Drivers/STM32F4xx_HAL_Driver/Src/stm32f4xx_hal_tim_ex.c **** 
2366:Drivers/STM32F4xx_HAL_Driver/Src/stm32f4xx_hal_tim_ex.c **** #if (USE_HAL_TIM_REGISTER_CALLBACKS == 1)
2367:Drivers/STM32F4xx_HAL_Driver/Src/stm32f4xx_hal_tim_ex.c ****   htim->ErrorCallback(htim);
ARM GAS  C:\Users\pablo\AppData\Local\Temp\ccRGdM61.s 			page 43


2368:Drivers/STM32F4xx_HAL_Driver/Src/stm32f4xx_hal_tim_ex.c **** #else
2369:Drivers/STM32F4xx_HAL_Driver/Src/stm32f4xx_hal_tim_ex.c ****   HAL_TIM_ErrorCallback(htim);
2370:Drivers/STM32F4xx_HAL_Driver/Src/stm32f4xx_hal_tim_ex.c **** #endif /* USE_HAL_TIM_REGISTER_CALLBACKS */
2371:Drivers/STM32F4xx_HAL_Driver/Src/stm32f4xx_hal_tim_ex.c **** 
2372:Drivers/STM32F4xx_HAL_Driver/Src/stm32f4xx_hal_tim_ex.c ****   htim->Channel = HAL_TIM_ACTIVE_CHANNEL_CLEARED;
2373:Drivers/STM32F4xx_HAL_Driver/Src/stm32f4xx_hal_tim_ex.c **** }
2374:Drivers/STM32F4xx_HAL_Driver/Src/stm32f4xx_hal_tim_ex.c **** 
2375:Drivers/STM32F4xx_HAL_Driver/Src/stm32f4xx_hal_tim_ex.c **** /**
2376:Drivers/STM32F4xx_HAL_Driver/Src/stm32f4xx_hal_tim_ex.c ****   * @brief  Enables or disables the TIM Capture Compare Channel xN.
2377:Drivers/STM32F4xx_HAL_Driver/Src/stm32f4xx_hal_tim_ex.c ****   * @param  TIMx to select the TIM peripheral
2378:Drivers/STM32F4xx_HAL_Driver/Src/stm32f4xx_hal_tim_ex.c ****   * @param  Channel specifies the TIM Channel
2379:Drivers/STM32F4xx_HAL_Driver/Src/stm32f4xx_hal_tim_ex.c ****   *          This parameter can be one of the following values:
2380:Drivers/STM32F4xx_HAL_Driver/Src/stm32f4xx_hal_tim_ex.c ****   *            @arg TIM_CHANNEL_1: TIM Channel 1
2381:Drivers/STM32F4xx_HAL_Driver/Src/stm32f4xx_hal_tim_ex.c ****   *            @arg TIM_CHANNEL_2: TIM Channel 2
2382:Drivers/STM32F4xx_HAL_Driver/Src/stm32f4xx_hal_tim_ex.c ****   *            @arg TIM_CHANNEL_3: TIM Channel 3
2383:Drivers/STM32F4xx_HAL_Driver/Src/stm32f4xx_hal_tim_ex.c ****   * @param  ChannelNState specifies the TIM Channel CCxNE bit new state.
2384:Drivers/STM32F4xx_HAL_Driver/Src/stm32f4xx_hal_tim_ex.c ****   *          This parameter can be: TIM_CCxN_ENABLE or TIM_CCxN_Disable.
2385:Drivers/STM32F4xx_HAL_Driver/Src/stm32f4xx_hal_tim_ex.c ****   * @retval None
2386:Drivers/STM32F4xx_HAL_Driver/Src/stm32f4xx_hal_tim_ex.c ****   */
2387:Drivers/STM32F4xx_HAL_Driver/Src/stm32f4xx_hal_tim_ex.c **** static void TIM_CCxNChannelCmd(TIM_TypeDef *TIMx, uint32_t Channel, uint32_t ChannelNState)
2388:Drivers/STM32F4xx_HAL_Driver/Src/stm32f4xx_hal_tim_ex.c **** {
  29              		.loc 1 2388 1 view -0
  30              		.cfi_startproc
  31              		@ args = 0, pretend = 0, frame = 0
  32              		@ frame_needed = 0, uses_anonymous_args = 0
  33              		@ link register save eliminated.
2389:Drivers/STM32F4xx_HAL_Driver/Src/stm32f4xx_hal_tim_ex.c ****   uint32_t tmp;
  34              		.loc 1 2389 3 view .LVU1
2390:Drivers/STM32F4xx_HAL_Driver/Src/stm32f4xx_hal_tim_ex.c **** 
2391:Drivers/STM32F4xx_HAL_Driver/Src/stm32f4xx_hal_tim_ex.c ****   tmp = TIM_CCER_CC1NE << (Channel & 0xFU); /* 0xFU = 15 bits max shift */
  35              		.loc 1 2391 3 view .LVU2
  36              		.loc 1 2391 36 is_stmt 0 view .LVU3
  37 0000 01F00F01 		and	r1, r1, #15
  38              	.LVL1:
  39              		.loc 1 2391 7 view .LVU4
  40 0004 4FF0040C 		mov	ip, #4
  41 0008 0CFA01FC 		lsl	ip, ip, r1
  42              	.LVL2:
2392:Drivers/STM32F4xx_HAL_Driver/Src/stm32f4xx_hal_tim_ex.c **** 
2393:Drivers/STM32F4xx_HAL_Driver/Src/stm32f4xx_hal_tim_ex.c ****   /* Reset the CCxNE Bit */
2394:Drivers/STM32F4xx_HAL_Driver/Src/stm32f4xx_hal_tim_ex.c ****   TIMx->CCER &=  ~tmp;
  43              		.loc 1 2394 3 is_stmt 1 view .LVU5
  44              		.loc 1 2394 7 is_stmt 0 view .LVU6
  45 000c 036A     		ldr	r3, [r0, #32]
  46              		.loc 1 2394 14 view .LVU7
  47 000e 23EA0C03 		bic	r3, r3, ip
  48 0012 0362     		str	r3, [r0, #32]
2395:Drivers/STM32F4xx_HAL_Driver/Src/stm32f4xx_hal_tim_ex.c **** 
2396:Drivers/STM32F4xx_HAL_Driver/Src/stm32f4xx_hal_tim_ex.c ****   /* Set or reset the CCxNE Bit */
2397:Drivers/STM32F4xx_HAL_Driver/Src/stm32f4xx_hal_tim_ex.c ****   TIMx->CCER |= (uint32_t)(ChannelNState << (Channel & 0xFU)); /* 0xFU = 15 bits max shift */
  49              		.loc 1 2397 3 is_stmt 1 view .LVU8
  50              		.loc 1 2397 7 is_stmt 0 view .LVU9
  51 0014 036A     		ldr	r3, [r0, #32]
  52              		.loc 1 2397 42 view .LVU10
  53 0016 8A40     		lsls	r2, r2, r1
  54              	.LVL3:
  55              		.loc 1 2397 14 view .LVU11
ARM GAS  C:\Users\pablo\AppData\Local\Temp\ccRGdM61.s 			page 44


  56 0018 1343     		orrs	r3, r3, r2
  57 001a 0362     		str	r3, [r0, #32]
2398:Drivers/STM32F4xx_HAL_Driver/Src/stm32f4xx_hal_tim_ex.c **** }
  58              		.loc 1 2398 1 view .LVU12
  59 001c 7047     		bx	lr
  60              		.cfi_endproc
  61              	.LFE175:
  63              		.section	.text.TIM_DMAErrorCCxN,"ax",%progbits
  64              		.align	1
  65              		.syntax unified
  66              		.thumb
  67              		.thumb_func
  69              	TIM_DMAErrorCCxN:
  70              	.LVL4:
  71              	.LFB174:
2343:Drivers/STM32F4xx_HAL_Driver/Src/stm32f4xx_hal_tim_ex.c ****   TIM_HandleTypeDef *htim = (TIM_HandleTypeDef *)((DMA_HandleTypeDef *)hdma)->Parent;
  72              		.loc 1 2343 1 is_stmt 1 view -0
  73              		.cfi_startproc
  74              		@ args = 0, pretend = 0, frame = 0
  75              		@ frame_needed = 0, uses_anonymous_args = 0
2343:Drivers/STM32F4xx_HAL_Driver/Src/stm32f4xx_hal_tim_ex.c ****   TIM_HandleTypeDef *htim = (TIM_HandleTypeDef *)((DMA_HandleTypeDef *)hdma)->Parent;
  76              		.loc 1 2343 1 is_stmt 0 view .LVU14
  77 0000 10B5     		push	{r4, lr}
  78              	.LCFI0:
  79              		.cfi_def_cfa_offset 8
  80              		.cfi_offset 4, -8
  81              		.cfi_offset 14, -4
2344:Drivers/STM32F4xx_HAL_Driver/Src/stm32f4xx_hal_tim_ex.c **** 
  82              		.loc 1 2344 3 is_stmt 1 view .LVU15
2344:Drivers/STM32F4xx_HAL_Driver/Src/stm32f4xx_hal_tim_ex.c **** 
  83              		.loc 1 2344 22 is_stmt 0 view .LVU16
  84 0002 846B     		ldr	r4, [r0, #56]
  85              	.LVL5:
2346:Drivers/STM32F4xx_HAL_Driver/Src/stm32f4xx_hal_tim_ex.c ****   {
  86              		.loc 1 2346 3 is_stmt 1 view .LVU17
2346:Drivers/STM32F4xx_HAL_Driver/Src/stm32f4xx_hal_tim_ex.c ****   {
  87              		.loc 1 2346 25 is_stmt 0 view .LVU18
  88 0004 636A     		ldr	r3, [r4, #36]
2346:Drivers/STM32F4xx_HAL_Driver/Src/stm32f4xx_hal_tim_ex.c ****   {
  89              		.loc 1 2346 6 view .LVU19
  90 0006 8342     		cmp	r3, r0
  91 0008 0BD0     		beq	.L7
2351:Drivers/STM32F4xx_HAL_Driver/Src/stm32f4xx_hal_tim_ex.c ****   {
  92              		.loc 1 2351 8 is_stmt 1 view .LVU20
2351:Drivers/STM32F4xx_HAL_Driver/Src/stm32f4xx_hal_tim_ex.c ****   {
  93              		.loc 1 2351 30 is_stmt 0 view .LVU21
  94 000a A36A     		ldr	r3, [r4, #40]
2351:Drivers/STM32F4xx_HAL_Driver/Src/stm32f4xx_hal_tim_ex.c ****   {
  95              		.loc 1 2351 11 view .LVU22
  96 000c 8342     		cmp	r3, r0
  97 000e 0DD0     		beq	.L8
2356:Drivers/STM32F4xx_HAL_Driver/Src/stm32f4xx_hal_tim_ex.c ****   {
  98              		.loc 1 2356 8 is_stmt 1 view .LVU23
2356:Drivers/STM32F4xx_HAL_Driver/Src/stm32f4xx_hal_tim_ex.c ****   {
  99              		.loc 1 2356 30 is_stmt 0 view .LVU24
 100 0010 E36A     		ldr	r3, [r4, #44]
2356:Drivers/STM32F4xx_HAL_Driver/Src/stm32f4xx_hal_tim_ex.c ****   {
ARM GAS  C:\Users\pablo\AppData\Local\Temp\ccRGdM61.s 			page 45


 101              		.loc 1 2356 11 view .LVU25
 102 0012 8342     		cmp	r3, r0
 103 0014 10D0     		beq	.L9
 104              	.L4:
2364:Drivers/STM32F4xx_HAL_Driver/Src/stm32f4xx_hal_tim_ex.c **** 
 105              		.loc 1 2364 3 is_stmt 1 view .LVU26
2369:Drivers/STM32F4xx_HAL_Driver/Src/stm32f4xx_hal_tim_ex.c **** #endif /* USE_HAL_TIM_REGISTER_CALLBACKS */
 106              		.loc 1 2369 3 view .LVU27
 107 0016 2046     		mov	r0, r4
 108              	.LVL6:
2369:Drivers/STM32F4xx_HAL_Driver/Src/stm32f4xx_hal_tim_ex.c **** #endif /* USE_HAL_TIM_REGISTER_CALLBACKS */
 109              		.loc 1 2369 3 is_stmt 0 view .LVU28
 110 0018 FFF7FEFF 		bl	HAL_TIM_ErrorCallback
 111              	.LVL7:
2372:Drivers/STM32F4xx_HAL_Driver/Src/stm32f4xx_hal_tim_ex.c **** }
 112              		.loc 1 2372 3 is_stmt 1 view .LVU29
2372:Drivers/STM32F4xx_HAL_Driver/Src/stm32f4xx_hal_tim_ex.c **** }
 113              		.loc 1 2372 17 is_stmt 0 view .LVU30
 114 001c 0023     		movs	r3, #0
 115 001e 2377     		strb	r3, [r4, #28]
2373:Drivers/STM32F4xx_HAL_Driver/Src/stm32f4xx_hal_tim_ex.c **** 
 116              		.loc 1 2373 1 view .LVU31
 117 0020 10BD     		pop	{r4, pc}
 118              	.LVL8:
 119              	.L7:
2348:Drivers/STM32F4xx_HAL_Driver/Src/stm32f4xx_hal_tim_ex.c ****     TIM_CHANNEL_N_STATE_SET(htim, TIM_CHANNEL_1, HAL_TIM_CHANNEL_STATE_READY);
 120              		.loc 1 2348 5 is_stmt 1 view .LVU32
2348:Drivers/STM32F4xx_HAL_Driver/Src/stm32f4xx_hal_tim_ex.c ****     TIM_CHANNEL_N_STATE_SET(htim, TIM_CHANNEL_1, HAL_TIM_CHANNEL_STATE_READY);
 121              		.loc 1 2348 19 is_stmt 0 view .LVU33
 122 0022 0123     		movs	r3, #1
 123 0024 2377     		strb	r3, [r4, #28]
2349:Drivers/STM32F4xx_HAL_Driver/Src/stm32f4xx_hal_tim_ex.c ****   }
 124              		.loc 1 2349 5 is_stmt 1 view .LVU34
 125 0026 84F84230 		strb	r3, [r4, #66]
 126 002a F4E7     		b	.L4
 127              	.L8:
2353:Drivers/STM32F4xx_HAL_Driver/Src/stm32f4xx_hal_tim_ex.c ****     TIM_CHANNEL_N_STATE_SET(htim, TIM_CHANNEL_2, HAL_TIM_CHANNEL_STATE_READY);
 128              		.loc 1 2353 5 view .LVU35
2353:Drivers/STM32F4xx_HAL_Driver/Src/stm32f4xx_hal_tim_ex.c ****     TIM_CHANNEL_N_STATE_SET(htim, TIM_CHANNEL_2, HAL_TIM_CHANNEL_STATE_READY);
 129              		.loc 1 2353 19 is_stmt 0 view .LVU36
 130 002c 0223     		movs	r3, #2
 131 002e 2377     		strb	r3, [r4, #28]
2354:Drivers/STM32F4xx_HAL_Driver/Src/stm32f4xx_hal_tim_ex.c ****   }
 132              		.loc 1 2354 5 is_stmt 1 view .LVU37
 133 0030 0123     		movs	r3, #1
 134 0032 84F84330 		strb	r3, [r4, #67]
 135 0036 EEE7     		b	.L4
 136              	.L9:
2358:Drivers/STM32F4xx_HAL_Driver/Src/stm32f4xx_hal_tim_ex.c ****     TIM_CHANNEL_N_STATE_SET(htim, TIM_CHANNEL_3, HAL_TIM_CHANNEL_STATE_READY);
 137              		.loc 1 2358 5 view .LVU38
2358:Drivers/STM32F4xx_HAL_Driver/Src/stm32f4xx_hal_tim_ex.c ****     TIM_CHANNEL_N_STATE_SET(htim, TIM_CHANNEL_3, HAL_TIM_CHANNEL_STATE_READY);
 138              		.loc 1 2358 19 is_stmt 0 view .LVU39
 139 0038 0423     		movs	r3, #4
 140 003a 2377     		strb	r3, [r4, #28]
2359:Drivers/STM32F4xx_HAL_Driver/Src/stm32f4xx_hal_tim_ex.c ****   }
 141              		.loc 1 2359 5 is_stmt 1 view .LVU40
 142 003c 0123     		movs	r3, #1
ARM GAS  C:\Users\pablo\AppData\Local\Temp\ccRGdM61.s 			page 46


 143 003e 84F84430 		strb	r3, [r4, #68]
 144 0042 E8E7     		b	.L4
 145              		.cfi_endproc
 146              	.LFE174:
 148              		.section	.text.TIM_DMADelayPulseNCplt,"ax",%progbits
 149              		.align	1
 150              		.syntax unified
 151              		.thumb
 152              		.thumb_func
 154              	TIM_DMADelayPulseNCplt:
 155              	.LVL9:
 156              	.LFB173:
2293:Drivers/STM32F4xx_HAL_Driver/Src/stm32f4xx_hal_tim_ex.c ****   TIM_HandleTypeDef *htim = (TIM_HandleTypeDef *)((DMA_HandleTypeDef *)hdma)->Parent;
 157              		.loc 1 2293 1 view -0
 158              		.cfi_startproc
 159              		@ args = 0, pretend = 0, frame = 0
 160              		@ frame_needed = 0, uses_anonymous_args = 0
2293:Drivers/STM32F4xx_HAL_Driver/Src/stm32f4xx_hal_tim_ex.c ****   TIM_HandleTypeDef *htim = (TIM_HandleTypeDef *)((DMA_HandleTypeDef *)hdma)->Parent;
 161              		.loc 1 2293 1 is_stmt 0 view .LVU42
 162 0000 10B5     		push	{r4, lr}
 163              	.LCFI1:
 164              		.cfi_def_cfa_offset 8
 165              		.cfi_offset 4, -8
 166              		.cfi_offset 14, -4
2294:Drivers/STM32F4xx_HAL_Driver/Src/stm32f4xx_hal_tim_ex.c **** 
 167              		.loc 1 2294 3 is_stmt 1 view .LVU43
2294:Drivers/STM32F4xx_HAL_Driver/Src/stm32f4xx_hal_tim_ex.c **** 
 168              		.loc 1 2294 22 is_stmt 0 view .LVU44
 169 0002 846B     		ldr	r4, [r0, #56]
 170              	.LVL10:
2296:Drivers/STM32F4xx_HAL_Driver/Src/stm32f4xx_hal_tim_ex.c ****   {
 171              		.loc 1 2296 3 is_stmt 1 view .LVU45
2296:Drivers/STM32F4xx_HAL_Driver/Src/stm32f4xx_hal_tim_ex.c ****   {
 172              		.loc 1 2296 25 is_stmt 0 view .LVU46
 173 0004 636A     		ldr	r3, [r4, #36]
2296:Drivers/STM32F4xx_HAL_Driver/Src/stm32f4xx_hal_tim_ex.c ****   {
 174              		.loc 1 2296 6 view .LVU47
 175 0006 8342     		cmp	r3, r0
 176 0008 0BD0     		beq	.L15
2305:Drivers/STM32F4xx_HAL_Driver/Src/stm32f4xx_hal_tim_ex.c ****   {
 177              		.loc 1 2305 8 is_stmt 1 view .LVU48
2305:Drivers/STM32F4xx_HAL_Driver/Src/stm32f4xx_hal_tim_ex.c ****   {
 178              		.loc 1 2305 30 is_stmt 0 view .LVU49
 179 000a A36A     		ldr	r3, [r4, #40]
2305:Drivers/STM32F4xx_HAL_Driver/Src/stm32f4xx_hal_tim_ex.c ****   {
 180              		.loc 1 2305 11 view .LVU50
 181 000c 8342     		cmp	r3, r0
 182 000e 11D0     		beq	.L16
2314:Drivers/STM32F4xx_HAL_Driver/Src/stm32f4xx_hal_tim_ex.c ****   {
 183              		.loc 1 2314 8 is_stmt 1 view .LVU51
2314:Drivers/STM32F4xx_HAL_Driver/Src/stm32f4xx_hal_tim_ex.c ****   {
 184              		.loc 1 2314 30 is_stmt 0 view .LVU52
 185 0010 E36A     		ldr	r3, [r4, #44]
2314:Drivers/STM32F4xx_HAL_Driver/Src/stm32f4xx_hal_tim_ex.c ****   {
 186              		.loc 1 2314 11 view .LVU53
 187 0012 8342     		cmp	r3, r0
 188 0014 17D0     		beq	.L17
ARM GAS  C:\Users\pablo\AppData\Local\Temp\ccRGdM61.s 			page 47


 189              	.L12:
2326:Drivers/STM32F4xx_HAL_Driver/Src/stm32f4xx_hal_tim_ex.c **** 
 190              		.loc 1 2326 3 is_stmt 1 view .LVU54
2331:Drivers/STM32F4xx_HAL_Driver/Src/stm32f4xx_hal_tim_ex.c **** #endif /* USE_HAL_TIM_REGISTER_CALLBACKS */
 191              		.loc 1 2331 3 view .LVU55
 192 0016 2046     		mov	r0, r4
 193              	.LVL11:
2331:Drivers/STM32F4xx_HAL_Driver/Src/stm32f4xx_hal_tim_ex.c **** #endif /* USE_HAL_TIM_REGISTER_CALLBACKS */
 194              		.loc 1 2331 3 is_stmt 0 view .LVU56
 195 0018 FFF7FEFF 		bl	HAL_TIM_PWM_PulseFinishedCallback
 196              	.LVL12:
2334:Drivers/STM32F4xx_HAL_Driver/Src/stm32f4xx_hal_tim_ex.c **** }
 197              		.loc 1 2334 3 is_stmt 1 view .LVU57
2334:Drivers/STM32F4xx_HAL_Driver/Src/stm32f4xx_hal_tim_ex.c **** }
 198              		.loc 1 2334 17 is_stmt 0 view .LVU58
 199 001c 0023     		movs	r3, #0
 200 001e 2377     		strb	r3, [r4, #28]
2335:Drivers/STM32F4xx_HAL_Driver/Src/stm32f4xx_hal_tim_ex.c **** 
 201              		.loc 1 2335 1 view .LVU59
 202 0020 10BD     		pop	{r4, pc}
 203              	.LVL13:
 204              	.L15:
2298:Drivers/STM32F4xx_HAL_Driver/Src/stm32f4xx_hal_tim_ex.c **** 
 205              		.loc 1 2298 5 is_stmt 1 view .LVU60
2298:Drivers/STM32F4xx_HAL_Driver/Src/stm32f4xx_hal_tim_ex.c **** 
 206              		.loc 1 2298 19 is_stmt 0 view .LVU61
 207 0022 0123     		movs	r3, #1
 208 0024 2377     		strb	r3, [r4, #28]
2300:Drivers/STM32F4xx_HAL_Driver/Src/stm32f4xx_hal_tim_ex.c ****     {
 209              		.loc 1 2300 5 is_stmt 1 view .LVU62
2300:Drivers/STM32F4xx_HAL_Driver/Src/stm32f4xx_hal_tim_ex.c ****     {
 210              		.loc 1 2300 19 is_stmt 0 view .LVU63
 211 0026 C369     		ldr	r3, [r0, #28]
2300:Drivers/STM32F4xx_HAL_Driver/Src/stm32f4xx_hal_tim_ex.c ****     {
 212              		.loc 1 2300 8 view .LVU64
 213 0028 002B     		cmp	r3, #0
 214 002a F4D1     		bne	.L12
2302:Drivers/STM32F4xx_HAL_Driver/Src/stm32f4xx_hal_tim_ex.c ****     }
 215              		.loc 1 2302 7 is_stmt 1 view .LVU65
 216 002c 0123     		movs	r3, #1
 217 002e 84F84230 		strb	r3, [r4, #66]
 218 0032 F0E7     		b	.L12
 219              	.L16:
2307:Drivers/STM32F4xx_HAL_Driver/Src/stm32f4xx_hal_tim_ex.c **** 
 220              		.loc 1 2307 5 view .LVU66
2307:Drivers/STM32F4xx_HAL_Driver/Src/stm32f4xx_hal_tim_ex.c **** 
 221              		.loc 1 2307 19 is_stmt 0 view .LVU67
 222 0034 0223     		movs	r3, #2
 223 0036 2377     		strb	r3, [r4, #28]
2309:Drivers/STM32F4xx_HAL_Driver/Src/stm32f4xx_hal_tim_ex.c ****     {
 224              		.loc 1 2309 5 is_stmt 1 view .LVU68
2309:Drivers/STM32F4xx_HAL_Driver/Src/stm32f4xx_hal_tim_ex.c ****     {
 225              		.loc 1 2309 19 is_stmt 0 view .LVU69
 226 0038 C369     		ldr	r3, [r0, #28]
2309:Drivers/STM32F4xx_HAL_Driver/Src/stm32f4xx_hal_tim_ex.c ****     {
 227              		.loc 1 2309 8 view .LVU70
 228 003a 002B     		cmp	r3, #0
ARM GAS  C:\Users\pablo\AppData\Local\Temp\ccRGdM61.s 			page 48


 229 003c EBD1     		bne	.L12
2311:Drivers/STM32F4xx_HAL_Driver/Src/stm32f4xx_hal_tim_ex.c ****     }
 230              		.loc 1 2311 7 is_stmt 1 view .LVU71
 231 003e 0123     		movs	r3, #1
 232 0040 84F84330 		strb	r3, [r4, #67]
 233 0044 E7E7     		b	.L12
 234              	.L17:
2316:Drivers/STM32F4xx_HAL_Driver/Src/stm32f4xx_hal_tim_ex.c **** 
 235              		.loc 1 2316 5 view .LVU72
2316:Drivers/STM32F4xx_HAL_Driver/Src/stm32f4xx_hal_tim_ex.c **** 
 236              		.loc 1 2316 19 is_stmt 0 view .LVU73
 237 0046 0423     		movs	r3, #4
 238 0048 2377     		strb	r3, [r4, #28]
2318:Drivers/STM32F4xx_HAL_Driver/Src/stm32f4xx_hal_tim_ex.c ****     {
 239              		.loc 1 2318 5 is_stmt 1 view .LVU74
2318:Drivers/STM32F4xx_HAL_Driver/Src/stm32f4xx_hal_tim_ex.c ****     {
 240              		.loc 1 2318 19 is_stmt 0 view .LVU75
 241 004a C369     		ldr	r3, [r0, #28]
2318:Drivers/STM32F4xx_HAL_Driver/Src/stm32f4xx_hal_tim_ex.c ****     {
 242              		.loc 1 2318 8 view .LVU76
 243 004c 002B     		cmp	r3, #0
 244 004e E2D1     		bne	.L12
2320:Drivers/STM32F4xx_HAL_Driver/Src/stm32f4xx_hal_tim_ex.c ****     }
 245              		.loc 1 2320 7 is_stmt 1 view .LVU77
 246 0050 0123     		movs	r3, #1
 247 0052 84F84430 		strb	r3, [r4, #68]
 248 0056 DEE7     		b	.L12
 249              		.cfi_endproc
 250              	.LFE173:
 252              		.section	.text.HAL_TIMEx_HallSensor_MspInit,"ax",%progbits
 253              		.align	1
 254              		.weak	HAL_TIMEx_HallSensor_MspInit
 255              		.syntax unified
 256              		.thumb
 257              		.thumb_func
 259              	HAL_TIMEx_HallSensor_MspInit:
 260              	.LVL14:
 261              	.LFB136:
 286:Drivers/STM32F4xx_HAL_Driver/Src/stm32f4xx_hal_tim_ex.c ****   /* Prevent unused argument(s) compilation warning */
 262              		.loc 1 286 1 view -0
 263              		.cfi_startproc
 264              		@ args = 0, pretend = 0, frame = 0
 265              		@ frame_needed = 0, uses_anonymous_args = 0
 266              		@ link register save eliminated.
 288:Drivers/STM32F4xx_HAL_Driver/Src/stm32f4xx_hal_tim_ex.c **** 
 267              		.loc 1 288 3 view .LVU79
 293:Drivers/STM32F4xx_HAL_Driver/Src/stm32f4xx_hal_tim_ex.c **** 
 268              		.loc 1 293 1 is_stmt 0 view .LVU80
 269 0000 7047     		bx	lr
 270              		.cfi_endproc
 271              	.LFE136:
 273              		.section	.text.HAL_TIMEx_HallSensor_Init,"ax",%progbits
 274              		.align	1
 275              		.global	HAL_TIMEx_HallSensor_Init
 276              		.syntax unified
 277              		.thumb
 278              		.thumb_func
ARM GAS  C:\Users\pablo\AppData\Local\Temp\ccRGdM61.s 			page 49


 280              	HAL_TIMEx_HallSensor_Init:
 281              	.LVL15:
 282              	.LFB134:
 139:Drivers/STM32F4xx_HAL_Driver/Src/stm32f4xx_hal_tim_ex.c ****   TIM_OC_InitTypeDef OC_Config;
 283              		.loc 1 139 1 is_stmt 1 view -0
 284              		.cfi_startproc
 285              		@ args = 0, pretend = 0, frame = 32
 286              		@ frame_needed = 0, uses_anonymous_args = 0
 140:Drivers/STM32F4xx_HAL_Driver/Src/stm32f4xx_hal_tim_ex.c **** 
 287              		.loc 1 140 3 view .LVU82
 143:Drivers/STM32F4xx_HAL_Driver/Src/stm32f4xx_hal_tim_ex.c ****   {
 288              		.loc 1 143 3 view .LVU83
 143:Drivers/STM32F4xx_HAL_Driver/Src/stm32f4xx_hal_tim_ex.c ****   {
 289              		.loc 1 143 6 is_stmt 0 view .LVU84
 290 0000 0028     		cmp	r0, #0
 291 0002 65D0     		beq	.L22
 139:Drivers/STM32F4xx_HAL_Driver/Src/stm32f4xx_hal_tim_ex.c ****   TIM_OC_InitTypeDef OC_Config;
 292              		.loc 1 139 1 view .LVU85
 293 0004 70B5     		push	{r4, r5, r6, lr}
 294              	.LCFI2:
 295              		.cfi_def_cfa_offset 16
 296              		.cfi_offset 4, -16
 297              		.cfi_offset 5, -12
 298              		.cfi_offset 6, -8
 299              		.cfi_offset 14, -4
 300 0006 88B0     		sub	sp, sp, #32
 301              	.LCFI3:
 302              		.cfi_def_cfa_offset 48
 303 0008 0E46     		mov	r6, r1
 304 000a 0446     		mov	r4, r0
 149:Drivers/STM32F4xx_HAL_Driver/Src/stm32f4xx_hal_tim_ex.c ****   assert_param(IS_TIM_COUNTER_MODE(htim->Init.CounterMode));
 305              		.loc 1 149 3 is_stmt 1 view .LVU86
 150:Drivers/STM32F4xx_HAL_Driver/Src/stm32f4xx_hal_tim_ex.c ****   assert_param(IS_TIM_CLOCKDIVISION_DIV(htim->Init.ClockDivision));
 306              		.loc 1 150 3 view .LVU87
 151:Drivers/STM32F4xx_HAL_Driver/Src/stm32f4xx_hal_tim_ex.c ****   assert_param(IS_TIM_AUTORELOAD_PRELOAD(htim->Init.AutoReloadPreload));
 307              		.loc 1 151 3 view .LVU88
 152:Drivers/STM32F4xx_HAL_Driver/Src/stm32f4xx_hal_tim_ex.c ****   assert_param(IS_TIM_IC_POLARITY(sConfig->IC1Polarity));
 308              		.loc 1 152 3 view .LVU89
 153:Drivers/STM32F4xx_HAL_Driver/Src/stm32f4xx_hal_tim_ex.c ****   assert_param(IS_TIM_PERIOD(htim, htim->Init.Period));
 309              		.loc 1 153 3 view .LVU90
 154:Drivers/STM32F4xx_HAL_Driver/Src/stm32f4xx_hal_tim_ex.c ****   assert_param(IS_TIM_IC_PRESCALER(sConfig->IC1Prescaler));
 310              		.loc 1 154 3 view .LVU91
 155:Drivers/STM32F4xx_HAL_Driver/Src/stm32f4xx_hal_tim_ex.c ****   assert_param(IS_TIM_IC_FILTER(sConfig->IC1Filter));
 311              		.loc 1 155 3 view .LVU92
 156:Drivers/STM32F4xx_HAL_Driver/Src/stm32f4xx_hal_tim_ex.c **** 
 312              		.loc 1 156 3 view .LVU93
 158:Drivers/STM32F4xx_HAL_Driver/Src/stm32f4xx_hal_tim_ex.c ****   {
 313              		.loc 1 158 3 view .LVU94
 158:Drivers/STM32F4xx_HAL_Driver/Src/stm32f4xx_hal_tim_ex.c ****   {
 314              		.loc 1 158 11 is_stmt 0 view .LVU95
 315 000c 90F83D30 		ldrb	r3, [r0, #61]	@ zero_extendqisi2
 158:Drivers/STM32F4xx_HAL_Driver/Src/stm32f4xx_hal_tim_ex.c ****   {
 316              		.loc 1 158 6 view .LVU96
 317 0010 002B     		cmp	r3, #0
 318 0012 58D0     		beq	.L27
 319              	.LVL16:
 320              	.L21:
ARM GAS  C:\Users\pablo\AppData\Local\Temp\ccRGdM61.s 			page 50


 180:Drivers/STM32F4xx_HAL_Driver/Src/stm32f4xx_hal_tim_ex.c **** 
 321              		.loc 1 180 3 is_stmt 1 view .LVU97
 180:Drivers/STM32F4xx_HAL_Driver/Src/stm32f4xx_hal_tim_ex.c **** 
 322              		.loc 1 180 15 is_stmt 0 view .LVU98
 323 0014 0223     		movs	r3, #2
 324 0016 84F83D30 		strb	r3, [r4, #61]
 183:Drivers/STM32F4xx_HAL_Driver/Src/stm32f4xx_hal_tim_ex.c **** 
 325              		.loc 1 183 3 is_stmt 1 view .LVU99
 183:Drivers/STM32F4xx_HAL_Driver/Src/stm32f4xx_hal_tim_ex.c **** 
 326              		.loc 1 183 38 is_stmt 0 view .LVU100
 327 001a 2146     		mov	r1, r4
 183:Drivers/STM32F4xx_HAL_Driver/Src/stm32f4xx_hal_tim_ex.c **** 
 328              		.loc 1 183 3 view .LVU101
 329 001c 51F8040B 		ldr	r0, [r1], #4
 330 0020 FFF7FEFF 		bl	TIM_Base_SetConfig
 331              	.LVL17:
 186:Drivers/STM32F4xx_HAL_Driver/Src/stm32f4xx_hal_tim_ex.c **** 
 332              		.loc 1 186 3 is_stmt 1 view .LVU102
 333 0024 B368     		ldr	r3, [r6, #8]
 334 0026 0322     		movs	r2, #3
 335 0028 3168     		ldr	r1, [r6]
 336 002a 2068     		ldr	r0, [r4]
 337 002c FFF7FEFF 		bl	TIM_TI1_SetConfig
 338              	.LVL18:
 189:Drivers/STM32F4xx_HAL_Driver/Src/stm32f4xx_hal_tim_ex.c ****   /* Set the IC1PSC value */
 339              		.loc 1 189 3 view .LVU103
 189:Drivers/STM32F4xx_HAL_Driver/Src/stm32f4xx_hal_tim_ex.c ****   /* Set the IC1PSC value */
 340              		.loc 1 189 7 is_stmt 0 view .LVU104
 341 0030 2268     		ldr	r2, [r4]
 189:Drivers/STM32F4xx_HAL_Driver/Src/stm32f4xx_hal_tim_ex.c ****   /* Set the IC1PSC value */
 342              		.loc 1 189 17 view .LVU105
 343 0032 9369     		ldr	r3, [r2, #24]
 189:Drivers/STM32F4xx_HAL_Driver/Src/stm32f4xx_hal_tim_ex.c ****   /* Set the IC1PSC value */
 344              		.loc 1 189 25 view .LVU106
 345 0034 23F00C03 		bic	r3, r3, #12
 346 0038 9361     		str	r3, [r2, #24]
 191:Drivers/STM32F4xx_HAL_Driver/Src/stm32f4xx_hal_tim_ex.c **** 
 347              		.loc 1 191 3 is_stmt 1 view .LVU107
 191:Drivers/STM32F4xx_HAL_Driver/Src/stm32f4xx_hal_tim_ex.c **** 
 348              		.loc 1 191 7 is_stmt 0 view .LVU108
 349 003a 2268     		ldr	r2, [r4]
 191:Drivers/STM32F4xx_HAL_Driver/Src/stm32f4xx_hal_tim_ex.c **** 
 350              		.loc 1 191 17 view .LVU109
 351 003c 9369     		ldr	r3, [r2, #24]
 191:Drivers/STM32F4xx_HAL_Driver/Src/stm32f4xx_hal_tim_ex.c **** 
 352              		.loc 1 191 35 view .LVU110
 353 003e 7168     		ldr	r1, [r6, #4]
 191:Drivers/STM32F4xx_HAL_Driver/Src/stm32f4xx_hal_tim_ex.c **** 
 354              		.loc 1 191 25 view .LVU111
 355 0040 0B43     		orrs	r3, r3, r1
 356 0042 9361     		str	r3, [r2, #24]
 194:Drivers/STM32F4xx_HAL_Driver/Src/stm32f4xx_hal_tim_ex.c **** 
 357              		.loc 1 194 3 is_stmt 1 view .LVU112
 194:Drivers/STM32F4xx_HAL_Driver/Src/stm32f4xx_hal_tim_ex.c **** 
 358              		.loc 1 194 7 is_stmt 0 view .LVU113
 359 0044 2268     		ldr	r2, [r4]
 194:Drivers/STM32F4xx_HAL_Driver/Src/stm32f4xx_hal_tim_ex.c **** 
ARM GAS  C:\Users\pablo\AppData\Local\Temp\ccRGdM61.s 			page 51


 360              		.loc 1 194 17 view .LVU114
 361 0046 5368     		ldr	r3, [r2, #4]
 194:Drivers/STM32F4xx_HAL_Driver/Src/stm32f4xx_hal_tim_ex.c **** 
 362              		.loc 1 194 23 view .LVU115
 363 0048 43F08003 		orr	r3, r3, #128
 364 004c 5360     		str	r3, [r2, #4]
 197:Drivers/STM32F4xx_HAL_Driver/Src/stm32f4xx_hal_tim_ex.c ****   htim->Instance->SMCR |= TIM_TS_TI1F_ED;
 365              		.loc 1 197 3 is_stmt 1 view .LVU116
 197:Drivers/STM32F4xx_HAL_Driver/Src/stm32f4xx_hal_tim_ex.c ****   htim->Instance->SMCR |= TIM_TS_TI1F_ED;
 366              		.loc 1 197 7 is_stmt 0 view .LVU117
 367 004e 2268     		ldr	r2, [r4]
 197:Drivers/STM32F4xx_HAL_Driver/Src/stm32f4xx_hal_tim_ex.c ****   htim->Instance->SMCR |= TIM_TS_TI1F_ED;
 368              		.loc 1 197 17 view .LVU118
 369 0050 9368     		ldr	r3, [r2, #8]
 197:Drivers/STM32F4xx_HAL_Driver/Src/stm32f4xx_hal_tim_ex.c ****   htim->Instance->SMCR |= TIM_TS_TI1F_ED;
 370              		.loc 1 197 24 view .LVU119
 371 0052 23F07003 		bic	r3, r3, #112
 372 0056 9360     		str	r3, [r2, #8]
 198:Drivers/STM32F4xx_HAL_Driver/Src/stm32f4xx_hal_tim_ex.c **** 
 373              		.loc 1 198 3 is_stmt 1 view .LVU120
 198:Drivers/STM32F4xx_HAL_Driver/Src/stm32f4xx_hal_tim_ex.c **** 
 374              		.loc 1 198 7 is_stmt 0 view .LVU121
 375 0058 2268     		ldr	r2, [r4]
 198:Drivers/STM32F4xx_HAL_Driver/Src/stm32f4xx_hal_tim_ex.c **** 
 376              		.loc 1 198 17 view .LVU122
 377 005a 9368     		ldr	r3, [r2, #8]
 198:Drivers/STM32F4xx_HAL_Driver/Src/stm32f4xx_hal_tim_ex.c **** 
 378              		.loc 1 198 24 view .LVU123
 379 005c 43F04003 		orr	r3, r3, #64
 380 0060 9360     		str	r3, [r2, #8]
 201:Drivers/STM32F4xx_HAL_Driver/Src/stm32f4xx_hal_tim_ex.c ****   htim->Instance->SMCR |= TIM_SLAVEMODE_RESET;
 381              		.loc 1 201 3 is_stmt 1 view .LVU124
 201:Drivers/STM32F4xx_HAL_Driver/Src/stm32f4xx_hal_tim_ex.c ****   htim->Instance->SMCR |= TIM_SLAVEMODE_RESET;
 382              		.loc 1 201 7 is_stmt 0 view .LVU125
 383 0062 2268     		ldr	r2, [r4]
 201:Drivers/STM32F4xx_HAL_Driver/Src/stm32f4xx_hal_tim_ex.c ****   htim->Instance->SMCR |= TIM_SLAVEMODE_RESET;
 384              		.loc 1 201 17 view .LVU126
 385 0064 9368     		ldr	r3, [r2, #8]
 201:Drivers/STM32F4xx_HAL_Driver/Src/stm32f4xx_hal_tim_ex.c ****   htim->Instance->SMCR |= TIM_SLAVEMODE_RESET;
 386              		.loc 1 201 24 view .LVU127
 387 0066 23F00703 		bic	r3, r3, #7
 388 006a 9360     		str	r3, [r2, #8]
 202:Drivers/STM32F4xx_HAL_Driver/Src/stm32f4xx_hal_tim_ex.c **** 
 389              		.loc 1 202 3 is_stmt 1 view .LVU128
 202:Drivers/STM32F4xx_HAL_Driver/Src/stm32f4xx_hal_tim_ex.c **** 
 390              		.loc 1 202 7 is_stmt 0 view .LVU129
 391 006c 2268     		ldr	r2, [r4]
 202:Drivers/STM32F4xx_HAL_Driver/Src/stm32f4xx_hal_tim_ex.c **** 
 392              		.loc 1 202 17 view .LVU130
 393 006e 9368     		ldr	r3, [r2, #8]
 202:Drivers/STM32F4xx_HAL_Driver/Src/stm32f4xx_hal_tim_ex.c **** 
 394              		.loc 1 202 24 view .LVU131
 395 0070 43F00403 		orr	r3, r3, #4
 396 0074 9360     		str	r3, [r2, #8]
 205:Drivers/STM32F4xx_HAL_Driver/Src/stm32f4xx_hal_tim_ex.c ****   OC_Config.OCIdleState = TIM_OCIDLESTATE_RESET;
 397              		.loc 1 205 3 is_stmt 1 view .LVU132
 205:Drivers/STM32F4xx_HAL_Driver/Src/stm32f4xx_hal_tim_ex.c ****   OC_Config.OCIdleState = TIM_OCIDLESTATE_RESET;
ARM GAS  C:\Users\pablo\AppData\Local\Temp\ccRGdM61.s 			page 52


 398              		.loc 1 205 24 is_stmt 0 view .LVU133
 399 0076 0025     		movs	r5, #0
 400 0078 0595     		str	r5, [sp, #20]
 206:Drivers/STM32F4xx_HAL_Driver/Src/stm32f4xx_hal_tim_ex.c ****   OC_Config.OCMode = TIM_OCMODE_PWM2;
 401              		.loc 1 206 3 is_stmt 1 view .LVU134
 206:Drivers/STM32F4xx_HAL_Driver/Src/stm32f4xx_hal_tim_ex.c ****   OC_Config.OCMode = TIM_OCMODE_PWM2;
 402              		.loc 1 206 25 is_stmt 0 view .LVU135
 403 007a 0695     		str	r5, [sp, #24]
 207:Drivers/STM32F4xx_HAL_Driver/Src/stm32f4xx_hal_tim_ex.c ****   OC_Config.OCNIdleState = TIM_OCNIDLESTATE_RESET;
 404              		.loc 1 207 3 is_stmt 1 view .LVU136
 207:Drivers/STM32F4xx_HAL_Driver/Src/stm32f4xx_hal_tim_ex.c ****   OC_Config.OCNIdleState = TIM_OCNIDLESTATE_RESET;
 405              		.loc 1 207 20 is_stmt 0 view .LVU137
 406 007c 7023     		movs	r3, #112
 407 007e 0193     		str	r3, [sp, #4]
 208:Drivers/STM32F4xx_HAL_Driver/Src/stm32f4xx_hal_tim_ex.c ****   OC_Config.OCNPolarity = TIM_OCNPOLARITY_HIGH;
 408              		.loc 1 208 3 is_stmt 1 view .LVU138
 208:Drivers/STM32F4xx_HAL_Driver/Src/stm32f4xx_hal_tim_ex.c ****   OC_Config.OCNPolarity = TIM_OCNPOLARITY_HIGH;
 409              		.loc 1 208 26 is_stmt 0 view .LVU139
 410 0080 0795     		str	r5, [sp, #28]
 209:Drivers/STM32F4xx_HAL_Driver/Src/stm32f4xx_hal_tim_ex.c ****   OC_Config.OCPolarity = TIM_OCPOLARITY_HIGH;
 411              		.loc 1 209 3 is_stmt 1 view .LVU140
 209:Drivers/STM32F4xx_HAL_Driver/Src/stm32f4xx_hal_tim_ex.c ****   OC_Config.OCPolarity = TIM_OCPOLARITY_HIGH;
 412              		.loc 1 209 25 is_stmt 0 view .LVU141
 413 0082 0495     		str	r5, [sp, #16]
 210:Drivers/STM32F4xx_HAL_Driver/Src/stm32f4xx_hal_tim_ex.c ****   OC_Config.Pulse = sConfig->Commutation_Delay;
 414              		.loc 1 210 3 is_stmt 1 view .LVU142
 210:Drivers/STM32F4xx_HAL_Driver/Src/stm32f4xx_hal_tim_ex.c ****   OC_Config.Pulse = sConfig->Commutation_Delay;
 415              		.loc 1 210 24 is_stmt 0 view .LVU143
 416 0084 0395     		str	r5, [sp, #12]
 211:Drivers/STM32F4xx_HAL_Driver/Src/stm32f4xx_hal_tim_ex.c **** 
 417              		.loc 1 211 3 is_stmt 1 view .LVU144
 211:Drivers/STM32F4xx_HAL_Driver/Src/stm32f4xx_hal_tim_ex.c **** 
 418              		.loc 1 211 28 is_stmt 0 view .LVU145
 419 0086 F368     		ldr	r3, [r6, #12]
 211:Drivers/STM32F4xx_HAL_Driver/Src/stm32f4xx_hal_tim_ex.c **** 
 420              		.loc 1 211 19 view .LVU146
 421 0088 0293     		str	r3, [sp, #8]
 213:Drivers/STM32F4xx_HAL_Driver/Src/stm32f4xx_hal_tim_ex.c **** 
 422              		.loc 1 213 3 is_stmt 1 view .LVU147
 423 008a 01A9     		add	r1, sp, #4
 424 008c 2068     		ldr	r0, [r4]
 425 008e FFF7FEFF 		bl	TIM_OC2_SetConfig
 426              	.LVL19:
 217:Drivers/STM32F4xx_HAL_Driver/Src/stm32f4xx_hal_tim_ex.c ****   htim->Instance->CR2 |= TIM_TRGO_OC2REF;
 427              		.loc 1 217 3 view .LVU148
 217:Drivers/STM32F4xx_HAL_Driver/Src/stm32f4xx_hal_tim_ex.c ****   htim->Instance->CR2 |= TIM_TRGO_OC2REF;
 428              		.loc 1 217 7 is_stmt 0 view .LVU149
 429 0092 2268     		ldr	r2, [r4]
 217:Drivers/STM32F4xx_HAL_Driver/Src/stm32f4xx_hal_tim_ex.c ****   htim->Instance->CR2 |= TIM_TRGO_OC2REF;
 430              		.loc 1 217 17 view .LVU150
 431 0094 5368     		ldr	r3, [r2, #4]
 217:Drivers/STM32F4xx_HAL_Driver/Src/stm32f4xx_hal_tim_ex.c ****   htim->Instance->CR2 |= TIM_TRGO_OC2REF;
 432              		.loc 1 217 23 view .LVU151
 433 0096 23F07003 		bic	r3, r3, #112
 434 009a 5360     		str	r3, [r2, #4]
 218:Drivers/STM32F4xx_HAL_Driver/Src/stm32f4xx_hal_tim_ex.c **** 
 435              		.loc 1 218 3 is_stmt 1 view .LVU152
ARM GAS  C:\Users\pablo\AppData\Local\Temp\ccRGdM61.s 			page 53


 218:Drivers/STM32F4xx_HAL_Driver/Src/stm32f4xx_hal_tim_ex.c **** 
 436              		.loc 1 218 7 is_stmt 0 view .LVU153
 437 009c 2268     		ldr	r2, [r4]
 218:Drivers/STM32F4xx_HAL_Driver/Src/stm32f4xx_hal_tim_ex.c **** 
 438              		.loc 1 218 17 view .LVU154
 439 009e 5368     		ldr	r3, [r2, #4]
 218:Drivers/STM32F4xx_HAL_Driver/Src/stm32f4xx_hal_tim_ex.c **** 
 440              		.loc 1 218 23 view .LVU155
 441 00a0 43F05003 		orr	r3, r3, #80
 442 00a4 5360     		str	r3, [r2, #4]
 221:Drivers/STM32F4xx_HAL_Driver/Src/stm32f4xx_hal_tim_ex.c **** 
 443              		.loc 1 221 3 is_stmt 1 view .LVU156
 221:Drivers/STM32F4xx_HAL_Driver/Src/stm32f4xx_hal_tim_ex.c **** 
 444              		.loc 1 221 23 is_stmt 0 view .LVU157
 445 00a6 0123     		movs	r3, #1
 446 00a8 84F84630 		strb	r3, [r4, #70]
 224:Drivers/STM32F4xx_HAL_Driver/Src/stm32f4xx_hal_tim_ex.c ****   TIM_CHANNEL_STATE_SET(htim, TIM_CHANNEL_2, HAL_TIM_CHANNEL_STATE_READY);
 447              		.loc 1 224 3 is_stmt 1 view .LVU158
 448 00ac 84F83E30 		strb	r3, [r4, #62]
 225:Drivers/STM32F4xx_HAL_Driver/Src/stm32f4xx_hal_tim_ex.c ****   TIM_CHANNEL_N_STATE_SET(htim, TIM_CHANNEL_1, HAL_TIM_CHANNEL_STATE_READY);
 449              		.loc 1 225 3 view .LVU159
 450 00b0 84F83F30 		strb	r3, [r4, #63]
 226:Drivers/STM32F4xx_HAL_Driver/Src/stm32f4xx_hal_tim_ex.c ****   TIM_CHANNEL_N_STATE_SET(htim, TIM_CHANNEL_2, HAL_TIM_CHANNEL_STATE_READY);
 451              		.loc 1 226 3 view .LVU160
 452 00b4 84F84230 		strb	r3, [r4, #66]
 227:Drivers/STM32F4xx_HAL_Driver/Src/stm32f4xx_hal_tim_ex.c **** 
 453              		.loc 1 227 3 view .LVU161
 454 00b8 84F84330 		strb	r3, [r4, #67]
 230:Drivers/STM32F4xx_HAL_Driver/Src/stm32f4xx_hal_tim_ex.c **** 
 455              		.loc 1 230 3 view .LVU162
 230:Drivers/STM32F4xx_HAL_Driver/Src/stm32f4xx_hal_tim_ex.c **** 
 456              		.loc 1 230 15 is_stmt 0 view .LVU163
 457 00bc 84F83D30 		strb	r3, [r4, #61]
 232:Drivers/STM32F4xx_HAL_Driver/Src/stm32f4xx_hal_tim_ex.c **** }
 458              		.loc 1 232 3 is_stmt 1 view .LVU164
 232:Drivers/STM32F4xx_HAL_Driver/Src/stm32f4xx_hal_tim_ex.c **** }
 459              		.loc 1 232 10 is_stmt 0 view .LVU165
 460 00c0 2846     		mov	r0, r5
 233:Drivers/STM32F4xx_HAL_Driver/Src/stm32f4xx_hal_tim_ex.c **** 
 461              		.loc 1 233 1 view .LVU166
 462 00c2 08B0     		add	sp, sp, #32
 463              	.LCFI4:
 464              		.cfi_remember_state
 465              		.cfi_def_cfa_offset 16
 466              		@ sp needed
 467 00c4 70BD     		pop	{r4, r5, r6, pc}
 468              	.LVL20:
 469              	.L27:
 470              	.LCFI5:
 471              		.cfi_restore_state
 161:Drivers/STM32F4xx_HAL_Driver/Src/stm32f4xx_hal_tim_ex.c **** 
 472              		.loc 1 161 5 is_stmt 1 view .LVU167
 161:Drivers/STM32F4xx_HAL_Driver/Src/stm32f4xx_hal_tim_ex.c **** 
 473              		.loc 1 161 16 is_stmt 0 view .LVU168
 474 00c6 80F83C30 		strb	r3, [r0, #60]
 175:Drivers/STM32F4xx_HAL_Driver/Src/stm32f4xx_hal_tim_ex.c **** #endif /* USE_HAL_TIM_REGISTER_CALLBACKS */
 475              		.loc 1 175 5 is_stmt 1 view .LVU169
ARM GAS  C:\Users\pablo\AppData\Local\Temp\ccRGdM61.s 			page 54


 476 00ca FFF7FEFF 		bl	HAL_TIMEx_HallSensor_MspInit
 477              	.LVL21:
 175:Drivers/STM32F4xx_HAL_Driver/Src/stm32f4xx_hal_tim_ex.c **** #endif /* USE_HAL_TIM_REGISTER_CALLBACKS */
 478              		.loc 1 175 5 is_stmt 0 view .LVU170
 479 00ce A1E7     		b	.L21
 480              	.LVL22:
 481              	.L22:
 482              	.LCFI6:
 483              		.cfi_def_cfa_offset 0
 484              		.cfi_restore 4
 485              		.cfi_restore 5
 486              		.cfi_restore 6
 487              		.cfi_restore 14
 145:Drivers/STM32F4xx_HAL_Driver/Src/stm32f4xx_hal_tim_ex.c ****   }
 488              		.loc 1 145 12 view .LVU171
 489 00d0 0120     		movs	r0, #1
 490              	.LVL23:
 233:Drivers/STM32F4xx_HAL_Driver/Src/stm32f4xx_hal_tim_ex.c **** 
 491              		.loc 1 233 1 view .LVU172
 492 00d2 7047     		bx	lr
 493              		.cfi_endproc
 494              	.LFE134:
 496              		.section	.text.HAL_TIMEx_HallSensor_MspDeInit,"ax",%progbits
 497              		.align	1
 498              		.weak	HAL_TIMEx_HallSensor_MspDeInit
 499              		.syntax unified
 500              		.thumb
 501              		.thumb_func
 503              	HAL_TIMEx_HallSensor_MspDeInit:
 504              	.LVL24:
 505              	.LFB137:
 301:Drivers/STM32F4xx_HAL_Driver/Src/stm32f4xx_hal_tim_ex.c ****   /* Prevent unused argument(s) compilation warning */
 506              		.loc 1 301 1 is_stmt 1 view -0
 507              		.cfi_startproc
 508              		@ args = 0, pretend = 0, frame = 0
 509              		@ frame_needed = 0, uses_anonymous_args = 0
 510              		@ link register save eliminated.
 303:Drivers/STM32F4xx_HAL_Driver/Src/stm32f4xx_hal_tim_ex.c **** 
 511              		.loc 1 303 3 view .LVU174
 308:Drivers/STM32F4xx_HAL_Driver/Src/stm32f4xx_hal_tim_ex.c **** 
 512              		.loc 1 308 1 is_stmt 0 view .LVU175
 513 0000 7047     		bx	lr
 514              		.cfi_endproc
 515              	.LFE137:
 517              		.section	.text.HAL_TIMEx_HallSensor_DeInit,"ax",%progbits
 518              		.align	1
 519              		.global	HAL_TIMEx_HallSensor_DeInit
 520              		.syntax unified
 521              		.thumb
 522              		.thumb_func
 524              	HAL_TIMEx_HallSensor_DeInit:
 525              	.LVL25:
 526              	.LFB135:
 241:Drivers/STM32F4xx_HAL_Driver/Src/stm32f4xx_hal_tim_ex.c ****   /* Check the parameters */
 527              		.loc 1 241 1 is_stmt 1 view -0
 528              		.cfi_startproc
 529              		@ args = 0, pretend = 0, frame = 0
ARM GAS  C:\Users\pablo\AppData\Local\Temp\ccRGdM61.s 			page 55


 530              		@ frame_needed = 0, uses_anonymous_args = 0
 241:Drivers/STM32F4xx_HAL_Driver/Src/stm32f4xx_hal_tim_ex.c ****   /* Check the parameters */
 531              		.loc 1 241 1 is_stmt 0 view .LVU177
 532 0000 10B5     		push	{r4, lr}
 533              	.LCFI7:
 534              		.cfi_def_cfa_offset 8
 535              		.cfi_offset 4, -8
 536              		.cfi_offset 14, -4
 537 0002 0446     		mov	r4, r0
 243:Drivers/STM32F4xx_HAL_Driver/Src/stm32f4xx_hal_tim_ex.c **** 
 538              		.loc 1 243 3 is_stmt 1 view .LVU178
 245:Drivers/STM32F4xx_HAL_Driver/Src/stm32f4xx_hal_tim_ex.c **** 
 539              		.loc 1 245 3 view .LVU179
 245:Drivers/STM32F4xx_HAL_Driver/Src/stm32f4xx_hal_tim_ex.c **** 
 540              		.loc 1 245 15 is_stmt 0 view .LVU180
 541 0004 0223     		movs	r3, #2
 542 0006 80F83D30 		strb	r3, [r0, #61]
 248:Drivers/STM32F4xx_HAL_Driver/Src/stm32f4xx_hal_tim_ex.c **** 
 543              		.loc 1 248 3 is_stmt 1 view .LVU181
 248:Drivers/STM32F4xx_HAL_Driver/Src/stm32f4xx_hal_tim_ex.c **** 
 544              		.loc 1 248 3 view .LVU182
 545 000a 0368     		ldr	r3, [r0]
 546 000c 196A     		ldr	r1, [r3, #32]
 547 000e 41F21112 		movw	r2, #4369
 548 0012 1142     		tst	r1, r2
 549 0014 08D1     		bne	.L30
 248:Drivers/STM32F4xx_HAL_Driver/Src/stm32f4xx_hal_tim_ex.c **** 
 550              		.loc 1 248 3 discriminator 1 view .LVU183
 551 0016 196A     		ldr	r1, [r3, #32]
 552 0018 40F24442 		movw	r2, #1092
 553 001c 1142     		tst	r1, r2
 554 001e 03D1     		bne	.L30
 248:Drivers/STM32F4xx_HAL_Driver/Src/stm32f4xx_hal_tim_ex.c **** 
 555              		.loc 1 248 3 discriminator 3 view .LVU184
 556 0020 1A68     		ldr	r2, [r3]
 557 0022 22F00102 		bic	r2, r2, #1
 558 0026 1A60     		str	r2, [r3]
 559              	.L30:
 248:Drivers/STM32F4xx_HAL_Driver/Src/stm32f4xx_hal_tim_ex.c **** 
 560              		.loc 1 248 3 discriminator 5 view .LVU185
 259:Drivers/STM32F4xx_HAL_Driver/Src/stm32f4xx_hal_tim_ex.c **** #endif /* USE_HAL_TIM_REGISTER_CALLBACKS */
 561              		.loc 1 259 3 view .LVU186
 562 0028 2046     		mov	r0, r4
 563              	.LVL26:
 259:Drivers/STM32F4xx_HAL_Driver/Src/stm32f4xx_hal_tim_ex.c **** #endif /* USE_HAL_TIM_REGISTER_CALLBACKS */
 564              		.loc 1 259 3 is_stmt 0 view .LVU187
 565 002a FFF7FEFF 		bl	HAL_TIMEx_HallSensor_MspDeInit
 566              	.LVL27:
 263:Drivers/STM32F4xx_HAL_Driver/Src/stm32f4xx_hal_tim_ex.c **** 
 567              		.loc 1 263 3 is_stmt 1 view .LVU188
 263:Drivers/STM32F4xx_HAL_Driver/Src/stm32f4xx_hal_tim_ex.c **** 
 568              		.loc 1 263 23 is_stmt 0 view .LVU189
 569 002e 0020     		movs	r0, #0
 570 0030 84F84600 		strb	r0, [r4, #70]
 266:Drivers/STM32F4xx_HAL_Driver/Src/stm32f4xx_hal_tim_ex.c ****   TIM_CHANNEL_STATE_SET(htim, TIM_CHANNEL_2, HAL_TIM_CHANNEL_STATE_RESET);
 571              		.loc 1 266 3 is_stmt 1 view .LVU190
 572 0034 84F83E00 		strb	r0, [r4, #62]
ARM GAS  C:\Users\pablo\AppData\Local\Temp\ccRGdM61.s 			page 56


 267:Drivers/STM32F4xx_HAL_Driver/Src/stm32f4xx_hal_tim_ex.c ****   TIM_CHANNEL_N_STATE_SET(htim, TIM_CHANNEL_1, HAL_TIM_CHANNEL_STATE_RESET);
 573              		.loc 1 267 3 view .LVU191
 574 0038 84F83F00 		strb	r0, [r4, #63]
 268:Drivers/STM32F4xx_HAL_Driver/Src/stm32f4xx_hal_tim_ex.c ****   TIM_CHANNEL_N_STATE_SET(htim, TIM_CHANNEL_2, HAL_TIM_CHANNEL_STATE_RESET);
 575              		.loc 1 268 3 view .LVU192
 576 003c 84F84200 		strb	r0, [r4, #66]
 269:Drivers/STM32F4xx_HAL_Driver/Src/stm32f4xx_hal_tim_ex.c **** 
 577              		.loc 1 269 3 view .LVU193
 578 0040 84F84300 		strb	r0, [r4, #67]
 272:Drivers/STM32F4xx_HAL_Driver/Src/stm32f4xx_hal_tim_ex.c **** 
 579              		.loc 1 272 3 view .LVU194
 272:Drivers/STM32F4xx_HAL_Driver/Src/stm32f4xx_hal_tim_ex.c **** 
 580              		.loc 1 272 15 is_stmt 0 view .LVU195
 581 0044 84F83D00 		strb	r0, [r4, #61]
 275:Drivers/STM32F4xx_HAL_Driver/Src/stm32f4xx_hal_tim_ex.c **** 
 582              		.loc 1 275 3 is_stmt 1 view .LVU196
 275:Drivers/STM32F4xx_HAL_Driver/Src/stm32f4xx_hal_tim_ex.c **** 
 583              		.loc 1 275 3 view .LVU197
 584 0048 84F83C00 		strb	r0, [r4, #60]
 275:Drivers/STM32F4xx_HAL_Driver/Src/stm32f4xx_hal_tim_ex.c **** 
 585              		.loc 1 275 3 view .LVU198
 277:Drivers/STM32F4xx_HAL_Driver/Src/stm32f4xx_hal_tim_ex.c **** }
 586              		.loc 1 277 3 view .LVU199
 278:Drivers/STM32F4xx_HAL_Driver/Src/stm32f4xx_hal_tim_ex.c **** 
 587              		.loc 1 278 1 is_stmt 0 view .LVU200
 588 004c 10BD     		pop	{r4, pc}
 278:Drivers/STM32F4xx_HAL_Driver/Src/stm32f4xx_hal_tim_ex.c **** 
 589              		.loc 1 278 1 view .LVU201
 590              		.cfi_endproc
 591              	.LFE135:
 593              		.section	.text.HAL_TIMEx_HallSensor_Start,"ax",%progbits
 594              		.align	1
 595              		.global	HAL_TIMEx_HallSensor_Start
 596              		.syntax unified
 597              		.thumb
 598              		.thumb_func
 600              	HAL_TIMEx_HallSensor_Start:
 601              	.LVL28:
 602              	.LFB138:
 316:Drivers/STM32F4xx_HAL_Driver/Src/stm32f4xx_hal_tim_ex.c ****   uint32_t tmpsmcr;
 603              		.loc 1 316 1 is_stmt 1 view -0
 604              		.cfi_startproc
 605              		@ args = 0, pretend = 0, frame = 0
 606              		@ frame_needed = 0, uses_anonymous_args = 0
 316:Drivers/STM32F4xx_HAL_Driver/Src/stm32f4xx_hal_tim_ex.c ****   uint32_t tmpsmcr;
 607              		.loc 1 316 1 is_stmt 0 view .LVU203
 608 0000 10B5     		push	{r4, lr}
 609              	.LCFI8:
 610              		.cfi_def_cfa_offset 8
 611              		.cfi_offset 4, -8
 612              		.cfi_offset 14, -4
 613 0002 0446     		mov	r4, r0
 317:Drivers/STM32F4xx_HAL_Driver/Src/stm32f4xx_hal_tim_ex.c ****   HAL_TIM_ChannelStateTypeDef channel_1_state = TIM_CHANNEL_STATE_GET(htim, TIM_CHANNEL_1);
 614              		.loc 1 317 3 is_stmt 1 view .LVU204
 318:Drivers/STM32F4xx_HAL_Driver/Src/stm32f4xx_hal_tim_ex.c ****   HAL_TIM_ChannelStateTypeDef channel_2_state = TIM_CHANNEL_STATE_GET(htim, TIM_CHANNEL_2);
 615              		.loc 1 318 3 view .LVU205
 318:Drivers/STM32F4xx_HAL_Driver/Src/stm32f4xx_hal_tim_ex.c ****   HAL_TIM_ChannelStateTypeDef channel_2_state = TIM_CHANNEL_STATE_GET(htim, TIM_CHANNEL_2);
ARM GAS  C:\Users\pablo\AppData\Local\Temp\ccRGdM61.s 			page 57


 616              		.loc 1 318 31 is_stmt 0 view .LVU206
 617 0004 90F83EC0 		ldrb	ip, [r0, #62]	@ zero_extendqisi2
 618              	.LVL29:
 319:Drivers/STM32F4xx_HAL_Driver/Src/stm32f4xx_hal_tim_ex.c ****   HAL_TIM_ChannelStateTypeDef complementary_channel_1_state = TIM_CHANNEL_N_STATE_GET(htim, TIM_CHA
 619              		.loc 1 319 3 is_stmt 1 view .LVU207
 319:Drivers/STM32F4xx_HAL_Driver/Src/stm32f4xx_hal_tim_ex.c ****   HAL_TIM_ChannelStateTypeDef complementary_channel_1_state = TIM_CHANNEL_N_STATE_GET(htim, TIM_CHA
 620              		.loc 1 319 31 is_stmt 0 view .LVU208
 621 0008 90F83F30 		ldrb	r3, [r0, #63]	@ zero_extendqisi2
 622              	.LVL30:
 320:Drivers/STM32F4xx_HAL_Driver/Src/stm32f4xx_hal_tim_ex.c ****   HAL_TIM_ChannelStateTypeDef complementary_channel_2_state = TIM_CHANNEL_N_STATE_GET(htim, TIM_CHA
 623              		.loc 1 320 3 is_stmt 1 view .LVU209
 320:Drivers/STM32F4xx_HAL_Driver/Src/stm32f4xx_hal_tim_ex.c ****   HAL_TIM_ChannelStateTypeDef complementary_channel_2_state = TIM_CHANNEL_N_STATE_GET(htim, TIM_CHA
 624              		.loc 1 320 31 is_stmt 0 view .LVU210
 625 000c 90F84220 		ldrb	r2, [r0, #66]	@ zero_extendqisi2
 626              	.LVL31:
 321:Drivers/STM32F4xx_HAL_Driver/Src/stm32f4xx_hal_tim_ex.c **** 
 627              		.loc 1 321 3 is_stmt 1 view .LVU211
 321:Drivers/STM32F4xx_HAL_Driver/Src/stm32f4xx_hal_tim_ex.c **** 
 628              		.loc 1 321 31 is_stmt 0 view .LVU212
 629 0010 90F84310 		ldrb	r1, [r0, #67]	@ zero_extendqisi2
 630              	.LVL32:
 324:Drivers/STM32F4xx_HAL_Driver/Src/stm32f4xx_hal_tim_ex.c **** 
 631              		.loc 1 324 3 is_stmt 1 view .LVU213
 327:Drivers/STM32F4xx_HAL_Driver/Src/stm32f4xx_hal_tim_ex.c ****       || (channel_2_state != HAL_TIM_CHANNEL_STATE_READY)
 632              		.loc 1 327 3 view .LVU214
 327:Drivers/STM32F4xx_HAL_Driver/Src/stm32f4xx_hal_tim_ex.c ****       || (channel_2_state != HAL_TIM_CHANNEL_STATE_READY)
 633              		.loc 1 327 6 is_stmt 0 view .LVU215
 634 0014 BCF1010F 		cmp	ip, #1
 635 0018 41D1     		bne	.L36
 636 001a 5FFA8CF0 		uxtb	r0, ip
 637              	.LVL33:
 327:Drivers/STM32F4xx_HAL_Driver/Src/stm32f4xx_hal_tim_ex.c ****       || (channel_2_state != HAL_TIM_CHANNEL_STATE_READY)
 638              		.loc 1 327 6 view .LVU216
 639 001e DBB2     		uxtb	r3, r3
 327:Drivers/STM32F4xx_HAL_Driver/Src/stm32f4xx_hal_tim_ex.c ****       || (channel_2_state != HAL_TIM_CHANNEL_STATE_READY)
 640              		.loc 1 327 6 view .LVU217
 641 0020 D2B2     		uxtb	r2, r2
 327:Drivers/STM32F4xx_HAL_Driver/Src/stm32f4xx_hal_tim_ex.c ****       || (channel_2_state != HAL_TIM_CHANNEL_STATE_READY)
 642              		.loc 1 327 6 view .LVU218
 643 0022 C9B2     		uxtb	r1, r1
 328:Drivers/STM32F4xx_HAL_Driver/Src/stm32f4xx_hal_tim_ex.c ****       || (complementary_channel_1_state != HAL_TIM_CHANNEL_STATE_READY)
 644              		.loc 1 328 7 view .LVU219
 645 0024 012B     		cmp	r3, #1
 646 0026 3BD1     		bne	.L33
 329:Drivers/STM32F4xx_HAL_Driver/Src/stm32f4xx_hal_tim_ex.c ****       || (complementary_channel_2_state != HAL_TIM_CHANNEL_STATE_READY))
 647              		.loc 1 329 7 view .LVU220
 648 0028 012A     		cmp	r2, #1
 649 002a 3AD1     		bne	.L37
 330:Drivers/STM32F4xx_HAL_Driver/Src/stm32f4xx_hal_tim_ex.c ****   {
 650              		.loc 1 330 7 view .LVU221
 651 002c 0129     		cmp	r1, #1
 652 002e 01D0     		beq	.L41
 332:Drivers/STM32F4xx_HAL_Driver/Src/stm32f4xx_hal_tim_ex.c ****   }
 653              		.loc 1 332 12 view .LVU222
 654 0030 1046     		mov	r0, r2
 655 0032 35E0     		b	.L33
 656              	.L41:
ARM GAS  C:\Users\pablo\AppData\Local\Temp\ccRGdM61.s 			page 58


 336:Drivers/STM32F4xx_HAL_Driver/Src/stm32f4xx_hal_tim_ex.c ****   TIM_CHANNEL_STATE_SET(htim, TIM_CHANNEL_2, HAL_TIM_CHANNEL_STATE_BUSY);
 657              		.loc 1 336 3 is_stmt 1 view .LVU223
 658 0034 0223     		movs	r3, #2
 659              	.LVL34:
 336:Drivers/STM32F4xx_HAL_Driver/Src/stm32f4xx_hal_tim_ex.c ****   TIM_CHANNEL_STATE_SET(htim, TIM_CHANNEL_2, HAL_TIM_CHANNEL_STATE_BUSY);
 660              		.loc 1 336 3 is_stmt 0 view .LVU224
 661 0036 84F83E30 		strb	r3, [r4, #62]
 337:Drivers/STM32F4xx_HAL_Driver/Src/stm32f4xx_hal_tim_ex.c ****   TIM_CHANNEL_N_STATE_SET(htim, TIM_CHANNEL_1, HAL_TIM_CHANNEL_STATE_BUSY);
 662              		.loc 1 337 3 is_stmt 1 view .LVU225
 663 003a 84F83F30 		strb	r3, [r4, #63]
 338:Drivers/STM32F4xx_HAL_Driver/Src/stm32f4xx_hal_tim_ex.c ****   TIM_CHANNEL_N_STATE_SET(htim, TIM_CHANNEL_2, HAL_TIM_CHANNEL_STATE_BUSY);
 664              		.loc 1 338 3 view .LVU226
 665 003e 84F84230 		strb	r3, [r4, #66]
 339:Drivers/STM32F4xx_HAL_Driver/Src/stm32f4xx_hal_tim_ex.c **** 
 666              		.loc 1 339 3 view .LVU227
 667 0042 84F84330 		strb	r3, [r4, #67]
 344:Drivers/STM32F4xx_HAL_Driver/Src/stm32f4xx_hal_tim_ex.c **** 
 668              		.loc 1 344 3 view .LVU228
 669 0046 0021     		movs	r1, #0
 670              	.LVL35:
 344:Drivers/STM32F4xx_HAL_Driver/Src/stm32f4xx_hal_tim_ex.c **** 
 671              		.loc 1 344 3 is_stmt 0 view .LVU229
 672 0048 2068     		ldr	r0, [r4]
 673 004a FFF7FEFF 		bl	TIM_CCxChannelCmd
 674              	.LVL36:
 347:Drivers/STM32F4xx_HAL_Driver/Src/stm32f4xx_hal_tim_ex.c ****   {
 675              		.loc 1 347 3 is_stmt 1 view .LVU230
 347:Drivers/STM32F4xx_HAL_Driver/Src/stm32f4xx_hal_tim_ex.c ****   {
 676              		.loc 1 347 7 is_stmt 0 view .LVU231
 677 004e 2368     		ldr	r3, [r4]
 347:Drivers/STM32F4xx_HAL_Driver/Src/stm32f4xx_hal_tim_ex.c ****   {
 678              		.loc 1 347 6 view .LVU232
 679 0050 164A     		ldr	r2, .L42
 680 0052 9342     		cmp	r3, r2
 681 0054 18D0     		beq	.L34
 347:Drivers/STM32F4xx_HAL_Driver/Src/stm32f4xx_hal_tim_ex.c ****   {
 682              		.loc 1 347 7 discriminator 1 view .LVU233
 683 0056 B3F1804F 		cmp	r3, #1073741824
 684 005a 15D0     		beq	.L34
 347:Drivers/STM32F4xx_HAL_Driver/Src/stm32f4xx_hal_tim_ex.c ****   {
 685              		.loc 1 347 7 discriminator 2 view .LVU234
 686 005c A2F57C42 		sub	r2, r2, #64512
 687 0060 9342     		cmp	r3, r2
 688 0062 11D0     		beq	.L34
 347:Drivers/STM32F4xx_HAL_Driver/Src/stm32f4xx_hal_tim_ex.c ****   {
 689              		.loc 1 347 7 discriminator 3 view .LVU235
 690 0064 02F58062 		add	r2, r2, #1024
 691 0068 9342     		cmp	r3, r2
 692 006a 0DD0     		beq	.L34
 347:Drivers/STM32F4xx_HAL_Driver/Src/stm32f4xx_hal_tim_ex.c ****   {
 693              		.loc 1 347 7 discriminator 4 view .LVU236
 694 006c 02F58062 		add	r2, r2, #1024
 695 0070 9342     		cmp	r3, r2
 696 0072 09D0     		beq	.L34
 347:Drivers/STM32F4xx_HAL_Driver/Src/stm32f4xx_hal_tim_ex.c ****   {
 697              		.loc 1 347 7 discriminator 5 view .LVU237
 698 0074 02F59A32 		add	r2, r2, #78848
ARM GAS  C:\Users\pablo\AppData\Local\Temp\ccRGdM61.s 			page 59


 699 0078 9342     		cmp	r3, r2
 700 007a 05D0     		beq	.L34
 357:Drivers/STM32F4xx_HAL_Driver/Src/stm32f4xx_hal_tim_ex.c ****   }
 701              		.loc 1 357 5 is_stmt 1 view .LVU238
 702 007c 1A68     		ldr	r2, [r3]
 703 007e 42F00102 		orr	r2, r2, #1
 704 0082 1A60     		str	r2, [r3]
 361:Drivers/STM32F4xx_HAL_Driver/Src/stm32f4xx_hal_tim_ex.c **** }
 705              		.loc 1 361 10 is_stmt 0 view .LVU239
 706 0084 0020     		movs	r0, #0
 707 0086 0BE0     		b	.L33
 708              	.L34:
 349:Drivers/STM32F4xx_HAL_Driver/Src/stm32f4xx_hal_tim_ex.c ****     if (!IS_TIM_SLAVEMODE_TRIGGER_ENABLED(tmpsmcr))
 709              		.loc 1 349 5 is_stmt 1 view .LVU240
 349:Drivers/STM32F4xx_HAL_Driver/Src/stm32f4xx_hal_tim_ex.c ****     if (!IS_TIM_SLAVEMODE_TRIGGER_ENABLED(tmpsmcr))
 710              		.loc 1 349 29 is_stmt 0 view .LVU241
 711 0088 9A68     		ldr	r2, [r3, #8]
 349:Drivers/STM32F4xx_HAL_Driver/Src/stm32f4xx_hal_tim_ex.c ****     if (!IS_TIM_SLAVEMODE_TRIGGER_ENABLED(tmpsmcr))
 712              		.loc 1 349 13 view .LVU242
 713 008a 02F00702 		and	r2, r2, #7
 714              	.LVL37:
 350:Drivers/STM32F4xx_HAL_Driver/Src/stm32f4xx_hal_tim_ex.c ****     {
 715              		.loc 1 350 5 is_stmt 1 view .LVU243
 350:Drivers/STM32F4xx_HAL_Driver/Src/stm32f4xx_hal_tim_ex.c ****     {
 716              		.loc 1 350 8 is_stmt 0 view .LVU244
 717 008e 062A     		cmp	r2, #6
 718 0090 09D0     		beq	.L39
 352:Drivers/STM32F4xx_HAL_Driver/Src/stm32f4xx_hal_tim_ex.c ****     }
 719              		.loc 1 352 7 is_stmt 1 view .LVU245
 720 0092 1A68     		ldr	r2, [r3]
 721              	.LVL38:
 352:Drivers/STM32F4xx_HAL_Driver/Src/stm32f4xx_hal_tim_ex.c ****     }
 722              		.loc 1 352 7 is_stmt 0 view .LVU246
 723 0094 42F00102 		orr	r2, r2, #1
 724 0098 1A60     		str	r2, [r3]
 361:Drivers/STM32F4xx_HAL_Driver/Src/stm32f4xx_hal_tim_ex.c **** }
 725              		.loc 1 361 10 view .LVU247
 726 009a 0020     		movs	r0, #0
 727 009c 00E0     		b	.L33
 728              	.LVL39:
 729              	.L36:
 332:Drivers/STM32F4xx_HAL_Driver/Src/stm32f4xx_hal_tim_ex.c ****   }
 730              		.loc 1 332 12 view .LVU248
 731 009e 0120     		movs	r0, #1
 732              	.LVL40:
 733              	.L33:
 362:Drivers/STM32F4xx_HAL_Driver/Src/stm32f4xx_hal_tim_ex.c **** 
 734              		.loc 1 362 1 view .LVU249
 735 00a0 10BD     		pop	{r4, pc}
 736              	.LVL41:
 737              	.L37:
 332:Drivers/STM32F4xx_HAL_Driver/Src/stm32f4xx_hal_tim_ex.c ****   }
 738              		.loc 1 332 12 view .LVU250
 739 00a2 1846     		mov	r0, r3
 740 00a4 FCE7     		b	.L33
 741              	.LVL42:
 742              	.L39:
ARM GAS  C:\Users\pablo\AppData\Local\Temp\ccRGdM61.s 			page 60


 361:Drivers/STM32F4xx_HAL_Driver/Src/stm32f4xx_hal_tim_ex.c **** }
 743              		.loc 1 361 10 view .LVU251
 744 00a6 0020     		movs	r0, #0
 745 00a8 FAE7     		b	.L33
 746              	.L43:
 747 00aa 00BF     		.align	2
 748              	.L42:
 749 00ac 00000140 		.word	1073807360
 750              		.cfi_endproc
 751              	.LFE138:
 753              		.section	.text.HAL_TIMEx_HallSensor_Stop,"ax",%progbits
 754              		.align	1
 755              		.global	HAL_TIMEx_HallSensor_Stop
 756              		.syntax unified
 757              		.thumb
 758              		.thumb_func
 760              	HAL_TIMEx_HallSensor_Stop:
 761              	.LVL43:
 762              	.LFB139:
 370:Drivers/STM32F4xx_HAL_Driver/Src/stm32f4xx_hal_tim_ex.c ****   /* Check the parameters */
 763              		.loc 1 370 1 is_stmt 1 view -0
 764              		.cfi_startproc
 765              		@ args = 0, pretend = 0, frame = 0
 766              		@ frame_needed = 0, uses_anonymous_args = 0
 370:Drivers/STM32F4xx_HAL_Driver/Src/stm32f4xx_hal_tim_ex.c ****   /* Check the parameters */
 767              		.loc 1 370 1 is_stmt 0 view .LVU253
 768 0000 10B5     		push	{r4, lr}
 769              	.LCFI9:
 770              		.cfi_def_cfa_offset 8
 771              		.cfi_offset 4, -8
 772              		.cfi_offset 14, -4
 773 0002 0446     		mov	r4, r0
 372:Drivers/STM32F4xx_HAL_Driver/Src/stm32f4xx_hal_tim_ex.c **** 
 774              		.loc 1 372 3 is_stmt 1 view .LVU254
 377:Drivers/STM32F4xx_HAL_Driver/Src/stm32f4xx_hal_tim_ex.c **** 
 775              		.loc 1 377 3 view .LVU255
 776 0004 0022     		movs	r2, #0
 777 0006 1146     		mov	r1, r2
 778 0008 0068     		ldr	r0, [r0]
 779              	.LVL44:
 377:Drivers/STM32F4xx_HAL_Driver/Src/stm32f4xx_hal_tim_ex.c **** 
 780              		.loc 1 377 3 is_stmt 0 view .LVU256
 781 000a FFF7FEFF 		bl	TIM_CCxChannelCmd
 782              	.LVL45:
 380:Drivers/STM32F4xx_HAL_Driver/Src/stm32f4xx_hal_tim_ex.c **** 
 783              		.loc 1 380 3 is_stmt 1 view .LVU257
 380:Drivers/STM32F4xx_HAL_Driver/Src/stm32f4xx_hal_tim_ex.c **** 
 784              		.loc 1 380 3 view .LVU258
 785 000e 2368     		ldr	r3, [r4]
 786 0010 196A     		ldr	r1, [r3, #32]
 787 0012 41F21112 		movw	r2, #4369
 788 0016 1142     		tst	r1, r2
 789 0018 08D1     		bne	.L45
 380:Drivers/STM32F4xx_HAL_Driver/Src/stm32f4xx_hal_tim_ex.c **** 
 790              		.loc 1 380 3 discriminator 1 view .LVU259
 791 001a 196A     		ldr	r1, [r3, #32]
 792 001c 40F24442 		movw	r2, #1092
ARM GAS  C:\Users\pablo\AppData\Local\Temp\ccRGdM61.s 			page 61


 793 0020 1142     		tst	r1, r2
 794 0022 03D1     		bne	.L45
 380:Drivers/STM32F4xx_HAL_Driver/Src/stm32f4xx_hal_tim_ex.c **** 
 795              		.loc 1 380 3 discriminator 3 view .LVU260
 796 0024 1A68     		ldr	r2, [r3]
 797 0026 22F00102 		bic	r2, r2, #1
 798 002a 1A60     		str	r2, [r3]
 799              	.L45:
 380:Drivers/STM32F4xx_HAL_Driver/Src/stm32f4xx_hal_tim_ex.c **** 
 800              		.loc 1 380 3 discriminator 5 view .LVU261
 383:Drivers/STM32F4xx_HAL_Driver/Src/stm32f4xx_hal_tim_ex.c ****   TIM_CHANNEL_STATE_SET(htim, TIM_CHANNEL_2, HAL_TIM_CHANNEL_STATE_READY);
 801              		.loc 1 383 3 view .LVU262
 802 002c 0123     		movs	r3, #1
 803 002e 84F83E30 		strb	r3, [r4, #62]
 384:Drivers/STM32F4xx_HAL_Driver/Src/stm32f4xx_hal_tim_ex.c ****   TIM_CHANNEL_N_STATE_SET(htim, TIM_CHANNEL_1, HAL_TIM_CHANNEL_STATE_READY);
 804              		.loc 1 384 3 view .LVU263
 805 0032 84F83F30 		strb	r3, [r4, #63]
 385:Drivers/STM32F4xx_HAL_Driver/Src/stm32f4xx_hal_tim_ex.c ****   TIM_CHANNEL_N_STATE_SET(htim, TIM_CHANNEL_2, HAL_TIM_CHANNEL_STATE_READY);
 806              		.loc 1 385 3 view .LVU264
 807 0036 84F84230 		strb	r3, [r4, #66]
 386:Drivers/STM32F4xx_HAL_Driver/Src/stm32f4xx_hal_tim_ex.c **** 
 808              		.loc 1 386 3 view .LVU265
 809 003a 84F84330 		strb	r3, [r4, #67]
 389:Drivers/STM32F4xx_HAL_Driver/Src/stm32f4xx_hal_tim_ex.c **** }
 810              		.loc 1 389 3 view .LVU266
 390:Drivers/STM32F4xx_HAL_Driver/Src/stm32f4xx_hal_tim_ex.c **** 
 811              		.loc 1 390 1 is_stmt 0 view .LVU267
 812 003e 0020     		movs	r0, #0
 813 0040 10BD     		pop	{r4, pc}
 390:Drivers/STM32F4xx_HAL_Driver/Src/stm32f4xx_hal_tim_ex.c **** 
 814              		.loc 1 390 1 view .LVU268
 815              		.cfi_endproc
 816              	.LFE139:
 818              		.section	.text.HAL_TIMEx_HallSensor_Start_IT,"ax",%progbits
 819              		.align	1
 820              		.global	HAL_TIMEx_HallSensor_Start_IT
 821              		.syntax unified
 822              		.thumb
 823              		.thumb_func
 825              	HAL_TIMEx_HallSensor_Start_IT:
 826              	.LVL46:
 827              	.LFB140:
 398:Drivers/STM32F4xx_HAL_Driver/Src/stm32f4xx_hal_tim_ex.c ****   uint32_t tmpsmcr;
 828              		.loc 1 398 1 is_stmt 1 view -0
 829              		.cfi_startproc
 830              		@ args = 0, pretend = 0, frame = 0
 831              		@ frame_needed = 0, uses_anonymous_args = 0
 398:Drivers/STM32F4xx_HAL_Driver/Src/stm32f4xx_hal_tim_ex.c ****   uint32_t tmpsmcr;
 832              		.loc 1 398 1 is_stmt 0 view .LVU270
 833 0000 10B5     		push	{r4, lr}
 834              	.LCFI10:
 835              		.cfi_def_cfa_offset 8
 836              		.cfi_offset 4, -8
 837              		.cfi_offset 14, -4
 838 0002 0446     		mov	r4, r0
 399:Drivers/STM32F4xx_HAL_Driver/Src/stm32f4xx_hal_tim_ex.c ****   HAL_TIM_ChannelStateTypeDef channel_1_state = TIM_CHANNEL_STATE_GET(htim, TIM_CHANNEL_1);
 839              		.loc 1 399 3 is_stmt 1 view .LVU271
ARM GAS  C:\Users\pablo\AppData\Local\Temp\ccRGdM61.s 			page 62


 400:Drivers/STM32F4xx_HAL_Driver/Src/stm32f4xx_hal_tim_ex.c ****   HAL_TIM_ChannelStateTypeDef channel_2_state = TIM_CHANNEL_STATE_GET(htim, TIM_CHANNEL_2);
 840              		.loc 1 400 3 view .LVU272
 400:Drivers/STM32F4xx_HAL_Driver/Src/stm32f4xx_hal_tim_ex.c ****   HAL_TIM_ChannelStateTypeDef channel_2_state = TIM_CHANNEL_STATE_GET(htim, TIM_CHANNEL_2);
 841              		.loc 1 400 31 is_stmt 0 view .LVU273
 842 0004 90F83EC0 		ldrb	ip, [r0, #62]	@ zero_extendqisi2
 843              	.LVL47:
 401:Drivers/STM32F4xx_HAL_Driver/Src/stm32f4xx_hal_tim_ex.c ****   HAL_TIM_ChannelStateTypeDef complementary_channel_1_state = TIM_CHANNEL_N_STATE_GET(htim, TIM_CHA
 844              		.loc 1 401 3 is_stmt 1 view .LVU274
 401:Drivers/STM32F4xx_HAL_Driver/Src/stm32f4xx_hal_tim_ex.c ****   HAL_TIM_ChannelStateTypeDef complementary_channel_1_state = TIM_CHANNEL_N_STATE_GET(htim, TIM_CHA
 845              		.loc 1 401 31 is_stmt 0 view .LVU275
 846 0008 90F83F30 		ldrb	r3, [r0, #63]	@ zero_extendqisi2
 847              	.LVL48:
 402:Drivers/STM32F4xx_HAL_Driver/Src/stm32f4xx_hal_tim_ex.c ****   HAL_TIM_ChannelStateTypeDef complementary_channel_2_state = TIM_CHANNEL_N_STATE_GET(htim, TIM_CHA
 848              		.loc 1 402 3 is_stmt 1 view .LVU276
 402:Drivers/STM32F4xx_HAL_Driver/Src/stm32f4xx_hal_tim_ex.c ****   HAL_TIM_ChannelStateTypeDef complementary_channel_2_state = TIM_CHANNEL_N_STATE_GET(htim, TIM_CHA
 849              		.loc 1 402 31 is_stmt 0 view .LVU277
 850 000c 90F84220 		ldrb	r2, [r0, #66]	@ zero_extendqisi2
 851              	.LVL49:
 403:Drivers/STM32F4xx_HAL_Driver/Src/stm32f4xx_hal_tim_ex.c **** 
 852              		.loc 1 403 3 is_stmt 1 view .LVU278
 403:Drivers/STM32F4xx_HAL_Driver/Src/stm32f4xx_hal_tim_ex.c **** 
 853              		.loc 1 403 31 is_stmt 0 view .LVU279
 854 0010 90F84310 		ldrb	r1, [r0, #67]	@ zero_extendqisi2
 855              	.LVL50:
 406:Drivers/STM32F4xx_HAL_Driver/Src/stm32f4xx_hal_tim_ex.c **** 
 856              		.loc 1 406 3 is_stmt 1 view .LVU280
 409:Drivers/STM32F4xx_HAL_Driver/Src/stm32f4xx_hal_tim_ex.c ****       || (channel_2_state != HAL_TIM_CHANNEL_STATE_READY)
 857              		.loc 1 409 3 view .LVU281
 409:Drivers/STM32F4xx_HAL_Driver/Src/stm32f4xx_hal_tim_ex.c ****       || (channel_2_state != HAL_TIM_CHANNEL_STATE_READY)
 858              		.loc 1 409 6 is_stmt 0 view .LVU282
 859 0014 BCF1010F 		cmp	ip, #1
 860 0018 47D1     		bne	.L51
 861 001a 5FFA8CF0 		uxtb	r0, ip
 862              	.LVL51:
 409:Drivers/STM32F4xx_HAL_Driver/Src/stm32f4xx_hal_tim_ex.c ****       || (channel_2_state != HAL_TIM_CHANNEL_STATE_READY)
 863              		.loc 1 409 6 view .LVU283
 864 001e DBB2     		uxtb	r3, r3
 409:Drivers/STM32F4xx_HAL_Driver/Src/stm32f4xx_hal_tim_ex.c ****       || (channel_2_state != HAL_TIM_CHANNEL_STATE_READY)
 865              		.loc 1 409 6 view .LVU284
 866 0020 D2B2     		uxtb	r2, r2
 409:Drivers/STM32F4xx_HAL_Driver/Src/stm32f4xx_hal_tim_ex.c ****       || (channel_2_state != HAL_TIM_CHANNEL_STATE_READY)
 867              		.loc 1 409 6 view .LVU285
 868 0022 C9B2     		uxtb	r1, r1
 410:Drivers/STM32F4xx_HAL_Driver/Src/stm32f4xx_hal_tim_ex.c ****       || (complementary_channel_1_state != HAL_TIM_CHANNEL_STATE_READY)
 869              		.loc 1 410 7 view .LVU286
 870 0024 012B     		cmp	r3, #1
 871 0026 41D1     		bne	.L48
 411:Drivers/STM32F4xx_HAL_Driver/Src/stm32f4xx_hal_tim_ex.c ****       || (complementary_channel_2_state != HAL_TIM_CHANNEL_STATE_READY))
 872              		.loc 1 411 7 view .LVU287
 873 0028 012A     		cmp	r2, #1
 874 002a 40D1     		bne	.L52
 412:Drivers/STM32F4xx_HAL_Driver/Src/stm32f4xx_hal_tim_ex.c ****   {
 875              		.loc 1 412 7 view .LVU288
 876 002c 0129     		cmp	r1, #1
 877 002e 01D0     		beq	.L56
 414:Drivers/STM32F4xx_HAL_Driver/Src/stm32f4xx_hal_tim_ex.c ****   }
 878              		.loc 1 414 12 view .LVU289
ARM GAS  C:\Users\pablo\AppData\Local\Temp\ccRGdM61.s 			page 63


 879 0030 1046     		mov	r0, r2
 880 0032 3BE0     		b	.L48
 881              	.L56:
 418:Drivers/STM32F4xx_HAL_Driver/Src/stm32f4xx_hal_tim_ex.c ****   TIM_CHANNEL_STATE_SET(htim, TIM_CHANNEL_2, HAL_TIM_CHANNEL_STATE_BUSY);
 882              		.loc 1 418 3 is_stmt 1 view .LVU290
 883 0034 0223     		movs	r3, #2
 884              	.LVL52:
 418:Drivers/STM32F4xx_HAL_Driver/Src/stm32f4xx_hal_tim_ex.c ****   TIM_CHANNEL_STATE_SET(htim, TIM_CHANNEL_2, HAL_TIM_CHANNEL_STATE_BUSY);
 885              		.loc 1 418 3 is_stmt 0 view .LVU291
 886 0036 84F83E30 		strb	r3, [r4, #62]
 419:Drivers/STM32F4xx_HAL_Driver/Src/stm32f4xx_hal_tim_ex.c ****   TIM_CHANNEL_N_STATE_SET(htim, TIM_CHANNEL_1, HAL_TIM_CHANNEL_STATE_BUSY);
 887              		.loc 1 419 3 is_stmt 1 view .LVU292
 888 003a 84F83F30 		strb	r3, [r4, #63]
 420:Drivers/STM32F4xx_HAL_Driver/Src/stm32f4xx_hal_tim_ex.c ****   TIM_CHANNEL_N_STATE_SET(htim, TIM_CHANNEL_2, HAL_TIM_CHANNEL_STATE_BUSY);
 889              		.loc 1 420 3 view .LVU293
 890 003e 84F84230 		strb	r3, [r4, #66]
 421:Drivers/STM32F4xx_HAL_Driver/Src/stm32f4xx_hal_tim_ex.c **** 
 891              		.loc 1 421 3 view .LVU294
 892 0042 84F84330 		strb	r3, [r4, #67]
 424:Drivers/STM32F4xx_HAL_Driver/Src/stm32f4xx_hal_tim_ex.c **** 
 893              		.loc 1 424 3 view .LVU295
 894 0046 2268     		ldr	r2, [r4]
 895              	.LVL53:
 424:Drivers/STM32F4xx_HAL_Driver/Src/stm32f4xx_hal_tim_ex.c **** 
 896              		.loc 1 424 3 is_stmt 0 view .LVU296
 897 0048 D368     		ldr	r3, [r2, #12]
 898 004a 43F00203 		orr	r3, r3, #2
 899 004e D360     		str	r3, [r2, #12]
 429:Drivers/STM32F4xx_HAL_Driver/Src/stm32f4xx_hal_tim_ex.c **** 
 900              		.loc 1 429 3 is_stmt 1 view .LVU297
 901 0050 0122     		movs	r2, #1
 902 0052 0021     		movs	r1, #0
 903              	.LVL54:
 429:Drivers/STM32F4xx_HAL_Driver/Src/stm32f4xx_hal_tim_ex.c **** 
 904              		.loc 1 429 3 is_stmt 0 view .LVU298
 905 0054 2068     		ldr	r0, [r4]
 906 0056 FFF7FEFF 		bl	TIM_CCxChannelCmd
 907              	.LVL55:
 432:Drivers/STM32F4xx_HAL_Driver/Src/stm32f4xx_hal_tim_ex.c ****   {
 908              		.loc 1 432 3 is_stmt 1 view .LVU299
 432:Drivers/STM32F4xx_HAL_Driver/Src/stm32f4xx_hal_tim_ex.c ****   {
 909              		.loc 1 432 7 is_stmt 0 view .LVU300
 910 005a 2368     		ldr	r3, [r4]
 432:Drivers/STM32F4xx_HAL_Driver/Src/stm32f4xx_hal_tim_ex.c ****   {
 911              		.loc 1 432 6 view .LVU301
 912 005c 164A     		ldr	r2, .L57
 913 005e 9342     		cmp	r3, r2
 914 0060 18D0     		beq	.L49
 432:Drivers/STM32F4xx_HAL_Driver/Src/stm32f4xx_hal_tim_ex.c ****   {
 915              		.loc 1 432 7 discriminator 1 view .LVU302
 916 0062 B3F1804F 		cmp	r3, #1073741824
 917 0066 15D0     		beq	.L49
 432:Drivers/STM32F4xx_HAL_Driver/Src/stm32f4xx_hal_tim_ex.c ****   {
 918              		.loc 1 432 7 discriminator 2 view .LVU303
 919 0068 A2F57C42 		sub	r2, r2, #64512
 920 006c 9342     		cmp	r3, r2
 921 006e 11D0     		beq	.L49
ARM GAS  C:\Users\pablo\AppData\Local\Temp\ccRGdM61.s 			page 64


 432:Drivers/STM32F4xx_HAL_Driver/Src/stm32f4xx_hal_tim_ex.c ****   {
 922              		.loc 1 432 7 discriminator 3 view .LVU304
 923 0070 02F58062 		add	r2, r2, #1024
 924 0074 9342     		cmp	r3, r2
 925 0076 0DD0     		beq	.L49
 432:Drivers/STM32F4xx_HAL_Driver/Src/stm32f4xx_hal_tim_ex.c ****   {
 926              		.loc 1 432 7 discriminator 4 view .LVU305
 927 0078 02F58062 		add	r2, r2, #1024
 928 007c 9342     		cmp	r3, r2
 929 007e 09D0     		beq	.L49
 432:Drivers/STM32F4xx_HAL_Driver/Src/stm32f4xx_hal_tim_ex.c ****   {
 930              		.loc 1 432 7 discriminator 5 view .LVU306
 931 0080 02F59A32 		add	r2, r2, #78848
 932 0084 9342     		cmp	r3, r2
 933 0086 05D0     		beq	.L49
 442:Drivers/STM32F4xx_HAL_Driver/Src/stm32f4xx_hal_tim_ex.c ****   }
 934              		.loc 1 442 5 is_stmt 1 view .LVU307
 935 0088 1A68     		ldr	r2, [r3]
 936 008a 42F00102 		orr	r2, r2, #1
 937 008e 1A60     		str	r2, [r3]
 446:Drivers/STM32F4xx_HAL_Driver/Src/stm32f4xx_hal_tim_ex.c **** }
 938              		.loc 1 446 10 is_stmt 0 view .LVU308
 939 0090 0020     		movs	r0, #0
 940 0092 0BE0     		b	.L48
 941              	.L49:
 434:Drivers/STM32F4xx_HAL_Driver/Src/stm32f4xx_hal_tim_ex.c ****     if (!IS_TIM_SLAVEMODE_TRIGGER_ENABLED(tmpsmcr))
 942              		.loc 1 434 5 is_stmt 1 view .LVU309
 434:Drivers/STM32F4xx_HAL_Driver/Src/stm32f4xx_hal_tim_ex.c ****     if (!IS_TIM_SLAVEMODE_TRIGGER_ENABLED(tmpsmcr))
 943              		.loc 1 434 29 is_stmt 0 view .LVU310
 944 0094 9A68     		ldr	r2, [r3, #8]
 434:Drivers/STM32F4xx_HAL_Driver/Src/stm32f4xx_hal_tim_ex.c ****     if (!IS_TIM_SLAVEMODE_TRIGGER_ENABLED(tmpsmcr))
 945              		.loc 1 434 13 view .LVU311
 946 0096 02F00702 		and	r2, r2, #7
 947              	.LVL56:
 435:Drivers/STM32F4xx_HAL_Driver/Src/stm32f4xx_hal_tim_ex.c ****     {
 948              		.loc 1 435 5 is_stmt 1 view .LVU312
 435:Drivers/STM32F4xx_HAL_Driver/Src/stm32f4xx_hal_tim_ex.c ****     {
 949              		.loc 1 435 8 is_stmt 0 view .LVU313
 950 009a 062A     		cmp	r2, #6
 951 009c 09D0     		beq	.L54
 437:Drivers/STM32F4xx_HAL_Driver/Src/stm32f4xx_hal_tim_ex.c ****     }
 952              		.loc 1 437 7 is_stmt 1 view .LVU314
 953 009e 1A68     		ldr	r2, [r3]
 954              	.LVL57:
 437:Drivers/STM32F4xx_HAL_Driver/Src/stm32f4xx_hal_tim_ex.c ****     }
 955              		.loc 1 437 7 is_stmt 0 view .LVU315
 956 00a0 42F00102 		orr	r2, r2, #1
 957 00a4 1A60     		str	r2, [r3]
 446:Drivers/STM32F4xx_HAL_Driver/Src/stm32f4xx_hal_tim_ex.c **** }
 958              		.loc 1 446 10 view .LVU316
 959 00a6 0020     		movs	r0, #0
 960 00a8 00E0     		b	.L48
 961              	.LVL58:
 962              	.L51:
 414:Drivers/STM32F4xx_HAL_Driver/Src/stm32f4xx_hal_tim_ex.c ****   }
 963              		.loc 1 414 12 view .LVU317
 964 00aa 0120     		movs	r0, #1
ARM GAS  C:\Users\pablo\AppData\Local\Temp\ccRGdM61.s 			page 65


 965              	.LVL59:
 966              	.L48:
 447:Drivers/STM32F4xx_HAL_Driver/Src/stm32f4xx_hal_tim_ex.c **** 
 967              		.loc 1 447 1 view .LVU318
 968 00ac 10BD     		pop	{r4, pc}
 969              	.LVL60:
 970              	.L52:
 414:Drivers/STM32F4xx_HAL_Driver/Src/stm32f4xx_hal_tim_ex.c ****   }
 971              		.loc 1 414 12 view .LVU319
 972 00ae 1846     		mov	r0, r3
 973 00b0 FCE7     		b	.L48
 974              	.LVL61:
 975              	.L54:
 446:Drivers/STM32F4xx_HAL_Driver/Src/stm32f4xx_hal_tim_ex.c **** }
 976              		.loc 1 446 10 view .LVU320
 977 00b2 0020     		movs	r0, #0
 978 00b4 FAE7     		b	.L48
 979              	.L58:
 980 00b6 00BF     		.align	2
 981              	.L57:
 982 00b8 00000140 		.word	1073807360
 983              		.cfi_endproc
 984              	.LFE140:
 986              		.section	.text.HAL_TIMEx_HallSensor_Stop_IT,"ax",%progbits
 987              		.align	1
 988              		.global	HAL_TIMEx_HallSensor_Stop_IT
 989              		.syntax unified
 990              		.thumb
 991              		.thumb_func
 993              	HAL_TIMEx_HallSensor_Stop_IT:
 994              	.LVL62:
 995              	.LFB141:
 455:Drivers/STM32F4xx_HAL_Driver/Src/stm32f4xx_hal_tim_ex.c ****   /* Check the parameters */
 996              		.loc 1 455 1 is_stmt 1 view -0
 997              		.cfi_startproc
 998              		@ args = 0, pretend = 0, frame = 0
 999              		@ frame_needed = 0, uses_anonymous_args = 0
 455:Drivers/STM32F4xx_HAL_Driver/Src/stm32f4xx_hal_tim_ex.c ****   /* Check the parameters */
 1000              		.loc 1 455 1 is_stmt 0 view .LVU322
 1001 0000 10B5     		push	{r4, lr}
 1002              	.LCFI11:
 1003              		.cfi_def_cfa_offset 8
 1004              		.cfi_offset 4, -8
 1005              		.cfi_offset 14, -4
 1006 0002 0446     		mov	r4, r0
 457:Drivers/STM32F4xx_HAL_Driver/Src/stm32f4xx_hal_tim_ex.c **** 
 1007              		.loc 1 457 3 is_stmt 1 view .LVU323
 462:Drivers/STM32F4xx_HAL_Driver/Src/stm32f4xx_hal_tim_ex.c **** 
 1008              		.loc 1 462 3 view .LVU324
 1009 0004 0022     		movs	r2, #0
 1010 0006 1146     		mov	r1, r2
 1011 0008 0068     		ldr	r0, [r0]
 1012              	.LVL63:
 462:Drivers/STM32F4xx_HAL_Driver/Src/stm32f4xx_hal_tim_ex.c **** 
 1013              		.loc 1 462 3 is_stmt 0 view .LVU325
 1014 000a FFF7FEFF 		bl	TIM_CCxChannelCmd
 1015              	.LVL64:
ARM GAS  C:\Users\pablo\AppData\Local\Temp\ccRGdM61.s 			page 66


 465:Drivers/STM32F4xx_HAL_Driver/Src/stm32f4xx_hal_tim_ex.c **** 
 1016              		.loc 1 465 3 is_stmt 1 view .LVU326
 1017 000e 2268     		ldr	r2, [r4]
 1018 0010 D368     		ldr	r3, [r2, #12]
 1019 0012 23F00203 		bic	r3, r3, #2
 1020 0016 D360     		str	r3, [r2, #12]
 468:Drivers/STM32F4xx_HAL_Driver/Src/stm32f4xx_hal_tim_ex.c **** 
 1021              		.loc 1 468 3 view .LVU327
 468:Drivers/STM32F4xx_HAL_Driver/Src/stm32f4xx_hal_tim_ex.c **** 
 1022              		.loc 1 468 3 view .LVU328
 1023 0018 2368     		ldr	r3, [r4]
 1024 001a 196A     		ldr	r1, [r3, #32]
 1025 001c 41F21112 		movw	r2, #4369
 1026 0020 1142     		tst	r1, r2
 1027 0022 08D1     		bne	.L60
 468:Drivers/STM32F4xx_HAL_Driver/Src/stm32f4xx_hal_tim_ex.c **** 
 1028              		.loc 1 468 3 discriminator 1 view .LVU329
 1029 0024 196A     		ldr	r1, [r3, #32]
 1030 0026 40F24442 		movw	r2, #1092
 1031 002a 1142     		tst	r1, r2
 1032 002c 03D1     		bne	.L60
 468:Drivers/STM32F4xx_HAL_Driver/Src/stm32f4xx_hal_tim_ex.c **** 
 1033              		.loc 1 468 3 discriminator 3 view .LVU330
 1034 002e 1A68     		ldr	r2, [r3]
 1035 0030 22F00102 		bic	r2, r2, #1
 1036 0034 1A60     		str	r2, [r3]
 1037              	.L60:
 468:Drivers/STM32F4xx_HAL_Driver/Src/stm32f4xx_hal_tim_ex.c **** 
 1038              		.loc 1 468 3 discriminator 5 view .LVU331
 471:Drivers/STM32F4xx_HAL_Driver/Src/stm32f4xx_hal_tim_ex.c ****   TIM_CHANNEL_STATE_SET(htim, TIM_CHANNEL_2, HAL_TIM_CHANNEL_STATE_READY);
 1039              		.loc 1 471 3 view .LVU332
 1040 0036 0123     		movs	r3, #1
 1041 0038 84F83E30 		strb	r3, [r4, #62]
 472:Drivers/STM32F4xx_HAL_Driver/Src/stm32f4xx_hal_tim_ex.c ****   TIM_CHANNEL_N_STATE_SET(htim, TIM_CHANNEL_1, HAL_TIM_CHANNEL_STATE_READY);
 1042              		.loc 1 472 3 view .LVU333
 1043 003c 84F83F30 		strb	r3, [r4, #63]
 473:Drivers/STM32F4xx_HAL_Driver/Src/stm32f4xx_hal_tim_ex.c ****   TIM_CHANNEL_N_STATE_SET(htim, TIM_CHANNEL_2, HAL_TIM_CHANNEL_STATE_READY);
 1044              		.loc 1 473 3 view .LVU334
 1045 0040 84F84230 		strb	r3, [r4, #66]
 474:Drivers/STM32F4xx_HAL_Driver/Src/stm32f4xx_hal_tim_ex.c **** 
 1046              		.loc 1 474 3 view .LVU335
 1047 0044 84F84330 		strb	r3, [r4, #67]
 477:Drivers/STM32F4xx_HAL_Driver/Src/stm32f4xx_hal_tim_ex.c **** }
 1048              		.loc 1 477 3 view .LVU336
 478:Drivers/STM32F4xx_HAL_Driver/Src/stm32f4xx_hal_tim_ex.c **** 
 1049              		.loc 1 478 1 is_stmt 0 view .LVU337
 1050 0048 0020     		movs	r0, #0
 1051 004a 10BD     		pop	{r4, pc}
 478:Drivers/STM32F4xx_HAL_Driver/Src/stm32f4xx_hal_tim_ex.c **** 
 1052              		.loc 1 478 1 view .LVU338
 1053              		.cfi_endproc
 1054              	.LFE141:
 1056              		.section	.text.HAL_TIMEx_HallSensor_Start_DMA,"ax",%progbits
 1057              		.align	1
 1058              		.global	HAL_TIMEx_HallSensor_Start_DMA
 1059              		.syntax unified
 1060              		.thumb
ARM GAS  C:\Users\pablo\AppData\Local\Temp\ccRGdM61.s 			page 67


 1061              		.thumb_func
 1063              	HAL_TIMEx_HallSensor_Start_DMA:
 1064              	.LVL65:
 1065              	.LFB142:
 488:Drivers/STM32F4xx_HAL_Driver/Src/stm32f4xx_hal_tim_ex.c ****   uint32_t tmpsmcr;
 1066              		.loc 1 488 1 is_stmt 1 view -0
 1067              		.cfi_startproc
 1068              		@ args = 0, pretend = 0, frame = 0
 1069              		@ frame_needed = 0, uses_anonymous_args = 0
 488:Drivers/STM32F4xx_HAL_Driver/Src/stm32f4xx_hal_tim_ex.c ****   uint32_t tmpsmcr;
 1070              		.loc 1 488 1 is_stmt 0 view .LVU340
 1071 0000 F8B5     		push	{r3, r4, r5, r6, r7, lr}
 1072              	.LCFI12:
 1073              		.cfi_def_cfa_offset 24
 1074              		.cfi_offset 3, -24
 1075              		.cfi_offset 4, -20
 1076              		.cfi_offset 5, -16
 1077              		.cfi_offset 6, -12
 1078              		.cfi_offset 7, -8
 1079              		.cfi_offset 14, -4
 1080 0002 0446     		mov	r4, r0
 489:Drivers/STM32F4xx_HAL_Driver/Src/stm32f4xx_hal_tim_ex.c ****   HAL_TIM_ChannelStateTypeDef channel_1_state = TIM_CHANNEL_STATE_GET(htim, TIM_CHANNEL_1);
 1081              		.loc 1 489 3 is_stmt 1 view .LVU341
 490:Drivers/STM32F4xx_HAL_Driver/Src/stm32f4xx_hal_tim_ex.c ****   HAL_TIM_ChannelStateTypeDef complementary_channel_1_state = TIM_CHANNEL_N_STATE_GET(htim, TIM_CHA
 1082              		.loc 1 490 3 view .LVU342
 490:Drivers/STM32F4xx_HAL_Driver/Src/stm32f4xx_hal_tim_ex.c ****   HAL_TIM_ChannelStateTypeDef complementary_channel_1_state = TIM_CHANNEL_N_STATE_GET(htim, TIM_CHA
 1083              		.loc 1 490 31 is_stmt 0 view .LVU343
 1084 0004 90F83EC0 		ldrb	ip, [r0, #62]	@ zero_extendqisi2
 1085 0008 5FFA8CF0 		uxtb	r0, ip
 1086              	.LVL66:
 491:Drivers/STM32F4xx_HAL_Driver/Src/stm32f4xx_hal_tim_ex.c **** 
 1087              		.loc 1 491 3 is_stmt 1 view .LVU344
 491:Drivers/STM32F4xx_HAL_Driver/Src/stm32f4xx_hal_tim_ex.c **** 
 1088              		.loc 1 491 31 is_stmt 0 view .LVU345
 1089 000c 94F84250 		ldrb	r5, [r4, #66]	@ zero_extendqisi2
 1090              	.LVL67:
 494:Drivers/STM32F4xx_HAL_Driver/Src/stm32f4xx_hal_tim_ex.c **** 
 1091              		.loc 1 494 3 is_stmt 1 view .LVU346
 497:Drivers/STM32F4xx_HAL_Driver/Src/stm32f4xx_hal_tim_ex.c ****       || (complementary_channel_1_state == HAL_TIM_CHANNEL_STATE_BUSY))
 1092              		.loc 1 497 3 view .LVU347
 497:Drivers/STM32F4xx_HAL_Driver/Src/stm32f4xx_hal_tim_ex.c ****       || (complementary_channel_1_state == HAL_TIM_CHANNEL_STATE_BUSY))
 1093              		.loc 1 497 6 is_stmt 0 view .LVU348
 1094 0010 BCF1020F 		cmp	ip, #2
 1095 0014 56D0     		beq	.L63
 1096 0016 0F46     		mov	r7, r1
 1097 0018 1646     		mov	r6, r2
 1098 001a EDB2     		uxtb	r5, r5
 498:Drivers/STM32F4xx_HAL_Driver/Src/stm32f4xx_hal_tim_ex.c ****   {
 1099              		.loc 1 498 7 view .LVU349
 1100 001c 022D     		cmp	r5, #2
 1101 001e 4ED0     		beq	.L66
 502:Drivers/STM32F4xx_HAL_Driver/Src/stm32f4xx_hal_tim_ex.c ****            && (complementary_channel_1_state == HAL_TIM_CHANNEL_STATE_READY))
 1102              		.loc 1 502 8 is_stmt 1 view .LVU350
 502:Drivers/STM32F4xx_HAL_Driver/Src/stm32f4xx_hal_tim_ex.c ****            && (complementary_channel_1_state == HAL_TIM_CHANNEL_STATE_READY))
 1103              		.loc 1 502 11 is_stmt 0 view .LVU351
 1104 0020 0128     		cmp	r0, #1
 1105 0022 4ED1     		bne	.L67
ARM GAS  C:\Users\pablo\AppData\Local\Temp\ccRGdM61.s 			page 68


 503:Drivers/STM32F4xx_HAL_Driver/Src/stm32f4xx_hal_tim_ex.c ****   {
 1106              		.loc 1 503 12 view .LVU352
 1107 0024 012D     		cmp	r5, #1
 1108 0026 4DD1     		bne	.L63
 505:Drivers/STM32F4xx_HAL_Driver/Src/stm32f4xx_hal_tim_ex.c ****     {
 1109              		.loc 1 505 5 is_stmt 1 view .LVU353
 505:Drivers/STM32F4xx_HAL_Driver/Src/stm32f4xx_hal_tim_ex.c ****     {
 1110              		.loc 1 505 8 is_stmt 0 view .LVU354
 1111 0028 0029     		cmp	r1, #0
 1112 002a 4CD0     		beq	.L68
 505:Drivers/STM32F4xx_HAL_Driver/Src/stm32f4xx_hal_tim_ex.c ****     {
 1113              		.loc 1 505 25 discriminator 1 view .LVU355
 1114 002c 0AB9     		cbnz	r2, .L72
 507:Drivers/STM32F4xx_HAL_Driver/Src/stm32f4xx_hal_tim_ex.c ****     }
 1115              		.loc 1 507 14 view .LVU356
 1116 002e 2846     		mov	r0, r5
 1117              	.LVL68:
 507:Drivers/STM32F4xx_HAL_Driver/Src/stm32f4xx_hal_tim_ex.c ****     }
 1118              		.loc 1 507 14 view .LVU357
 1119 0030 48E0     		b	.L63
 1120              	.LVL69:
 1121              	.L72:
 511:Drivers/STM32F4xx_HAL_Driver/Src/stm32f4xx_hal_tim_ex.c ****       TIM_CHANNEL_N_STATE_SET(htim, TIM_CHANNEL_1, HAL_TIM_CHANNEL_STATE_BUSY);
 1122              		.loc 1 511 7 is_stmt 1 view .LVU358
 1123 0032 0223     		movs	r3, #2
 1124 0034 84F83E30 		strb	r3, [r4, #62]
 512:Drivers/STM32F4xx_HAL_Driver/Src/stm32f4xx_hal_tim_ex.c ****     }
 1125              		.loc 1 512 7 view .LVU359
 1126 0038 84F84230 		strb	r3, [r4, #66]
 523:Drivers/STM32F4xx_HAL_Driver/Src/stm32f4xx_hal_tim_ex.c **** 
 1127              		.loc 1 523 3 view .LVU360
 1128 003c 0122     		movs	r2, #1
 1129              	.LVL70:
 523:Drivers/STM32F4xx_HAL_Driver/Src/stm32f4xx_hal_tim_ex.c **** 
 1130              		.loc 1 523 3 is_stmt 0 view .LVU361
 1131 003e 0021     		movs	r1, #0
 1132              	.LVL71:
 523:Drivers/STM32F4xx_HAL_Driver/Src/stm32f4xx_hal_tim_ex.c **** 
 1133              		.loc 1 523 3 view .LVU362
 1134 0040 2068     		ldr	r0, [r4]
 1135              	.LVL72:
 523:Drivers/STM32F4xx_HAL_Driver/Src/stm32f4xx_hal_tim_ex.c **** 
 1136              		.loc 1 523 3 view .LVU363
 1137 0042 FFF7FEFF 		bl	TIM_CCxChannelCmd
 1138              	.LVL73:
 526:Drivers/STM32F4xx_HAL_Driver/Src/stm32f4xx_hal_tim_ex.c ****   htim->hdma[TIM_DMA_ID_CC1]->XferHalfCpltCallback = TIM_DMACaptureHalfCplt;
 1139              		.loc 1 526 3 is_stmt 1 view .LVU364
 526:Drivers/STM32F4xx_HAL_Driver/Src/stm32f4xx_hal_tim_ex.c ****   htim->hdma[TIM_DMA_ID_CC1]->XferHalfCpltCallback = TIM_DMACaptureHalfCplt;
 1140              		.loc 1 526 13 is_stmt 0 view .LVU365
 1141 0046 636A     		ldr	r3, [r4, #36]
 526:Drivers/STM32F4xx_HAL_Driver/Src/stm32f4xx_hal_tim_ex.c ****   htim->hdma[TIM_DMA_ID_CC1]->XferHalfCpltCallback = TIM_DMACaptureHalfCplt;
 1142              		.loc 1 526 48 view .LVU366
 1143 0048 214A     		ldr	r2, .L73
 1144 004a DA63     		str	r2, [r3, #60]
 527:Drivers/STM32F4xx_HAL_Driver/Src/stm32f4xx_hal_tim_ex.c ****   /* Set the DMA error callback */
 1145              		.loc 1 527 3 is_stmt 1 view .LVU367
 527:Drivers/STM32F4xx_HAL_Driver/Src/stm32f4xx_hal_tim_ex.c ****   /* Set the DMA error callback */
ARM GAS  C:\Users\pablo\AppData\Local\Temp\ccRGdM61.s 			page 69


 1146              		.loc 1 527 13 is_stmt 0 view .LVU368
 1147 004c 636A     		ldr	r3, [r4, #36]
 527:Drivers/STM32F4xx_HAL_Driver/Src/stm32f4xx_hal_tim_ex.c ****   /* Set the DMA error callback */
 1148              		.loc 1 527 52 view .LVU369
 1149 004e 214A     		ldr	r2, .L73+4
 1150 0050 1A64     		str	r2, [r3, #64]
 529:Drivers/STM32F4xx_HAL_Driver/Src/stm32f4xx_hal_tim_ex.c **** 
 1151              		.loc 1 529 3 is_stmt 1 view .LVU370
 529:Drivers/STM32F4xx_HAL_Driver/Src/stm32f4xx_hal_tim_ex.c **** 
 1152              		.loc 1 529 13 is_stmt 0 view .LVU371
 1153 0052 636A     		ldr	r3, [r4, #36]
 529:Drivers/STM32F4xx_HAL_Driver/Src/stm32f4xx_hal_tim_ex.c **** 
 1154              		.loc 1 529 49 view .LVU372
 1155 0054 204A     		ldr	r2, .L73+8
 1156 0056 DA64     		str	r2, [r3, #76]
 532:Drivers/STM32F4xx_HAL_Driver/Src/stm32f4xx_hal_tim_ex.c ****   {
 1157              		.loc 1 532 3 is_stmt 1 view .LVU373
 532:Drivers/STM32F4xx_HAL_Driver/Src/stm32f4xx_hal_tim_ex.c ****   {
 1158              		.loc 1 532 67 is_stmt 0 view .LVU374
 1159 0058 2168     		ldr	r1, [r4]
 532:Drivers/STM32F4xx_HAL_Driver/Src/stm32f4xx_hal_tim_ex.c ****   {
 1160              		.loc 1 532 7 view .LVU375
 1161 005a 3346     		mov	r3, r6
 1162 005c 3A46     		mov	r2, r7
 1163 005e 3431     		adds	r1, r1, #52
 1164 0060 606A     		ldr	r0, [r4, #36]
 1165 0062 FFF7FEFF 		bl	HAL_DMA_Start_IT
 1166              	.LVL74:
 532:Drivers/STM32F4xx_HAL_Driver/Src/stm32f4xx_hal_tim_ex.c ****   {
 1167              		.loc 1 532 6 discriminator 1 view .LVU376
 1168 0066 80BB     		cbnz	r0, .L70
 538:Drivers/STM32F4xx_HAL_Driver/Src/stm32f4xx_hal_tim_ex.c **** 
 1169              		.loc 1 538 3 is_stmt 1 view .LVU377
 1170 0068 2268     		ldr	r2, [r4]
 1171 006a D368     		ldr	r3, [r2, #12]
 1172 006c 43F40073 		orr	r3, r3, #512
 1173 0070 D360     		str	r3, [r2, #12]
 541:Drivers/STM32F4xx_HAL_Driver/Src/stm32f4xx_hal_tim_ex.c ****   {
 1174              		.loc 1 541 3 view .LVU378
 541:Drivers/STM32F4xx_HAL_Driver/Src/stm32f4xx_hal_tim_ex.c ****   {
 1175              		.loc 1 541 7 is_stmt 0 view .LVU379
 1176 0072 2368     		ldr	r3, [r4]
 541:Drivers/STM32F4xx_HAL_Driver/Src/stm32f4xx_hal_tim_ex.c ****   {
 1177              		.loc 1 541 6 view .LVU380
 1178 0074 194A     		ldr	r2, .L73+12
 1179 0076 9342     		cmp	r3, r2
 1180 0078 17D0     		beq	.L64
 541:Drivers/STM32F4xx_HAL_Driver/Src/stm32f4xx_hal_tim_ex.c ****   {
 1181              		.loc 1 541 7 discriminator 1 view .LVU381
 1182 007a B3F1804F 		cmp	r3, #1073741824
 1183 007e 14D0     		beq	.L64
 541:Drivers/STM32F4xx_HAL_Driver/Src/stm32f4xx_hal_tim_ex.c ****   {
 1184              		.loc 1 541 7 discriminator 2 view .LVU382
 1185 0080 A2F57C42 		sub	r2, r2, #64512
 1186 0084 9342     		cmp	r3, r2
 1187 0086 10D0     		beq	.L64
 541:Drivers/STM32F4xx_HAL_Driver/Src/stm32f4xx_hal_tim_ex.c ****   {
ARM GAS  C:\Users\pablo\AppData\Local\Temp\ccRGdM61.s 			page 70


 1188              		.loc 1 541 7 discriminator 3 view .LVU383
 1189 0088 02F58062 		add	r2, r2, #1024
 1190 008c 9342     		cmp	r3, r2
 1191 008e 0CD0     		beq	.L64
 541:Drivers/STM32F4xx_HAL_Driver/Src/stm32f4xx_hal_tim_ex.c ****   {
 1192              		.loc 1 541 7 discriminator 4 view .LVU384
 1193 0090 02F58062 		add	r2, r2, #1024
 1194 0094 9342     		cmp	r3, r2
 1195 0096 08D0     		beq	.L64
 541:Drivers/STM32F4xx_HAL_Driver/Src/stm32f4xx_hal_tim_ex.c ****   {
 1196              		.loc 1 541 7 discriminator 5 view .LVU385
 1197 0098 02F59A32 		add	r2, r2, #78848
 1198 009c 9342     		cmp	r3, r2
 1199 009e 04D0     		beq	.L64
 551:Drivers/STM32F4xx_HAL_Driver/Src/stm32f4xx_hal_tim_ex.c ****   }
 1200              		.loc 1 551 5 is_stmt 1 view .LVU386
 1201 00a0 1A68     		ldr	r2, [r3]
 1202 00a2 42F00102 		orr	r2, r2, #1
 1203 00a6 1A60     		str	r2, [r3]
 1204 00a8 0CE0     		b	.L63
 1205              	.L64:
 543:Drivers/STM32F4xx_HAL_Driver/Src/stm32f4xx_hal_tim_ex.c ****     if (!IS_TIM_SLAVEMODE_TRIGGER_ENABLED(tmpsmcr))
 1206              		.loc 1 543 5 view .LVU387
 543:Drivers/STM32F4xx_HAL_Driver/Src/stm32f4xx_hal_tim_ex.c ****     if (!IS_TIM_SLAVEMODE_TRIGGER_ENABLED(tmpsmcr))
 1207              		.loc 1 543 29 is_stmt 0 view .LVU388
 1208 00aa 9A68     		ldr	r2, [r3, #8]
 543:Drivers/STM32F4xx_HAL_Driver/Src/stm32f4xx_hal_tim_ex.c ****     if (!IS_TIM_SLAVEMODE_TRIGGER_ENABLED(tmpsmcr))
 1209              		.loc 1 543 13 view .LVU389
 1210 00ac 02F00702 		and	r2, r2, #7
 1211              	.LVL75:
 544:Drivers/STM32F4xx_HAL_Driver/Src/stm32f4xx_hal_tim_ex.c ****     {
 1212              		.loc 1 544 5 is_stmt 1 view .LVU390
 544:Drivers/STM32F4xx_HAL_Driver/Src/stm32f4xx_hal_tim_ex.c ****     {
 1213              		.loc 1 544 8 is_stmt 0 view .LVU391
 1214 00b0 062A     		cmp	r2, #6
 1215 00b2 07D0     		beq	.L63
 546:Drivers/STM32F4xx_HAL_Driver/Src/stm32f4xx_hal_tim_ex.c ****     }
 1216              		.loc 1 546 7 is_stmt 1 view .LVU392
 1217 00b4 1A68     		ldr	r2, [r3]
 1218              	.LVL76:
 546:Drivers/STM32F4xx_HAL_Driver/Src/stm32f4xx_hal_tim_ex.c ****     }
 1219              		.loc 1 546 7 is_stmt 0 view .LVU393
 1220 00b6 42F00102 		orr	r2, r2, #1
 1221 00ba 1A60     		str	r2, [r3]
 1222 00bc 02E0     		b	.L63
 1223              	.LVL77:
 1224              	.L66:
 500:Drivers/STM32F4xx_HAL_Driver/Src/stm32f4xx_hal_tim_ex.c ****   }
 1225              		.loc 1 500 12 view .LVU394
 1226 00be 2846     		mov	r0, r5
 1227              	.LVL78:
 500:Drivers/STM32F4xx_HAL_Driver/Src/stm32f4xx_hal_tim_ex.c ****   }
 1228              		.loc 1 500 12 view .LVU395
 1229 00c0 00E0     		b	.L63
 1230              	.LVL79:
 1231              	.L67:
 517:Drivers/STM32F4xx_HAL_Driver/Src/stm32f4xx_hal_tim_ex.c ****   }
ARM GAS  C:\Users\pablo\AppData\Local\Temp\ccRGdM61.s 			page 71


 1232              		.loc 1 517 12 view .LVU396
 1233 00c2 0120     		movs	r0, #1
 1234              	.LVL80:
 1235              	.L63:
 556:Drivers/STM32F4xx_HAL_Driver/Src/stm32f4xx_hal_tim_ex.c **** 
 1236              		.loc 1 556 1 view .LVU397
 1237 00c4 F8BD     		pop	{r3, r4, r5, r6, r7, pc}
 1238              	.LVL81:
 1239              	.L68:
 507:Drivers/STM32F4xx_HAL_Driver/Src/stm32f4xx_hal_tim_ex.c ****     }
 1240              		.loc 1 507 14 view .LVU398
 1241 00c6 2846     		mov	r0, r5
 1242              	.LVL82:
 507:Drivers/STM32F4xx_HAL_Driver/Src/stm32f4xx_hal_tim_ex.c ****     }
 1243              		.loc 1 507 14 view .LVU399
 1244 00c8 FCE7     		b	.L63
 1245              	.LVL83:
 1246              	.L70:
 535:Drivers/STM32F4xx_HAL_Driver/Src/stm32f4xx_hal_tim_ex.c ****   }
 1247              		.loc 1 535 12 view .LVU400
 1248 00ca 2846     		mov	r0, r5
 1249 00cc FAE7     		b	.L63
 1250              	.L74:
 1251 00ce 00BF     		.align	2
 1252              	.L73:
 1253 00d0 00000000 		.word	TIM_DMACaptureCplt
 1254 00d4 00000000 		.word	TIM_DMACaptureHalfCplt
 1255 00d8 00000000 		.word	TIM_DMAError
 1256 00dc 00000140 		.word	1073807360
 1257              		.cfi_endproc
 1258              	.LFE142:
 1260              		.section	.text.HAL_TIMEx_HallSensor_Stop_DMA,"ax",%progbits
 1261              		.align	1
 1262              		.global	HAL_TIMEx_HallSensor_Stop_DMA
 1263              		.syntax unified
 1264              		.thumb
 1265              		.thumb_func
 1267              	HAL_TIMEx_HallSensor_Stop_DMA:
 1268              	.LVL84:
 1269              	.LFB143:
 564:Drivers/STM32F4xx_HAL_Driver/Src/stm32f4xx_hal_tim_ex.c ****   /* Check the parameters */
 1270              		.loc 1 564 1 is_stmt 1 view -0
 1271              		.cfi_startproc
 1272              		@ args = 0, pretend = 0, frame = 0
 1273              		@ frame_needed = 0, uses_anonymous_args = 0
 564:Drivers/STM32F4xx_HAL_Driver/Src/stm32f4xx_hal_tim_ex.c ****   /* Check the parameters */
 1274              		.loc 1 564 1 is_stmt 0 view .LVU402
 1275 0000 10B5     		push	{r4, lr}
 1276              	.LCFI13:
 1277              		.cfi_def_cfa_offset 8
 1278              		.cfi_offset 4, -8
 1279              		.cfi_offset 14, -4
 1280 0002 0446     		mov	r4, r0
 566:Drivers/STM32F4xx_HAL_Driver/Src/stm32f4xx_hal_tim_ex.c **** 
 1281              		.loc 1 566 3 is_stmt 1 view .LVU403
 571:Drivers/STM32F4xx_HAL_Driver/Src/stm32f4xx_hal_tim_ex.c **** 
 1282              		.loc 1 571 3 view .LVU404
ARM GAS  C:\Users\pablo\AppData\Local\Temp\ccRGdM61.s 			page 72


 1283 0004 0022     		movs	r2, #0
 1284 0006 1146     		mov	r1, r2
 1285 0008 0068     		ldr	r0, [r0]
 1286              	.LVL85:
 571:Drivers/STM32F4xx_HAL_Driver/Src/stm32f4xx_hal_tim_ex.c **** 
 1287              		.loc 1 571 3 is_stmt 0 view .LVU405
 1288 000a FFF7FEFF 		bl	TIM_CCxChannelCmd
 1289              	.LVL86:
 575:Drivers/STM32F4xx_HAL_Driver/Src/stm32f4xx_hal_tim_ex.c **** 
 1290              		.loc 1 575 3 is_stmt 1 view .LVU406
 1291 000e 2268     		ldr	r2, [r4]
 1292 0010 D368     		ldr	r3, [r2, #12]
 1293 0012 23F40073 		bic	r3, r3, #512
 1294 0016 D360     		str	r3, [r2, #12]
 577:Drivers/STM32F4xx_HAL_Driver/Src/stm32f4xx_hal_tim_ex.c **** 
 1295              		.loc 1 577 3 view .LVU407
 577:Drivers/STM32F4xx_HAL_Driver/Src/stm32f4xx_hal_tim_ex.c **** 
 1296              		.loc 1 577 9 is_stmt 0 view .LVU408
 1297 0018 606A     		ldr	r0, [r4, #36]
 1298 001a FFF7FEFF 		bl	HAL_DMA_Abort_IT
 1299              	.LVL87:
 580:Drivers/STM32F4xx_HAL_Driver/Src/stm32f4xx_hal_tim_ex.c **** 
 1300              		.loc 1 580 3 is_stmt 1 view .LVU409
 580:Drivers/STM32F4xx_HAL_Driver/Src/stm32f4xx_hal_tim_ex.c **** 
 1301              		.loc 1 580 3 view .LVU410
 1302 001e 2368     		ldr	r3, [r4]
 1303 0020 196A     		ldr	r1, [r3, #32]
 1304 0022 41F21112 		movw	r2, #4369
 1305 0026 1142     		tst	r1, r2
 1306 0028 08D1     		bne	.L76
 580:Drivers/STM32F4xx_HAL_Driver/Src/stm32f4xx_hal_tim_ex.c **** 
 1307              		.loc 1 580 3 discriminator 1 view .LVU411
 1308 002a 196A     		ldr	r1, [r3, #32]
 1309 002c 40F24442 		movw	r2, #1092
 1310 0030 1142     		tst	r1, r2
 1311 0032 03D1     		bne	.L76
 580:Drivers/STM32F4xx_HAL_Driver/Src/stm32f4xx_hal_tim_ex.c **** 
 1312              		.loc 1 580 3 discriminator 3 view .LVU412
 1313 0034 1A68     		ldr	r2, [r3]
 1314 0036 22F00102 		bic	r2, r2, #1
 1315 003a 1A60     		str	r2, [r3]
 1316              	.L76:
 580:Drivers/STM32F4xx_HAL_Driver/Src/stm32f4xx_hal_tim_ex.c **** 
 1317              		.loc 1 580 3 discriminator 5 view .LVU413
 583:Drivers/STM32F4xx_HAL_Driver/Src/stm32f4xx_hal_tim_ex.c ****   TIM_CHANNEL_N_STATE_SET(htim, TIM_CHANNEL_1, HAL_TIM_CHANNEL_STATE_READY);
 1318              		.loc 1 583 3 view .LVU414
 1319 003c 0123     		movs	r3, #1
 1320 003e 84F83E30 		strb	r3, [r4, #62]
 584:Drivers/STM32F4xx_HAL_Driver/Src/stm32f4xx_hal_tim_ex.c **** 
 1321              		.loc 1 584 3 view .LVU415
 1322 0042 84F84230 		strb	r3, [r4, #66]
 587:Drivers/STM32F4xx_HAL_Driver/Src/stm32f4xx_hal_tim_ex.c **** }
 1323              		.loc 1 587 3 view .LVU416
 588:Drivers/STM32F4xx_HAL_Driver/Src/stm32f4xx_hal_tim_ex.c **** 
 1324              		.loc 1 588 1 is_stmt 0 view .LVU417
 1325 0046 0020     		movs	r0, #0
 1326 0048 10BD     		pop	{r4, pc}
ARM GAS  C:\Users\pablo\AppData\Local\Temp\ccRGdM61.s 			page 73


 588:Drivers/STM32F4xx_HAL_Driver/Src/stm32f4xx_hal_tim_ex.c **** 
 1327              		.loc 1 588 1 view .LVU418
 1328              		.cfi_endproc
 1329              	.LFE143:
 1331              		.section	.text.HAL_TIMEx_OCN_Start,"ax",%progbits
 1332              		.align	1
 1333              		.global	HAL_TIMEx_OCN_Start
 1334              		.syntax unified
 1335              		.thumb
 1336              		.thumb_func
 1338              	HAL_TIMEx_OCN_Start:
 1339              	.LVL88:
 1340              	.LFB144:
 626:Drivers/STM32F4xx_HAL_Driver/Src/stm32f4xx_hal_tim_ex.c ****   uint32_t tmpsmcr;
 1341              		.loc 1 626 1 is_stmt 1 view -0
 1342              		.cfi_startproc
 1343              		@ args = 0, pretend = 0, frame = 0
 1344              		@ frame_needed = 0, uses_anonymous_args = 0
 626:Drivers/STM32F4xx_HAL_Driver/Src/stm32f4xx_hal_tim_ex.c ****   uint32_t tmpsmcr;
 1345              		.loc 1 626 1 is_stmt 0 view .LVU420
 1346 0000 10B5     		push	{r4, lr}
 1347              	.LCFI14:
 1348              		.cfi_def_cfa_offset 8
 1349              		.cfi_offset 4, -8
 1350              		.cfi_offset 14, -4
 1351 0002 0446     		mov	r4, r0
 627:Drivers/STM32F4xx_HAL_Driver/Src/stm32f4xx_hal_tim_ex.c **** 
 1352              		.loc 1 627 3 is_stmt 1 view .LVU421
 630:Drivers/STM32F4xx_HAL_Driver/Src/stm32f4xx_hal_tim_ex.c **** 
 1353              		.loc 1 630 3 view .LVU422
 633:Drivers/STM32F4xx_HAL_Driver/Src/stm32f4xx_hal_tim_ex.c ****   {
 1354              		.loc 1 633 3 view .LVU423
 633:Drivers/STM32F4xx_HAL_Driver/Src/stm32f4xx_hal_tim_ex.c ****   {
 1355              		.loc 1 633 46 is_stmt 0 view .LVU424
 1356 0004 0846     		mov	r0, r1
 1357              	.LVL89:
 633:Drivers/STM32F4xx_HAL_Driver/Src/stm32f4xx_hal_tim_ex.c ****   {
 1358              		.loc 1 633 46 view .LVU425
 1359 0006 0029     		cmp	r1, #0
 1360 0008 32D1     		bne	.L79
 633:Drivers/STM32F4xx_HAL_Driver/Src/stm32f4xx_hal_tim_ex.c ****   {
 1361              		.loc 1 633 7 discriminator 1 view .LVU426
 1362 000a 94F84230 		ldrb	r3, [r4, #66]	@ zero_extendqisi2
 633:Drivers/STM32F4xx_HAL_Driver/Src/stm32f4xx_hal_tim_ex.c ****   {
 1363              		.loc 1 633 46 discriminator 1 view .LVU427
 1364 000e 013B     		subs	r3, r3, #1
 1365 0010 18BF     		it	ne
 1366 0012 0123     		movne	r3, #1
 1367              	.L80:
 633:Drivers/STM32F4xx_HAL_Driver/Src/stm32f4xx_hal_tim_ex.c ****   {
 1368              		.loc 1 633 6 discriminator 12 view .LVU428
 1369 0014 002B     		cmp	r3, #0
 1370 0016 5CD1     		bne	.L90
 639:Drivers/STM32F4xx_HAL_Driver/Src/stm32f4xx_hal_tim_ex.c **** 
 1371              		.loc 1 639 3 is_stmt 1 view .LVU429
 1372 0018 0028     		cmp	r0, #0
 1373 001a 3FD1     		bne	.L84
ARM GAS  C:\Users\pablo\AppData\Local\Temp\ccRGdM61.s 			page 74


 639:Drivers/STM32F4xx_HAL_Driver/Src/stm32f4xx_hal_tim_ex.c **** 
 1374              		.loc 1 639 3 is_stmt 0 discriminator 1 view .LVU430
 1375 001c 0223     		movs	r3, #2
 1376 001e 84F84230 		strb	r3, [r4, #66]
 1377              	.L85:
 642:Drivers/STM32F4xx_HAL_Driver/Src/stm32f4xx_hal_tim_ex.c **** 
 1378              		.loc 1 642 3 is_stmt 1 view .LVU431
 1379 0022 0422     		movs	r2, #4
 1380 0024 0146     		mov	r1, r0
 1381              	.LVL90:
 642:Drivers/STM32F4xx_HAL_Driver/Src/stm32f4xx_hal_tim_ex.c **** 
 1382              		.loc 1 642 3 is_stmt 0 view .LVU432
 1383 0026 2068     		ldr	r0, [r4]
 1384              	.LVL91:
 642:Drivers/STM32F4xx_HAL_Driver/Src/stm32f4xx_hal_tim_ex.c **** 
 1385              		.loc 1 642 3 view .LVU433
 1386 0028 FFF7FEFF 		bl	TIM_CCxNChannelCmd
 1387              	.LVL92:
 645:Drivers/STM32F4xx_HAL_Driver/Src/stm32f4xx_hal_tim_ex.c **** 
 1388              		.loc 1 645 3 is_stmt 1 view .LVU434
 1389 002c 2268     		ldr	r2, [r4]
 1390 002e 536C     		ldr	r3, [r2, #68]
 1391 0030 43F40043 		orr	r3, r3, #32768
 1392 0034 5364     		str	r3, [r2, #68]
 648:Drivers/STM32F4xx_HAL_Driver/Src/stm32f4xx_hal_tim_ex.c ****   {
 1393              		.loc 1 648 3 view .LVU435
 648:Drivers/STM32F4xx_HAL_Driver/Src/stm32f4xx_hal_tim_ex.c ****   {
 1394              		.loc 1 648 7 is_stmt 0 view .LVU436
 1395 0036 2368     		ldr	r3, [r4]
 648:Drivers/STM32F4xx_HAL_Driver/Src/stm32f4xx_hal_tim_ex.c ****   {
 1396              		.loc 1 648 6 view .LVU437
 1397 0038 284A     		ldr	r2, .L97
 1398 003a 9342     		cmp	r3, r2
 1399 003c 3ED0     		beq	.L88
 648:Drivers/STM32F4xx_HAL_Driver/Src/stm32f4xx_hal_tim_ex.c ****   {
 1400              		.loc 1 648 7 discriminator 1 view .LVU438
 1401 003e B3F1804F 		cmp	r3, #1073741824
 1402 0042 3BD0     		beq	.L88
 648:Drivers/STM32F4xx_HAL_Driver/Src/stm32f4xx_hal_tim_ex.c ****   {
 1403              		.loc 1 648 7 discriminator 2 view .LVU439
 1404 0044 A2F57C42 		sub	r2, r2, #64512
 1405 0048 9342     		cmp	r3, r2
 1406 004a 37D0     		beq	.L88
 648:Drivers/STM32F4xx_HAL_Driver/Src/stm32f4xx_hal_tim_ex.c ****   {
 1407              		.loc 1 648 7 discriminator 3 view .LVU440
 1408 004c 02F58062 		add	r2, r2, #1024
 1409 0050 9342     		cmp	r3, r2
 1410 0052 33D0     		beq	.L88
 648:Drivers/STM32F4xx_HAL_Driver/Src/stm32f4xx_hal_tim_ex.c ****   {
 1411              		.loc 1 648 7 discriminator 4 view .LVU441
 1412 0054 02F58062 		add	r2, r2, #1024
 1413 0058 9342     		cmp	r3, r2
 1414 005a 2FD0     		beq	.L88
 648:Drivers/STM32F4xx_HAL_Driver/Src/stm32f4xx_hal_tim_ex.c ****   {
 1415              		.loc 1 648 7 discriminator 5 view .LVU442
 1416 005c 02F59A32 		add	r2, r2, #78848
 1417 0060 9342     		cmp	r3, r2
ARM GAS  C:\Users\pablo\AppData\Local\Temp\ccRGdM61.s 			page 75


 1418 0062 2BD0     		beq	.L88
 658:Drivers/STM32F4xx_HAL_Driver/Src/stm32f4xx_hal_tim_ex.c ****   }
 1419              		.loc 1 658 5 is_stmt 1 view .LVU443
 1420 0064 1A68     		ldr	r2, [r3]
 1421 0066 42F00102 		orr	r2, r2, #1
 1422 006a 1A60     		str	r2, [r3]
 662:Drivers/STM32F4xx_HAL_Driver/Src/stm32f4xx_hal_tim_ex.c **** }
 1423              		.loc 1 662 10 is_stmt 0 view .LVU444
 1424 006c 0020     		movs	r0, #0
 1425 006e 2FE0     		b	.L83
 1426              	.LVL93:
 1427              	.L79:
 633:Drivers/STM32F4xx_HAL_Driver/Src/stm32f4xx_hal_tim_ex.c ****   {
 1428              		.loc 1 633 46 discriminator 2 view .LVU445
 1429 0070 0429     		cmp	r1, #4
 1430 0072 07D0     		beq	.L93
 633:Drivers/STM32F4xx_HAL_Driver/Src/stm32f4xx_hal_tim_ex.c ****   {
 1431              		.loc 1 633 46 discriminator 5 view .LVU446
 1432 0074 0829     		cmp	r1, #8
 1433 0076 0BD0     		beq	.L94
 633:Drivers/STM32F4xx_HAL_Driver/Src/stm32f4xx_hal_tim_ex.c ****   {
 1434              		.loc 1 633 7 discriminator 8 view .LVU447
 1435 0078 94F84530 		ldrb	r3, [r4, #69]	@ zero_extendqisi2
 633:Drivers/STM32F4xx_HAL_Driver/Src/stm32f4xx_hal_tim_ex.c ****   {
 1436              		.loc 1 633 46 discriminator 8 view .LVU448
 1437 007c 013B     		subs	r3, r3, #1
 1438 007e 18BF     		it	ne
 1439 0080 0123     		movne	r3, #1
 1440 0082 C7E7     		b	.L80
 1441              	.L93:
 633:Drivers/STM32F4xx_HAL_Driver/Src/stm32f4xx_hal_tim_ex.c ****   {
 1442              		.loc 1 633 7 discriminator 4 view .LVU449
 1443 0084 94F84330 		ldrb	r3, [r4, #67]	@ zero_extendqisi2
 633:Drivers/STM32F4xx_HAL_Driver/Src/stm32f4xx_hal_tim_ex.c ****   {
 1444              		.loc 1 633 46 discriminator 4 view .LVU450
 1445 0088 013B     		subs	r3, r3, #1
 1446 008a 18BF     		it	ne
 1447 008c 0123     		movne	r3, #1
 1448 008e C1E7     		b	.L80
 1449              	.L94:
 633:Drivers/STM32F4xx_HAL_Driver/Src/stm32f4xx_hal_tim_ex.c ****   {
 1450              		.loc 1 633 7 discriminator 7 view .LVU451
 1451 0090 94F84430 		ldrb	r3, [r4, #68]	@ zero_extendqisi2
 633:Drivers/STM32F4xx_HAL_Driver/Src/stm32f4xx_hal_tim_ex.c ****   {
 1452              		.loc 1 633 46 discriminator 7 view .LVU452
 1453 0094 013B     		subs	r3, r3, #1
 1454 0096 18BF     		it	ne
 1455 0098 0123     		movne	r3, #1
 1456 009a BBE7     		b	.L80
 1457              	.L84:
 639:Drivers/STM32F4xx_HAL_Driver/Src/stm32f4xx_hal_tim_ex.c **** 
 1458              		.loc 1 639 3 discriminator 2 view .LVU453
 1459 009c 0428     		cmp	r0, #4
 1460 009e 05D0     		beq	.L95
 639:Drivers/STM32F4xx_HAL_Driver/Src/stm32f4xx_hal_tim_ex.c **** 
 1461              		.loc 1 639 3 discriminator 4 view .LVU454
 1462 00a0 0828     		cmp	r0, #8
ARM GAS  C:\Users\pablo\AppData\Local\Temp\ccRGdM61.s 			page 76


 1463 00a2 07D0     		beq	.L96
 639:Drivers/STM32F4xx_HAL_Driver/Src/stm32f4xx_hal_tim_ex.c **** 
 1464              		.loc 1 639 3 discriminator 7 view .LVU455
 1465 00a4 0223     		movs	r3, #2
 1466 00a6 84F84530 		strb	r3, [r4, #69]
 1467 00aa BAE7     		b	.L85
 1468              	.L95:
 639:Drivers/STM32F4xx_HAL_Driver/Src/stm32f4xx_hal_tim_ex.c **** 
 1469              		.loc 1 639 3 discriminator 3 view .LVU456
 1470 00ac 0223     		movs	r3, #2
 1471 00ae 84F84330 		strb	r3, [r4, #67]
 1472 00b2 B6E7     		b	.L85
 1473              	.L96:
 639:Drivers/STM32F4xx_HAL_Driver/Src/stm32f4xx_hal_tim_ex.c **** 
 1474              		.loc 1 639 3 discriminator 6 view .LVU457
 1475 00b4 0223     		movs	r3, #2
 1476 00b6 84F84430 		strb	r3, [r4, #68]
 1477 00ba B2E7     		b	.L85
 1478              	.LVL94:
 1479              	.L88:
 650:Drivers/STM32F4xx_HAL_Driver/Src/stm32f4xx_hal_tim_ex.c ****     if (!IS_TIM_SLAVEMODE_TRIGGER_ENABLED(tmpsmcr))
 1480              		.loc 1 650 5 is_stmt 1 view .LVU458
 650:Drivers/STM32F4xx_HAL_Driver/Src/stm32f4xx_hal_tim_ex.c ****     if (!IS_TIM_SLAVEMODE_TRIGGER_ENABLED(tmpsmcr))
 1481              		.loc 1 650 29 is_stmt 0 view .LVU459
 1482 00bc 9A68     		ldr	r2, [r3, #8]
 650:Drivers/STM32F4xx_HAL_Driver/Src/stm32f4xx_hal_tim_ex.c ****     if (!IS_TIM_SLAVEMODE_TRIGGER_ENABLED(tmpsmcr))
 1483              		.loc 1 650 13 view .LVU460
 1484 00be 02F00702 		and	r2, r2, #7
 1485              	.LVL95:
 651:Drivers/STM32F4xx_HAL_Driver/Src/stm32f4xx_hal_tim_ex.c ****     {
 1486              		.loc 1 651 5 is_stmt 1 view .LVU461
 651:Drivers/STM32F4xx_HAL_Driver/Src/stm32f4xx_hal_tim_ex.c ****     {
 1487              		.loc 1 651 8 is_stmt 0 view .LVU462
 1488 00c2 062A     		cmp	r2, #6
 1489 00c4 07D0     		beq	.L91
 653:Drivers/STM32F4xx_HAL_Driver/Src/stm32f4xx_hal_tim_ex.c ****     }
 1490              		.loc 1 653 7 is_stmt 1 view .LVU463
 1491 00c6 1A68     		ldr	r2, [r3]
 1492              	.LVL96:
 653:Drivers/STM32F4xx_HAL_Driver/Src/stm32f4xx_hal_tim_ex.c ****     }
 1493              		.loc 1 653 7 is_stmt 0 view .LVU464
 1494 00c8 42F00102 		orr	r2, r2, #1
 1495 00cc 1A60     		str	r2, [r3]
 662:Drivers/STM32F4xx_HAL_Driver/Src/stm32f4xx_hal_tim_ex.c **** }
 1496              		.loc 1 662 10 view .LVU465
 1497 00ce 0020     		movs	r0, #0
 1498              	.LVL97:
 1499              	.L83:
 663:Drivers/STM32F4xx_HAL_Driver/Src/stm32f4xx_hal_tim_ex.c **** 
 1500              		.loc 1 663 1 view .LVU466
 1501 00d0 10BD     		pop	{r4, pc}
 1502              	.LVL98:
 1503              	.L90:
 635:Drivers/STM32F4xx_HAL_Driver/Src/stm32f4xx_hal_tim_ex.c ****   }
 1504              		.loc 1 635 12 view .LVU467
 1505 00d2 0120     		movs	r0, #1
 1506              	.LVL99:
ARM GAS  C:\Users\pablo\AppData\Local\Temp\ccRGdM61.s 			page 77


 635:Drivers/STM32F4xx_HAL_Driver/Src/stm32f4xx_hal_tim_ex.c ****   }
 1507              		.loc 1 635 12 view .LVU468
 1508 00d4 FCE7     		b	.L83
 1509              	.LVL100:
 1510              	.L91:
 662:Drivers/STM32F4xx_HAL_Driver/Src/stm32f4xx_hal_tim_ex.c **** }
 1511              		.loc 1 662 10 view .LVU469
 1512 00d6 0020     		movs	r0, #0
 1513 00d8 FAE7     		b	.L83
 1514              	.L98:
 1515 00da 00BF     		.align	2
 1516              	.L97:
 1517 00dc 00000140 		.word	1073807360
 1518              		.cfi_endproc
 1519              	.LFE144:
 1521              		.section	.text.HAL_TIMEx_OCN_Stop,"ax",%progbits
 1522              		.align	1
 1523              		.global	HAL_TIMEx_OCN_Stop
 1524              		.syntax unified
 1525              		.thumb
 1526              		.thumb_func
 1528              	HAL_TIMEx_OCN_Stop:
 1529              	.LVL101:
 1530              	.LFB145:
 677:Drivers/STM32F4xx_HAL_Driver/Src/stm32f4xx_hal_tim_ex.c ****   /* Check the parameters */
 1531              		.loc 1 677 1 is_stmt 1 view -0
 1532              		.cfi_startproc
 1533              		@ args = 0, pretend = 0, frame = 0
 1534              		@ frame_needed = 0, uses_anonymous_args = 0
 677:Drivers/STM32F4xx_HAL_Driver/Src/stm32f4xx_hal_tim_ex.c ****   /* Check the parameters */
 1535              		.loc 1 677 1 is_stmt 0 view .LVU471
 1536 0000 38B5     		push	{r3, r4, r5, lr}
 1537              	.LCFI15:
 1538              		.cfi_def_cfa_offset 16
 1539              		.cfi_offset 3, -16
 1540              		.cfi_offset 4, -12
 1541              		.cfi_offset 5, -8
 1542              		.cfi_offset 14, -4
 1543 0002 0446     		mov	r4, r0
 1544 0004 0D46     		mov	r5, r1
 679:Drivers/STM32F4xx_HAL_Driver/Src/stm32f4xx_hal_tim_ex.c **** 
 1545              		.loc 1 679 3 is_stmt 1 view .LVU472
 682:Drivers/STM32F4xx_HAL_Driver/Src/stm32f4xx_hal_tim_ex.c **** 
 1546              		.loc 1 682 3 view .LVU473
 1547 0006 0022     		movs	r2, #0
 1548 0008 0068     		ldr	r0, [r0]
 1549              	.LVL102:
 682:Drivers/STM32F4xx_HAL_Driver/Src/stm32f4xx_hal_tim_ex.c **** 
 1550              		.loc 1 682 3 is_stmt 0 view .LVU474
 1551 000a FFF7FEFF 		bl	TIM_CCxNChannelCmd
 1552              	.LVL103:
 685:Drivers/STM32F4xx_HAL_Driver/Src/stm32f4xx_hal_tim_ex.c **** 
 1553              		.loc 1 685 3 is_stmt 1 view .LVU475
 685:Drivers/STM32F4xx_HAL_Driver/Src/stm32f4xx_hal_tim_ex.c **** 
 1554              		.loc 1 685 3 view .LVU476
 1555 000e 2368     		ldr	r3, [r4]
 1556 0010 196A     		ldr	r1, [r3, #32]
ARM GAS  C:\Users\pablo\AppData\Local\Temp\ccRGdM61.s 			page 78


 1557 0012 41F21112 		movw	r2, #4369
 1558 0016 1142     		tst	r1, r2
 1559 0018 08D1     		bne	.L100
 685:Drivers/STM32F4xx_HAL_Driver/Src/stm32f4xx_hal_tim_ex.c **** 
 1560              		.loc 1 685 3 discriminator 1 view .LVU477
 1561 001a 196A     		ldr	r1, [r3, #32]
 1562 001c 40F24442 		movw	r2, #1092
 1563 0020 1142     		tst	r1, r2
 1564 0022 03D1     		bne	.L100
 685:Drivers/STM32F4xx_HAL_Driver/Src/stm32f4xx_hal_tim_ex.c **** 
 1565              		.loc 1 685 3 discriminator 3 view .LVU478
 1566 0024 5A6C     		ldr	r2, [r3, #68]
 1567 0026 22F40042 		bic	r2, r2, #32768
 1568 002a 5A64     		str	r2, [r3, #68]
 1569              	.L100:
 685:Drivers/STM32F4xx_HAL_Driver/Src/stm32f4xx_hal_tim_ex.c **** 
 1570              		.loc 1 685 3 discriminator 5 view .LVU479
 688:Drivers/STM32F4xx_HAL_Driver/Src/stm32f4xx_hal_tim_ex.c **** 
 1571              		.loc 1 688 3 view .LVU480
 688:Drivers/STM32F4xx_HAL_Driver/Src/stm32f4xx_hal_tim_ex.c **** 
 1572              		.loc 1 688 3 view .LVU481
 1573 002c 2368     		ldr	r3, [r4]
 1574 002e 196A     		ldr	r1, [r3, #32]
 1575 0030 41F21112 		movw	r2, #4369
 1576 0034 1142     		tst	r1, r2
 1577 0036 08D1     		bne	.L101
 688:Drivers/STM32F4xx_HAL_Driver/Src/stm32f4xx_hal_tim_ex.c **** 
 1578              		.loc 1 688 3 discriminator 1 view .LVU482
 1579 0038 196A     		ldr	r1, [r3, #32]
 1580 003a 40F24442 		movw	r2, #1092
 1581 003e 1142     		tst	r1, r2
 1582 0040 03D1     		bne	.L101
 688:Drivers/STM32F4xx_HAL_Driver/Src/stm32f4xx_hal_tim_ex.c **** 
 1583              		.loc 1 688 3 discriminator 3 view .LVU483
 1584 0042 1A68     		ldr	r2, [r3]
 1585 0044 22F00102 		bic	r2, r2, #1
 1586 0048 1A60     		str	r2, [r3]
 1587              	.L101:
 688:Drivers/STM32F4xx_HAL_Driver/Src/stm32f4xx_hal_tim_ex.c **** 
 1588              		.loc 1 688 3 discriminator 5 view .LVU484
 691:Drivers/STM32F4xx_HAL_Driver/Src/stm32f4xx_hal_tim_ex.c **** 
 1589              		.loc 1 691 3 view .LVU485
 1590 004a 25B9     		cbnz	r5, .L102
 691:Drivers/STM32F4xx_HAL_Driver/Src/stm32f4xx_hal_tim_ex.c **** 
 1591              		.loc 1 691 3 is_stmt 0 discriminator 1 view .LVU486
 1592 004c 0123     		movs	r3, #1
 1593 004e 84F84230 		strb	r3, [r4, #66]
 1594              	.L103:
 694:Drivers/STM32F4xx_HAL_Driver/Src/stm32f4xx_hal_tim_ex.c **** }
 1595              		.loc 1 694 3 is_stmt 1 view .LVU487
 695:Drivers/STM32F4xx_HAL_Driver/Src/stm32f4xx_hal_tim_ex.c **** 
 1596              		.loc 1 695 1 is_stmt 0 view .LVU488
 1597 0052 0020     		movs	r0, #0
 1598 0054 38BD     		pop	{r3, r4, r5, pc}
 1599              	.LVL104:
 1600              	.L102:
 691:Drivers/STM32F4xx_HAL_Driver/Src/stm32f4xx_hal_tim_ex.c **** 
ARM GAS  C:\Users\pablo\AppData\Local\Temp\ccRGdM61.s 			page 79


 1601              		.loc 1 691 3 discriminator 2 view .LVU489
 1602 0056 042D     		cmp	r5, #4
 1603 0058 05D0     		beq	.L107
 691:Drivers/STM32F4xx_HAL_Driver/Src/stm32f4xx_hal_tim_ex.c **** 
 1604              		.loc 1 691 3 discriminator 4 view .LVU490
 1605 005a 082D     		cmp	r5, #8
 1606 005c 07D0     		beq	.L108
 691:Drivers/STM32F4xx_HAL_Driver/Src/stm32f4xx_hal_tim_ex.c **** 
 1607              		.loc 1 691 3 discriminator 7 view .LVU491
 1608 005e 0123     		movs	r3, #1
 1609 0060 84F84530 		strb	r3, [r4, #69]
 1610 0064 F5E7     		b	.L103
 1611              	.L107:
 691:Drivers/STM32F4xx_HAL_Driver/Src/stm32f4xx_hal_tim_ex.c **** 
 1612              		.loc 1 691 3 discriminator 3 view .LVU492
 1613 0066 0123     		movs	r3, #1
 1614 0068 84F84330 		strb	r3, [r4, #67]
 1615 006c F1E7     		b	.L103
 1616              	.L108:
 691:Drivers/STM32F4xx_HAL_Driver/Src/stm32f4xx_hal_tim_ex.c **** 
 1617              		.loc 1 691 3 discriminator 6 view .LVU493
 1618 006e 0123     		movs	r3, #1
 1619 0070 84F84430 		strb	r3, [r4, #68]
 1620 0074 EDE7     		b	.L103
 1621              		.cfi_endproc
 1622              	.LFE145:
 1624              		.section	.text.HAL_TIMEx_OCN_Start_IT,"ax",%progbits
 1625              		.align	1
 1626              		.global	HAL_TIMEx_OCN_Start_IT
 1627              		.syntax unified
 1628              		.thumb
 1629              		.thumb_func
 1631              	HAL_TIMEx_OCN_Start_IT:
 1632              	.LVL105:
 1633              	.LFB146:
 709:Drivers/STM32F4xx_HAL_Driver/Src/stm32f4xx_hal_tim_ex.c ****   HAL_StatusTypeDef status = HAL_OK;
 1634              		.loc 1 709 1 is_stmt 1 view -0
 1635              		.cfi_startproc
 1636              		@ args = 0, pretend = 0, frame = 0
 1637              		@ frame_needed = 0, uses_anonymous_args = 0
 709:Drivers/STM32F4xx_HAL_Driver/Src/stm32f4xx_hal_tim_ex.c ****   HAL_StatusTypeDef status = HAL_OK;
 1638              		.loc 1 709 1 is_stmt 0 view .LVU495
 1639 0000 10B5     		push	{r4, lr}
 1640              	.LCFI16:
 1641              		.cfi_def_cfa_offset 8
 1642              		.cfi_offset 4, -8
 1643              		.cfi_offset 14, -4
 1644 0002 0446     		mov	r4, r0
 710:Drivers/STM32F4xx_HAL_Driver/Src/stm32f4xx_hal_tim_ex.c ****   uint32_t tmpsmcr;
 1645              		.loc 1 710 3 is_stmt 1 view .LVU496
 1646              	.LVL106:
 711:Drivers/STM32F4xx_HAL_Driver/Src/stm32f4xx_hal_tim_ex.c **** 
 1647              		.loc 1 711 3 view .LVU497
 714:Drivers/STM32F4xx_HAL_Driver/Src/stm32f4xx_hal_tim_ex.c **** 
 1648              		.loc 1 714 3 view .LVU498
 717:Drivers/STM32F4xx_HAL_Driver/Src/stm32f4xx_hal_tim_ex.c ****   {
 1649              		.loc 1 717 3 view .LVU499
ARM GAS  C:\Users\pablo\AppData\Local\Temp\ccRGdM61.s 			page 80


 717:Drivers/STM32F4xx_HAL_Driver/Src/stm32f4xx_hal_tim_ex.c ****   {
 1650              		.loc 1 717 46 is_stmt 0 view .LVU500
 1651 0004 0846     		mov	r0, r1
 1652              	.LVL107:
 717:Drivers/STM32F4xx_HAL_Driver/Src/stm32f4xx_hal_tim_ex.c ****   {
 1653              		.loc 1 717 46 view .LVU501
 1654 0006 0029     		cmp	r1, #0
 1655 0008 3CD1     		bne	.L110
 717:Drivers/STM32F4xx_HAL_Driver/Src/stm32f4xx_hal_tim_ex.c ****   {
 1656              		.loc 1 717 7 discriminator 1 view .LVU502
 1657 000a 94F84230 		ldrb	r3, [r4, #66]	@ zero_extendqisi2
 717:Drivers/STM32F4xx_HAL_Driver/Src/stm32f4xx_hal_tim_ex.c ****   {
 1658              		.loc 1 717 46 discriminator 1 view .LVU503
 1659 000e 013B     		subs	r3, r3, #1
 1660 0010 18BF     		it	ne
 1661 0012 0123     		movne	r3, #1
 1662              	.L111:
 717:Drivers/STM32F4xx_HAL_Driver/Src/stm32f4xx_hal_tim_ex.c ****   {
 1663              		.loc 1 717 6 discriminator 12 view .LVU504
 1664 0014 002B     		cmp	r3, #0
 1665 0016 77D1     		bne	.L124
 723:Drivers/STM32F4xx_HAL_Driver/Src/stm32f4xx_hal_tim_ex.c **** 
 1666              		.loc 1 723 3 is_stmt 1 view .LVU505
 1667 0018 0028     		cmp	r0, #0
 1668 001a 49D1     		bne	.L115
 723:Drivers/STM32F4xx_HAL_Driver/Src/stm32f4xx_hal_tim_ex.c **** 
 1669              		.loc 1 723 3 is_stmt 0 discriminator 1 view .LVU506
 1670 001c 0223     		movs	r3, #2
 1671 001e 84F84230 		strb	r3, [r4, #66]
 725:Drivers/STM32F4xx_HAL_Driver/Src/stm32f4xx_hal_tim_ex.c ****   {
 1672              		.loc 1 725 3 is_stmt 1 view .LVU507
 1673              	.L116:
 730:Drivers/STM32F4xx_HAL_Driver/Src/stm32f4xx_hal_tim_ex.c ****       break;
 1674              		.loc 1 730 7 view .LVU508
 1675 0022 2268     		ldr	r2, [r4]
 1676 0024 D368     		ldr	r3, [r2, #12]
 1677 0026 43F00203 		orr	r3, r3, #2
 1678 002a D360     		str	r3, [r2, #12]
 731:Drivers/STM32F4xx_HAL_Driver/Src/stm32f4xx_hal_tim_ex.c ****     }
 1679              		.loc 1 731 7 view .LVU509
 754:Drivers/STM32F4xx_HAL_Driver/Src/stm32f4xx_hal_tim_ex.c ****   {
 1680              		.loc 1 754 3 view .LVU510
 1681              	.L121:
 757:Drivers/STM32F4xx_HAL_Driver/Src/stm32f4xx_hal_tim_ex.c **** 
 1682              		.loc 1 757 5 view .LVU511
 1683 002c 2268     		ldr	r2, [r4]
 1684 002e D368     		ldr	r3, [r2, #12]
 1685 0030 43F08003 		orr	r3, r3, #128
 1686 0034 D360     		str	r3, [r2, #12]
 760:Drivers/STM32F4xx_HAL_Driver/Src/stm32f4xx_hal_tim_ex.c **** 
 1687              		.loc 1 760 5 view .LVU512
 1688 0036 0422     		movs	r2, #4
 1689 0038 0146     		mov	r1, r0
 1690              	.LVL108:
 760:Drivers/STM32F4xx_HAL_Driver/Src/stm32f4xx_hal_tim_ex.c **** 
 1691              		.loc 1 760 5 is_stmt 0 view .LVU513
 1692 003a 2068     		ldr	r0, [r4]
ARM GAS  C:\Users\pablo\AppData\Local\Temp\ccRGdM61.s 			page 81


 1693              	.LVL109:
 760:Drivers/STM32F4xx_HAL_Driver/Src/stm32f4xx_hal_tim_ex.c **** 
 1694              		.loc 1 760 5 view .LVU514
 1695 003c FFF7FEFF 		bl	TIM_CCxNChannelCmd
 1696              	.LVL110:
 763:Drivers/STM32F4xx_HAL_Driver/Src/stm32f4xx_hal_tim_ex.c **** 
 1697              		.loc 1 763 5 is_stmt 1 view .LVU515
 1698 0040 2268     		ldr	r2, [r4]
 1699 0042 536C     		ldr	r3, [r2, #68]
 1700 0044 43F40043 		orr	r3, r3, #32768
 1701 0048 5364     		str	r3, [r2, #68]
 766:Drivers/STM32F4xx_HAL_Driver/Src/stm32f4xx_hal_tim_ex.c ****     {
 1702              		.loc 1 766 5 view .LVU516
 766:Drivers/STM32F4xx_HAL_Driver/Src/stm32f4xx_hal_tim_ex.c ****     {
 1703              		.loc 1 766 9 is_stmt 0 view .LVU517
 1704 004a 2368     		ldr	r3, [r4]
 766:Drivers/STM32F4xx_HAL_Driver/Src/stm32f4xx_hal_tim_ex.c ****     {
 1705              		.loc 1 766 8 view .LVU518
 1706 004c 304A     		ldr	r2, .L132
 1707 004e 9342     		cmp	r3, r2
 1708 0050 4FD0     		beq	.L122
 766:Drivers/STM32F4xx_HAL_Driver/Src/stm32f4xx_hal_tim_ex.c ****     {
 1709              		.loc 1 766 9 discriminator 1 view .LVU519
 1710 0052 B3F1804F 		cmp	r3, #1073741824
 1711 0056 4CD0     		beq	.L122
 766:Drivers/STM32F4xx_HAL_Driver/Src/stm32f4xx_hal_tim_ex.c ****     {
 1712              		.loc 1 766 9 discriminator 2 view .LVU520
 1713 0058 A2F57C42 		sub	r2, r2, #64512
 1714 005c 9342     		cmp	r3, r2
 1715 005e 48D0     		beq	.L122
 766:Drivers/STM32F4xx_HAL_Driver/Src/stm32f4xx_hal_tim_ex.c ****     {
 1716              		.loc 1 766 9 discriminator 3 view .LVU521
 1717 0060 02F58062 		add	r2, r2, #1024
 1718 0064 9342     		cmp	r3, r2
 1719 0066 44D0     		beq	.L122
 766:Drivers/STM32F4xx_HAL_Driver/Src/stm32f4xx_hal_tim_ex.c ****     {
 1720              		.loc 1 766 9 discriminator 4 view .LVU522
 1721 0068 02F58062 		add	r2, r2, #1024
 1722 006c 9342     		cmp	r3, r2
 1723 006e 40D0     		beq	.L122
 766:Drivers/STM32F4xx_HAL_Driver/Src/stm32f4xx_hal_tim_ex.c ****     {
 1724              		.loc 1 766 9 discriminator 5 view .LVU523
 1725 0070 02F59A32 		add	r2, r2, #78848
 1726 0074 9342     		cmp	r3, r2
 1727 0076 3CD0     		beq	.L122
 776:Drivers/STM32F4xx_HAL_Driver/Src/stm32f4xx_hal_tim_ex.c ****     }
 1728              		.loc 1 776 7 is_stmt 1 view .LVU524
 1729 0078 1A68     		ldr	r2, [r3]
 1730 007a 42F00102 		orr	r2, r2, #1
 1731 007e 1A60     		str	r2, [r3]
 1732 0080 0020     		movs	r0, #0
 1733 0082 40E0     		b	.L114
 1734              	.LVL111:
 1735              	.L110:
 717:Drivers/STM32F4xx_HAL_Driver/Src/stm32f4xx_hal_tim_ex.c ****   {
 1736              		.loc 1 717 46 is_stmt 0 discriminator 2 view .LVU525
 1737 0084 0429     		cmp	r1, #4
ARM GAS  C:\Users\pablo\AppData\Local\Temp\ccRGdM61.s 			page 82


 1738 0086 07D0     		beq	.L128
 717:Drivers/STM32F4xx_HAL_Driver/Src/stm32f4xx_hal_tim_ex.c ****   {
 1739              		.loc 1 717 46 discriminator 5 view .LVU526
 1740 0088 0829     		cmp	r1, #8
 1741 008a 0BD0     		beq	.L129
 717:Drivers/STM32F4xx_HAL_Driver/Src/stm32f4xx_hal_tim_ex.c ****   {
 1742              		.loc 1 717 7 discriminator 8 view .LVU527
 1743 008c 94F84530 		ldrb	r3, [r4, #69]	@ zero_extendqisi2
 717:Drivers/STM32F4xx_HAL_Driver/Src/stm32f4xx_hal_tim_ex.c ****   {
 1744              		.loc 1 717 46 discriminator 8 view .LVU528
 1745 0090 013B     		subs	r3, r3, #1
 1746 0092 18BF     		it	ne
 1747 0094 0123     		movne	r3, #1
 1748 0096 BDE7     		b	.L111
 1749              	.L128:
 717:Drivers/STM32F4xx_HAL_Driver/Src/stm32f4xx_hal_tim_ex.c ****   {
 1750              		.loc 1 717 7 discriminator 4 view .LVU529
 1751 0098 94F84330 		ldrb	r3, [r4, #67]	@ zero_extendqisi2
 717:Drivers/STM32F4xx_HAL_Driver/Src/stm32f4xx_hal_tim_ex.c ****   {
 1752              		.loc 1 717 46 discriminator 4 view .LVU530
 1753 009c 013B     		subs	r3, r3, #1
 1754 009e 18BF     		it	ne
 1755 00a0 0123     		movne	r3, #1
 1756 00a2 B7E7     		b	.L111
 1757              	.L129:
 717:Drivers/STM32F4xx_HAL_Driver/Src/stm32f4xx_hal_tim_ex.c ****   {
 1758              		.loc 1 717 7 discriminator 7 view .LVU531
 1759 00a4 94F84430 		ldrb	r3, [r4, #68]	@ zero_extendqisi2
 717:Drivers/STM32F4xx_HAL_Driver/Src/stm32f4xx_hal_tim_ex.c ****   {
 1760              		.loc 1 717 46 discriminator 7 view .LVU532
 1761 00a8 013B     		subs	r3, r3, #1
 1762 00aa 18BF     		it	ne
 1763 00ac 0123     		movne	r3, #1
 1764 00ae B1E7     		b	.L111
 1765              	.L115:
 723:Drivers/STM32F4xx_HAL_Driver/Src/stm32f4xx_hal_tim_ex.c **** 
 1766              		.loc 1 723 3 discriminator 2 view .LVU533
 1767 00b0 0428     		cmp	r0, #4
 1768 00b2 0CD0     		beq	.L130
 723:Drivers/STM32F4xx_HAL_Driver/Src/stm32f4xx_hal_tim_ex.c **** 
 1769              		.loc 1 723 3 discriminator 4 view .LVU534
 1770 00b4 0828     		cmp	r0, #8
 1771 00b6 13D0     		beq	.L131
 723:Drivers/STM32F4xx_HAL_Driver/Src/stm32f4xx_hal_tim_ex.c **** 
 1772              		.loc 1 723 3 discriminator 7 view .LVU535
 1773 00b8 0223     		movs	r3, #2
 1774 00ba 84F84530 		strb	r3, [r4, #69]
 725:Drivers/STM32F4xx_HAL_Driver/Src/stm32f4xx_hal_tim_ex.c ****   {
 1775              		.loc 1 725 3 is_stmt 1 view .LVU536
 1776 00be 0428     		cmp	r0, #4
 1777 00c0 08D0     		beq	.L118
 1778 00c2 0828     		cmp	r0, #8
 1779 00c4 0FD0     		beq	.L120
 1780 00c6 0028     		cmp	r0, #0
 1781 00c8 ABD0     		beq	.L116
 1782 00ca 0120     		movs	r0, #1
 1783              	.LVL112:
ARM GAS  C:\Users\pablo\AppData\Local\Temp\ccRGdM61.s 			page 83


 725:Drivers/STM32F4xx_HAL_Driver/Src/stm32f4xx_hal_tim_ex.c ****   {
 1784              		.loc 1 725 3 is_stmt 0 view .LVU537
 1785 00cc 1BE0     		b	.L114
 1786              	.LVL113:
 1787              	.L130:
 723:Drivers/STM32F4xx_HAL_Driver/Src/stm32f4xx_hal_tim_ex.c **** 
 1788              		.loc 1 723 3 discriminator 3 view .LVU538
 1789 00ce 0223     		movs	r3, #2
 1790 00d0 84F84330 		strb	r3, [r4, #67]
 725:Drivers/STM32F4xx_HAL_Driver/Src/stm32f4xx_hal_tim_ex.c ****   {
 1791              		.loc 1 725 3 is_stmt 1 view .LVU539
 1792              	.L118:
 737:Drivers/STM32F4xx_HAL_Driver/Src/stm32f4xx_hal_tim_ex.c ****       break;
 1793              		.loc 1 737 7 view .LVU540
 1794 00d4 2268     		ldr	r2, [r4]
 1795 00d6 D368     		ldr	r3, [r2, #12]
 1796 00d8 43F00403 		orr	r3, r3, #4
 1797 00dc D360     		str	r3, [r2, #12]
 738:Drivers/STM32F4xx_HAL_Driver/Src/stm32f4xx_hal_tim_ex.c ****     }
 1798              		.loc 1 738 7 view .LVU541
 754:Drivers/STM32F4xx_HAL_Driver/Src/stm32f4xx_hal_tim_ex.c ****   {
 1799              		.loc 1 754 3 view .LVU542
 1800 00de A5E7     		b	.L121
 1801              	.L131:
 723:Drivers/STM32F4xx_HAL_Driver/Src/stm32f4xx_hal_tim_ex.c **** 
 1802              		.loc 1 723 3 is_stmt 0 discriminator 6 view .LVU543
 1803 00e0 0223     		movs	r3, #2
 1804 00e2 84F84430 		strb	r3, [r4, #68]
 725:Drivers/STM32F4xx_HAL_Driver/Src/stm32f4xx_hal_tim_ex.c ****   {
 1805              		.loc 1 725 3 is_stmt 1 view .LVU544
 1806              	.L120:
 744:Drivers/STM32F4xx_HAL_Driver/Src/stm32f4xx_hal_tim_ex.c ****       break;
 1807              		.loc 1 744 7 view .LVU545
 1808 00e6 2268     		ldr	r2, [r4]
 1809 00e8 D368     		ldr	r3, [r2, #12]
 1810 00ea 43F00803 		orr	r3, r3, #8
 1811 00ee D360     		str	r3, [r2, #12]
 745:Drivers/STM32F4xx_HAL_Driver/Src/stm32f4xx_hal_tim_ex.c ****     }
 1812              		.loc 1 745 7 view .LVU546
 754:Drivers/STM32F4xx_HAL_Driver/Src/stm32f4xx_hal_tim_ex.c ****   {
 1813              		.loc 1 754 3 view .LVU547
 1814 00f0 9CE7     		b	.L121
 1815              	.LVL114:
 1816              	.L122:
 768:Drivers/STM32F4xx_HAL_Driver/Src/stm32f4xx_hal_tim_ex.c ****       if (!IS_TIM_SLAVEMODE_TRIGGER_ENABLED(tmpsmcr))
 1817              		.loc 1 768 7 view .LVU548
 768:Drivers/STM32F4xx_HAL_Driver/Src/stm32f4xx_hal_tim_ex.c ****       if (!IS_TIM_SLAVEMODE_TRIGGER_ENABLED(tmpsmcr))
 1818              		.loc 1 768 31 is_stmt 0 view .LVU549
 1819 00f2 9A68     		ldr	r2, [r3, #8]
 768:Drivers/STM32F4xx_HAL_Driver/Src/stm32f4xx_hal_tim_ex.c ****       if (!IS_TIM_SLAVEMODE_TRIGGER_ENABLED(tmpsmcr))
 1820              		.loc 1 768 15 view .LVU550
 1821 00f4 02F00702 		and	r2, r2, #7
 1822              	.LVL115:
 769:Drivers/STM32F4xx_HAL_Driver/Src/stm32f4xx_hal_tim_ex.c ****       {
 1823              		.loc 1 769 7 is_stmt 1 view .LVU551
 769:Drivers/STM32F4xx_HAL_Driver/Src/stm32f4xx_hal_tim_ex.c ****       {
 1824              		.loc 1 769 10 is_stmt 0 view .LVU552
ARM GAS  C:\Users\pablo\AppData\Local\Temp\ccRGdM61.s 			page 84


 1825 00f8 062A     		cmp	r2, #6
 1826 00fa 07D0     		beq	.L126
 771:Drivers/STM32F4xx_HAL_Driver/Src/stm32f4xx_hal_tim_ex.c ****       }
 1827              		.loc 1 771 9 is_stmt 1 view .LVU553
 1828 00fc 1A68     		ldr	r2, [r3]
 1829              	.LVL116:
 771:Drivers/STM32F4xx_HAL_Driver/Src/stm32f4xx_hal_tim_ex.c ****       }
 1830              		.loc 1 771 9 is_stmt 0 view .LVU554
 1831 00fe 42F00102 		orr	r2, r2, #1
 1832 0102 1A60     		str	r2, [r3]
 1833 0104 0020     		movs	r0, #0
 1834              	.LVL117:
 1835              	.L114:
 782:Drivers/STM32F4xx_HAL_Driver/Src/stm32f4xx_hal_tim_ex.c **** 
 1836              		.loc 1 782 1 view .LVU555
 1837 0106 10BD     		pop	{r4, pc}
 1838              	.LVL118:
 1839              	.L124:
 719:Drivers/STM32F4xx_HAL_Driver/Src/stm32f4xx_hal_tim_ex.c ****   }
 1840              		.loc 1 719 12 view .LVU556
 1841 0108 0120     		movs	r0, #1
 1842              	.LVL119:
 719:Drivers/STM32F4xx_HAL_Driver/Src/stm32f4xx_hal_tim_ex.c ****   }
 1843              		.loc 1 719 12 view .LVU557
 1844 010a FCE7     		b	.L114
 1845              	.LVL120:
 1846              	.L126:
 719:Drivers/STM32F4xx_HAL_Driver/Src/stm32f4xx_hal_tim_ex.c ****   }
 1847              		.loc 1 719 12 view .LVU558
 1848 010c 0020     		movs	r0, #0
 1849 010e FAE7     		b	.L114
 1850              	.L133:
 1851              		.align	2
 1852              	.L132:
 1853 0110 00000140 		.word	1073807360
 1854              		.cfi_endproc
 1855              	.LFE146:
 1857              		.section	.text.HAL_TIMEx_OCN_Stop_IT,"ax",%progbits
 1858              		.align	1
 1859              		.global	HAL_TIMEx_OCN_Stop_IT
 1860              		.syntax unified
 1861              		.thumb
 1862              		.thumb_func
 1864              	HAL_TIMEx_OCN_Stop_IT:
 1865              	.LVL121:
 1866              	.LFB147:
 796:Drivers/STM32F4xx_HAL_Driver/Src/stm32f4xx_hal_tim_ex.c ****   HAL_StatusTypeDef status = HAL_OK;
 1867              		.loc 1 796 1 is_stmt 1 view -0
 1868              		.cfi_startproc
 1869              		@ args = 0, pretend = 0, frame = 0
 1870              		@ frame_needed = 0, uses_anonymous_args = 0
 796:Drivers/STM32F4xx_HAL_Driver/Src/stm32f4xx_hal_tim_ex.c ****   HAL_StatusTypeDef status = HAL_OK;
 1871              		.loc 1 796 1 is_stmt 0 view .LVU560
 1872 0000 38B5     		push	{r3, r4, r5, lr}
 1873              	.LCFI17:
 1874              		.cfi_def_cfa_offset 16
 1875              		.cfi_offset 3, -16
ARM GAS  C:\Users\pablo\AppData\Local\Temp\ccRGdM61.s 			page 85


 1876              		.cfi_offset 4, -12
 1877              		.cfi_offset 5, -8
 1878              		.cfi_offset 14, -4
 1879 0002 0446     		mov	r4, r0
 1880 0004 0D46     		mov	r5, r1
 797:Drivers/STM32F4xx_HAL_Driver/Src/stm32f4xx_hal_tim_ex.c ****   uint32_t tmpccer;
 1881              		.loc 1 797 3 is_stmt 1 view .LVU561
 1882              	.LVL122:
 798:Drivers/STM32F4xx_HAL_Driver/Src/stm32f4xx_hal_tim_ex.c **** 
 1883              		.loc 1 798 3 view .LVU562
 801:Drivers/STM32F4xx_HAL_Driver/Src/stm32f4xx_hal_tim_ex.c **** 
 1884              		.loc 1 801 3 view .LVU563
 803:Drivers/STM32F4xx_HAL_Driver/Src/stm32f4xx_hal_tim_ex.c ****   {
 1885              		.loc 1 803 3 view .LVU564
 1886 0006 0429     		cmp	r1, #4
 1887 0008 3BD0     		beq	.L135
 1888 000a 0829     		cmp	r1, #8
 1889 000c 3FD0     		beq	.L136
 1890 000e 0029     		cmp	r1, #0
 1891 0010 56D1     		bne	.L145
 808:Drivers/STM32F4xx_HAL_Driver/Src/stm32f4xx_hal_tim_ex.c ****       break;
 1892              		.loc 1 808 7 view .LVU565
 1893 0012 0268     		ldr	r2, [r0]
 1894 0014 D368     		ldr	r3, [r2, #12]
 1895 0016 23F00203 		bic	r3, r3, #2
 1896 001a D360     		str	r3, [r2, #12]
 809:Drivers/STM32F4xx_HAL_Driver/Src/stm32f4xx_hal_tim_ex.c ****     }
 1897              		.loc 1 809 7 view .LVU566
 831:Drivers/STM32F4xx_HAL_Driver/Src/stm32f4xx_hal_tim_ex.c ****   {
 1898              		.loc 1 831 3 view .LVU567
 1899              	.L138:
 834:Drivers/STM32F4xx_HAL_Driver/Src/stm32f4xx_hal_tim_ex.c **** 
 1900              		.loc 1 834 5 view .LVU568
 1901 001c 0022     		movs	r2, #0
 1902 001e 2946     		mov	r1, r5
 1903              	.LVL123:
 834:Drivers/STM32F4xx_HAL_Driver/Src/stm32f4xx_hal_tim_ex.c **** 
 1904              		.loc 1 834 5 is_stmt 0 view .LVU569
 1905 0020 2068     		ldr	r0, [r4]
 1906              	.LVL124:
 834:Drivers/STM32F4xx_HAL_Driver/Src/stm32f4xx_hal_tim_ex.c **** 
 1907              		.loc 1 834 5 view .LVU570
 1908 0022 FFF7FEFF 		bl	TIM_CCxNChannelCmd
 1909              	.LVL125:
 837:Drivers/STM32F4xx_HAL_Driver/Src/stm32f4xx_hal_tim_ex.c ****     if ((tmpccer & TIM_CCER_CCxNE_MASK) == (uint32_t)RESET)
 1910              		.loc 1 837 5 is_stmt 1 view .LVU571
 837:Drivers/STM32F4xx_HAL_Driver/Src/stm32f4xx_hal_tim_ex.c ****     if ((tmpccer & TIM_CCER_CCxNE_MASK) == (uint32_t)RESET)
 1911              		.loc 1 837 19 is_stmt 0 view .LVU572
 1912 0026 2368     		ldr	r3, [r4]
 837:Drivers/STM32F4xx_HAL_Driver/Src/stm32f4xx_hal_tim_ex.c ****     if ((tmpccer & TIM_CCER_CCxNE_MASK) == (uint32_t)RESET)
 1913              		.loc 1 837 13 view .LVU573
 1914 0028 196A     		ldr	r1, [r3, #32]
 1915              	.LVL126:
 838:Drivers/STM32F4xx_HAL_Driver/Src/stm32f4xx_hal_tim_ex.c ****     {
 1916              		.loc 1 838 5 is_stmt 1 view .LVU574
 838:Drivers/STM32F4xx_HAL_Driver/Src/stm32f4xx_hal_tim_ex.c ****     {
 1917              		.loc 1 838 8 is_stmt 0 view .LVU575
ARM GAS  C:\Users\pablo\AppData\Local\Temp\ccRGdM61.s 			page 86


 1918 002a 40F24442 		movw	r2, #1092
 1919 002e 1142     		tst	r1, r2
 1920 0030 03D1     		bne	.L139
 840:Drivers/STM32F4xx_HAL_Driver/Src/stm32f4xx_hal_tim_ex.c ****     }
 1921              		.loc 1 840 7 is_stmt 1 view .LVU576
 1922 0032 DA68     		ldr	r2, [r3, #12]
 1923 0034 22F08002 		bic	r2, r2, #128
 1924 0038 DA60     		str	r2, [r3, #12]
 1925              	.L139:
 844:Drivers/STM32F4xx_HAL_Driver/Src/stm32f4xx_hal_tim_ex.c **** 
 1926              		.loc 1 844 5 view .LVU577
 844:Drivers/STM32F4xx_HAL_Driver/Src/stm32f4xx_hal_tim_ex.c **** 
 1927              		.loc 1 844 5 view .LVU578
 1928 003a 2368     		ldr	r3, [r4]
 1929 003c 196A     		ldr	r1, [r3, #32]
 1930              	.LVL127:
 844:Drivers/STM32F4xx_HAL_Driver/Src/stm32f4xx_hal_tim_ex.c **** 
 1931              		.loc 1 844 5 is_stmt 0 view .LVU579
 1932 003e 41F21112 		movw	r2, #4369
 1933 0042 1142     		tst	r1, r2
 1934 0044 08D1     		bne	.L140
 844:Drivers/STM32F4xx_HAL_Driver/Src/stm32f4xx_hal_tim_ex.c **** 
 1935              		.loc 1 844 5 is_stmt 1 discriminator 1 view .LVU580
 1936 0046 196A     		ldr	r1, [r3, #32]
 1937 0048 40F24442 		movw	r2, #1092
 1938 004c 1142     		tst	r1, r2
 1939 004e 03D1     		bne	.L140
 844:Drivers/STM32F4xx_HAL_Driver/Src/stm32f4xx_hal_tim_ex.c **** 
 1940              		.loc 1 844 5 discriminator 3 view .LVU581
 1941 0050 5A6C     		ldr	r2, [r3, #68]
 1942 0052 22F40042 		bic	r2, r2, #32768
 1943 0056 5A64     		str	r2, [r3, #68]
 1944              	.L140:
 844:Drivers/STM32F4xx_HAL_Driver/Src/stm32f4xx_hal_tim_ex.c **** 
 1945              		.loc 1 844 5 discriminator 5 view .LVU582
 847:Drivers/STM32F4xx_HAL_Driver/Src/stm32f4xx_hal_tim_ex.c **** 
 1946              		.loc 1 847 5 view .LVU583
 847:Drivers/STM32F4xx_HAL_Driver/Src/stm32f4xx_hal_tim_ex.c **** 
 1947              		.loc 1 847 5 view .LVU584
 1948 0058 2368     		ldr	r3, [r4]
 1949 005a 196A     		ldr	r1, [r3, #32]
 1950 005c 41F21112 		movw	r2, #4369
 1951 0060 1142     		tst	r1, r2
 1952 0062 08D1     		bne	.L141
 847:Drivers/STM32F4xx_HAL_Driver/Src/stm32f4xx_hal_tim_ex.c **** 
 1953              		.loc 1 847 5 discriminator 1 view .LVU585
 1954 0064 196A     		ldr	r1, [r3, #32]
 1955 0066 40F24442 		movw	r2, #1092
 1956 006a 1142     		tst	r1, r2
 1957 006c 03D1     		bne	.L141
 847:Drivers/STM32F4xx_HAL_Driver/Src/stm32f4xx_hal_tim_ex.c **** 
 1958              		.loc 1 847 5 discriminator 3 view .LVU586
 1959 006e 1A68     		ldr	r2, [r3]
 1960 0070 22F00102 		bic	r2, r2, #1
 1961 0074 1A60     		str	r2, [r3]
 1962              	.L141:
 847:Drivers/STM32F4xx_HAL_Driver/Src/stm32f4xx_hal_tim_ex.c **** 
ARM GAS  C:\Users\pablo\AppData\Local\Temp\ccRGdM61.s 			page 87


 1963              		.loc 1 847 5 discriminator 5 view .LVU587
 850:Drivers/STM32F4xx_HAL_Driver/Src/stm32f4xx_hal_tim_ex.c ****   }
 1964              		.loc 1 850 5 view .LVU588
 1965 0076 85B9     		cbnz	r5, .L142
 850:Drivers/STM32F4xx_HAL_Driver/Src/stm32f4xx_hal_tim_ex.c ****   }
 1966              		.loc 1 850 5 is_stmt 0 discriminator 1 view .LVU589
 1967 0078 0123     		movs	r3, #1
 1968 007a 84F84230 		strb	r3, [r4, #66]
 1969 007e 0020     		movs	r0, #0
 1970              	.LVL128:
 1971              	.L137:
 854:Drivers/STM32F4xx_HAL_Driver/Src/stm32f4xx_hal_tim_ex.c **** }
 1972              		.loc 1 854 3 is_stmt 1 view .LVU590
 855:Drivers/STM32F4xx_HAL_Driver/Src/stm32f4xx_hal_tim_ex.c **** 
 1973              		.loc 1 855 1 is_stmt 0 view .LVU591
 1974 0080 38BD     		pop	{r3, r4, r5, pc}
 1975              	.LVL129:
 1976              	.L135:
 815:Drivers/STM32F4xx_HAL_Driver/Src/stm32f4xx_hal_tim_ex.c ****       break;
 1977              		.loc 1 815 7 is_stmt 1 view .LVU592
 1978 0082 0268     		ldr	r2, [r0]
 1979 0084 D368     		ldr	r3, [r2, #12]
 1980 0086 23F00403 		bic	r3, r3, #4
 1981 008a D360     		str	r3, [r2, #12]
 816:Drivers/STM32F4xx_HAL_Driver/Src/stm32f4xx_hal_tim_ex.c ****     }
 1982              		.loc 1 816 7 view .LVU593
 831:Drivers/STM32F4xx_HAL_Driver/Src/stm32f4xx_hal_tim_ex.c ****   {
 1983              		.loc 1 831 3 view .LVU594
 1984 008c C6E7     		b	.L138
 1985              	.L136:
 822:Drivers/STM32F4xx_HAL_Driver/Src/stm32f4xx_hal_tim_ex.c ****       break;
 1986              		.loc 1 822 7 view .LVU595
 1987 008e 0268     		ldr	r2, [r0]
 1988 0090 D368     		ldr	r3, [r2, #12]
 1989 0092 23F00803 		bic	r3, r3, #8
 1990 0096 D360     		str	r3, [r2, #12]
 823:Drivers/STM32F4xx_HAL_Driver/Src/stm32f4xx_hal_tim_ex.c ****     }
 1991              		.loc 1 823 7 view .LVU596
 831:Drivers/STM32F4xx_HAL_Driver/Src/stm32f4xx_hal_tim_ex.c ****   {
 1992              		.loc 1 831 3 view .LVU597
 1993 0098 C0E7     		b	.L138
 1994              	.LVL130:
 1995              	.L142:
 850:Drivers/STM32F4xx_HAL_Driver/Src/stm32f4xx_hal_tim_ex.c ****   }
 1996              		.loc 1 850 5 is_stmt 0 discriminator 2 view .LVU598
 1997 009a 042D     		cmp	r5, #4
 1998 009c 06D0     		beq	.L147
 850:Drivers/STM32F4xx_HAL_Driver/Src/stm32f4xx_hal_tim_ex.c ****   }
 1999              		.loc 1 850 5 discriminator 4 view .LVU599
 2000 009e 082D     		cmp	r5, #8
 2001 00a0 09D0     		beq	.L148
 850:Drivers/STM32F4xx_HAL_Driver/Src/stm32f4xx_hal_tim_ex.c ****   }
 2002              		.loc 1 850 5 discriminator 7 view .LVU600
 2003 00a2 0123     		movs	r3, #1
 2004 00a4 84F84530 		strb	r3, [r4, #69]
 2005 00a8 0020     		movs	r0, #0
 2006 00aa E9E7     		b	.L137
ARM GAS  C:\Users\pablo\AppData\Local\Temp\ccRGdM61.s 			page 88


 2007              	.L147:
 850:Drivers/STM32F4xx_HAL_Driver/Src/stm32f4xx_hal_tim_ex.c ****   }
 2008              		.loc 1 850 5 discriminator 3 view .LVU601
 2009 00ac 0123     		movs	r3, #1
 2010 00ae 84F84330 		strb	r3, [r4, #67]
 2011 00b2 0020     		movs	r0, #0
 2012 00b4 E4E7     		b	.L137
 2013              	.L148:
 850:Drivers/STM32F4xx_HAL_Driver/Src/stm32f4xx_hal_tim_ex.c ****   }
 2014              		.loc 1 850 5 discriminator 6 view .LVU602
 2015 00b6 0123     		movs	r3, #1
 2016 00b8 84F84430 		strb	r3, [r4, #68]
 2017 00bc 0020     		movs	r0, #0
 2018 00be DFE7     		b	.L137
 2019              	.LVL131:
 2020              	.L145:
 803:Drivers/STM32F4xx_HAL_Driver/Src/stm32f4xx_hal_tim_ex.c ****   {
 2021              		.loc 1 803 3 view .LVU603
 2022 00c0 0120     		movs	r0, #1
 2023              	.LVL132:
 803:Drivers/STM32F4xx_HAL_Driver/Src/stm32f4xx_hal_tim_ex.c ****   {
 2024              		.loc 1 803 3 view .LVU604
 2025 00c2 DDE7     		b	.L137
 2026              		.cfi_endproc
 2027              	.LFE147:
 2029              		.section	.text.HAL_TIMEx_OCN_Start_DMA,"ax",%progbits
 2030              		.align	1
 2031              		.global	HAL_TIMEx_OCN_Start_DMA
 2032              		.syntax unified
 2033              		.thumb
 2034              		.thumb_func
 2036              	HAL_TIMEx_OCN_Start_DMA:
 2037              	.LVL133:
 2038              	.LFB148:
 872:Drivers/STM32F4xx_HAL_Driver/Src/stm32f4xx_hal_tim_ex.c ****   HAL_StatusTypeDef status = HAL_OK;
 2039              		.loc 1 872 1 is_stmt 1 view -0
 2040              		.cfi_startproc
 2041              		@ args = 0, pretend = 0, frame = 0
 2042              		@ frame_needed = 0, uses_anonymous_args = 0
 872:Drivers/STM32F4xx_HAL_Driver/Src/stm32f4xx_hal_tim_ex.c ****   HAL_StatusTypeDef status = HAL_OK;
 2043              		.loc 1 872 1 is_stmt 0 view .LVU606
 2044 0000 70B5     		push	{r4, r5, r6, lr}
 2045              	.LCFI18:
 2046              		.cfi_def_cfa_offset 16
 2047              		.cfi_offset 4, -16
 2048              		.cfi_offset 5, -12
 2049              		.cfi_offset 6, -8
 2050              		.cfi_offset 14, -4
 2051 0002 0446     		mov	r4, r0
 2052 0004 1646     		mov	r6, r2
 873:Drivers/STM32F4xx_HAL_Driver/Src/stm32f4xx_hal_tim_ex.c ****   uint32_t tmpsmcr;
 2053              		.loc 1 873 3 is_stmt 1 view .LVU607
 2054              	.LVL134:
 874:Drivers/STM32F4xx_HAL_Driver/Src/stm32f4xx_hal_tim_ex.c **** 
 2055              		.loc 1 874 3 view .LVU608
 877:Drivers/STM32F4xx_HAL_Driver/Src/stm32f4xx_hal_tim_ex.c **** 
 2056              		.loc 1 877 3 view .LVU609
ARM GAS  C:\Users\pablo\AppData\Local\Temp\ccRGdM61.s 			page 89


 880:Drivers/STM32F4xx_HAL_Driver/Src/stm32f4xx_hal_tim_ex.c ****   {
 2057              		.loc 1 880 3 view .LVU610
 880:Drivers/STM32F4xx_HAL_Driver/Src/stm32f4xx_hal_tim_ex.c ****   {
 2058              		.loc 1 880 46 is_stmt 0 view .LVU611
 2059 0006 0D46     		mov	r5, r1
 2060 0008 0029     		cmp	r1, #0
 2061 000a 60D1     		bne	.L150
 880:Drivers/STM32F4xx_HAL_Driver/Src/stm32f4xx_hal_tim_ex.c ****   {
 2062              		.loc 1 880 7 discriminator 1 view .LVU612
 2063 000c 90F84200 		ldrb	r0, [r0, #66]	@ zero_extendqisi2
 2064              	.LVL135:
 880:Drivers/STM32F4xx_HAL_Driver/Src/stm32f4xx_hal_tim_ex.c ****   {
 2065              		.loc 1 880 46 discriminator 1 view .LVU613
 2066 0010 0228     		cmp	r0, #2
 2067 0012 14BF     		ite	ne
 2068 0014 0020     		movne	r0, #0
 2069 0016 0120     		moveq	r0, #1
 2070              	.L151:
 880:Drivers/STM32F4xx_HAL_Driver/Src/stm32f4xx_hal_tim_ex.c ****   {
 2071              		.loc 1 880 6 discriminator 12 view .LVU614
 2072 0018 0028     		cmp	r0, #0
 2073 001a 40F0D880 		bne	.L168
 884:Drivers/STM32F4xx_HAL_Driver/Src/stm32f4xx_hal_tim_ex.c ****   {
 2074              		.loc 1 884 8 is_stmt 1 view .LVU615
 884:Drivers/STM32F4xx_HAL_Driver/Src/stm32f4xx_hal_tim_ex.c ****   {
 2075              		.loc 1 884 51 is_stmt 0 view .LVU616
 2076 001e 002D     		cmp	r5, #0
 2077 0020 6ED1     		bne	.L155
 884:Drivers/STM32F4xx_HAL_Driver/Src/stm32f4xx_hal_tim_ex.c ****   {
 2078              		.loc 1 884 12 discriminator 1 view .LVU617
 2079 0022 94F84220 		ldrb	r2, [r4, #66]	@ zero_extendqisi2
 2080              	.LVL136:
 884:Drivers/STM32F4xx_HAL_Driver/Src/stm32f4xx_hal_tim_ex.c ****   {
 2081              		.loc 1 884 51 discriminator 1 view .LVU618
 2082 0026 012A     		cmp	r2, #1
 2083 0028 14BF     		ite	ne
 2084 002a 0022     		movne	r2, #0
 2085 002c 0122     		moveq	r2, #1
 2086              	.L156:
 884:Drivers/STM32F4xx_HAL_Driver/Src/stm32f4xx_hal_tim_ex.c ****   {
 2087              		.loc 1 884 11 discriminator 12 view .LVU619
 2088 002e 002A     		cmp	r2, #0
 2089 0030 00F0CF80 		beq	.L169
 886:Drivers/STM32F4xx_HAL_Driver/Src/stm32f4xx_hal_tim_ex.c ****     {
 2090              		.loc 1 886 5 is_stmt 1 view .LVU620
 886:Drivers/STM32F4xx_HAL_Driver/Src/stm32f4xx_hal_tim_ex.c ****     {
 2091              		.loc 1 886 8 is_stmt 0 view .LVU621
 2092 0034 002E     		cmp	r6, #0
 2093 0036 00F0CE80 		beq	.L170
 886:Drivers/STM32F4xx_HAL_Driver/Src/stm32f4xx_hal_tim_ex.c ****     {
 2094              		.loc 1 886 25 discriminator 1 view .LVU622
 2095 003a 002B     		cmp	r3, #0
 2096 003c 00F0CD80 		beq	.L171
 892:Drivers/STM32F4xx_HAL_Driver/Src/stm32f4xx_hal_tim_ex.c ****     }
 2097              		.loc 1 892 7 is_stmt 1 view .LVU623
 2098 0040 002D     		cmp	r5, #0
 2099 0042 76D1     		bne	.L159
ARM GAS  C:\Users\pablo\AppData\Local\Temp\ccRGdM61.s 			page 90


 892:Drivers/STM32F4xx_HAL_Driver/Src/stm32f4xx_hal_tim_ex.c ****     }
 2100              		.loc 1 892 7 is_stmt 0 discriminator 1 view .LVU624
 2101 0044 0222     		movs	r2, #2
 2102 0046 84F84220 		strb	r2, [r4, #66]
 900:Drivers/STM32F4xx_HAL_Driver/Src/stm32f4xx_hal_tim_ex.c ****   {
 2103              		.loc 1 900 3 is_stmt 1 view .LVU625
 2104              	.L160:
 905:Drivers/STM32F4xx_HAL_Driver/Src/stm32f4xx_hal_tim_ex.c ****       htim->hdma[TIM_DMA_ID_CC1]->XferHalfCpltCallback = TIM_DMADelayPulseHalfCplt;
 2105              		.loc 1 905 7 view .LVU626
 905:Drivers/STM32F4xx_HAL_Driver/Src/stm32f4xx_hal_tim_ex.c ****       htim->hdma[TIM_DMA_ID_CC1]->XferHalfCpltCallback = TIM_DMADelayPulseHalfCplt;
 2106              		.loc 1 905 17 is_stmt 0 view .LVU627
 2107 004a 626A     		ldr	r2, [r4, #36]
 905:Drivers/STM32F4xx_HAL_Driver/Src/stm32f4xx_hal_tim_ex.c ****       htim->hdma[TIM_DMA_ID_CC1]->XferHalfCpltCallback = TIM_DMADelayPulseHalfCplt;
 2108              		.loc 1 905 52 view .LVU628
 2109 004c 6849     		ldr	r1, .L184
 2110              	.LVL137:
 905:Drivers/STM32F4xx_HAL_Driver/Src/stm32f4xx_hal_tim_ex.c ****       htim->hdma[TIM_DMA_ID_CC1]->XferHalfCpltCallback = TIM_DMADelayPulseHalfCplt;
 2111              		.loc 1 905 52 view .LVU629
 2112 004e D163     		str	r1, [r2, #60]
 906:Drivers/STM32F4xx_HAL_Driver/Src/stm32f4xx_hal_tim_ex.c **** 
 2113              		.loc 1 906 7 is_stmt 1 view .LVU630
 906:Drivers/STM32F4xx_HAL_Driver/Src/stm32f4xx_hal_tim_ex.c **** 
 2114              		.loc 1 906 17 is_stmt 0 view .LVU631
 2115 0050 626A     		ldr	r2, [r4, #36]
 906:Drivers/STM32F4xx_HAL_Driver/Src/stm32f4xx_hal_tim_ex.c **** 
 2116              		.loc 1 906 56 view .LVU632
 2117 0052 6849     		ldr	r1, .L184+4
 2118 0054 1164     		str	r1, [r2, #64]
 909:Drivers/STM32F4xx_HAL_Driver/Src/stm32f4xx_hal_tim_ex.c **** 
 2119              		.loc 1 909 7 is_stmt 1 view .LVU633
 909:Drivers/STM32F4xx_HAL_Driver/Src/stm32f4xx_hal_tim_ex.c **** 
 2120              		.loc 1 909 17 is_stmt 0 view .LVU634
 2121 0056 626A     		ldr	r2, [r4, #36]
 909:Drivers/STM32F4xx_HAL_Driver/Src/stm32f4xx_hal_tim_ex.c **** 
 2122              		.loc 1 909 53 view .LVU635
 2123 0058 6749     		ldr	r1, .L184+8
 2124 005a D164     		str	r1, [r2, #76]
 912:Drivers/STM32F4xx_HAL_Driver/Src/stm32f4xx_hal_tim_ex.c ****                            Length) != HAL_OK)
 2125              		.loc 1 912 7 is_stmt 1 view .LVU636
 912:Drivers/STM32F4xx_HAL_Driver/Src/stm32f4xx_hal_tim_ex.c ****                            Length) != HAL_OK)
 2126              		.loc 1 912 88 is_stmt 0 view .LVU637
 2127 005c 2268     		ldr	r2, [r4]
 912:Drivers/STM32F4xx_HAL_Driver/Src/stm32f4xx_hal_tim_ex.c ****                            Length) != HAL_OK)
 2128              		.loc 1 912 11 view .LVU638
 2129 005e 3432     		adds	r2, r2, #52
 2130 0060 3146     		mov	r1, r6
 2131 0062 606A     		ldr	r0, [r4, #36]
 2132 0064 FFF7FEFF 		bl	HAL_DMA_Start_IT
 2133              	.LVL138:
 912:Drivers/STM32F4xx_HAL_Driver/Src/stm32f4xx_hal_tim_ex.c ****                            Length) != HAL_OK)
 2134              		.loc 1 912 10 discriminator 1 view .LVU639
 2135 0068 0028     		cmp	r0, #0
 2136 006a 40F0B880 		bne	.L173
 919:Drivers/STM32F4xx_HAL_Driver/Src/stm32f4xx_hal_tim_ex.c ****       break;
 2137              		.loc 1 919 7 is_stmt 1 view .LVU640
 2138 006e 2268     		ldr	r2, [r4]
 2139 0070 D368     		ldr	r3, [r2, #12]
ARM GAS  C:\Users\pablo\AppData\Local\Temp\ccRGdM61.s 			page 91


 2140 0072 43F40073 		orr	r3, r3, #512
 2141 0076 D360     		str	r3, [r2, #12]
 920:Drivers/STM32F4xx_HAL_Driver/Src/stm32f4xx_hal_tim_ex.c ****     }
 2142              		.loc 1 920 7 view .LVU641
 970:Drivers/STM32F4xx_HAL_Driver/Src/stm32f4xx_hal_tim_ex.c ****   {
 2143              		.loc 1 970 3 view .LVU642
 2144              	.L165:
 973:Drivers/STM32F4xx_HAL_Driver/Src/stm32f4xx_hal_tim_ex.c **** 
 2145              		.loc 1 973 5 view .LVU643
 2146 0078 0422     		movs	r2, #4
 2147 007a 2946     		mov	r1, r5
 2148 007c 2068     		ldr	r0, [r4]
 2149 007e FFF7FEFF 		bl	TIM_CCxNChannelCmd
 2150              	.LVL139:
 976:Drivers/STM32F4xx_HAL_Driver/Src/stm32f4xx_hal_tim_ex.c **** 
 2151              		.loc 1 976 5 view .LVU644
 2152 0082 2268     		ldr	r2, [r4]
 2153 0084 536C     		ldr	r3, [r2, #68]
 2154 0086 43F40043 		orr	r3, r3, #32768
 2155 008a 5364     		str	r3, [r2, #68]
 979:Drivers/STM32F4xx_HAL_Driver/Src/stm32f4xx_hal_tim_ex.c ****     {
 2156              		.loc 1 979 5 view .LVU645
 979:Drivers/STM32F4xx_HAL_Driver/Src/stm32f4xx_hal_tim_ex.c ****     {
 2157              		.loc 1 979 9 is_stmt 0 view .LVU646
 2158 008c 2368     		ldr	r3, [r4]
 979:Drivers/STM32F4xx_HAL_Driver/Src/stm32f4xx_hal_tim_ex.c ****     {
 2159              		.loc 1 979 8 view .LVU647
 2160 008e 5B4A     		ldr	r2, .L184+12
 2161 0090 9342     		cmp	r3, r2
 2162 0092 00F09180 		beq	.L166
 979:Drivers/STM32F4xx_HAL_Driver/Src/stm32f4xx_hal_tim_ex.c ****     {
 2163              		.loc 1 979 9 discriminator 1 view .LVU648
 2164 0096 B3F1804F 		cmp	r3, #1073741824
 2165 009a 00F08D80 		beq	.L166
 979:Drivers/STM32F4xx_HAL_Driver/Src/stm32f4xx_hal_tim_ex.c ****     {
 2166              		.loc 1 979 9 discriminator 2 view .LVU649
 2167 009e A2F57C42 		sub	r2, r2, #64512
 2168 00a2 9342     		cmp	r3, r2
 2169 00a4 00F08880 		beq	.L166
 979:Drivers/STM32F4xx_HAL_Driver/Src/stm32f4xx_hal_tim_ex.c ****     {
 2170              		.loc 1 979 9 discriminator 3 view .LVU650
 2171 00a8 02F58062 		add	r2, r2, #1024
 2172 00ac 9342     		cmp	r3, r2
 2173 00ae 00F08380 		beq	.L166
 979:Drivers/STM32F4xx_HAL_Driver/Src/stm32f4xx_hal_tim_ex.c ****     {
 2174              		.loc 1 979 9 discriminator 4 view .LVU651
 2175 00b2 02F58062 		add	r2, r2, #1024
 2176 00b6 9342     		cmp	r3, r2
 2177 00b8 7ED0     		beq	.L166
 979:Drivers/STM32F4xx_HAL_Driver/Src/stm32f4xx_hal_tim_ex.c ****     {
 2178              		.loc 1 979 9 discriminator 5 view .LVU652
 2179 00ba 02F59A32 		add	r2, r2, #78848
 2180 00be 9342     		cmp	r3, r2
 2181 00c0 7AD0     		beq	.L166
 989:Drivers/STM32F4xx_HAL_Driver/Src/stm32f4xx_hal_tim_ex.c ****     }
 2182              		.loc 1 989 7 is_stmt 1 view .LVU653
 2183 00c2 1A68     		ldr	r2, [r3]
ARM GAS  C:\Users\pablo\AppData\Local\Temp\ccRGdM61.s 			page 92


 2184 00c4 42F00102 		orr	r2, r2, #1
 2185 00c8 1A60     		str	r2, [r3]
 2186 00ca 0020     		movs	r0, #0
 2187 00cc 82E0     		b	.L154
 2188              	.LVL140:
 2189              	.L150:
 880:Drivers/STM32F4xx_HAL_Driver/Src/stm32f4xx_hal_tim_ex.c ****   {
 2190              		.loc 1 880 46 is_stmt 0 discriminator 2 view .LVU654
 2191 00ce 0429     		cmp	r1, #4
 2192 00d0 08D0     		beq	.L178
 880:Drivers/STM32F4xx_HAL_Driver/Src/stm32f4xx_hal_tim_ex.c ****   {
 2193              		.loc 1 880 46 discriminator 5 view .LVU655
 2194 00d2 0829     		cmp	r1, #8
 2195 00d4 0DD0     		beq	.L179
 880:Drivers/STM32F4xx_HAL_Driver/Src/stm32f4xx_hal_tim_ex.c ****   {
 2196              		.loc 1 880 7 discriminator 8 view .LVU656
 2197 00d6 90F84500 		ldrb	r0, [r0, #69]	@ zero_extendqisi2
 2198              	.LVL141:
 880:Drivers/STM32F4xx_HAL_Driver/Src/stm32f4xx_hal_tim_ex.c ****   {
 2199              		.loc 1 880 46 discriminator 8 view .LVU657
 2200 00da 0228     		cmp	r0, #2
 2201 00dc 14BF     		ite	ne
 2202 00de 0020     		movne	r0, #0
 2203 00e0 0120     		moveq	r0, #1
 2204 00e2 99E7     		b	.L151
 2205              	.LVL142:
 2206              	.L178:
 880:Drivers/STM32F4xx_HAL_Driver/Src/stm32f4xx_hal_tim_ex.c ****   {
 2207              		.loc 1 880 7 discriminator 4 view .LVU658
 2208 00e4 90F84300 		ldrb	r0, [r0, #67]	@ zero_extendqisi2
 2209              	.LVL143:
 880:Drivers/STM32F4xx_HAL_Driver/Src/stm32f4xx_hal_tim_ex.c ****   {
 2210              		.loc 1 880 46 discriminator 4 view .LVU659
 2211 00e8 0228     		cmp	r0, #2
 2212 00ea 14BF     		ite	ne
 2213 00ec 0020     		movne	r0, #0
 2214 00ee 0120     		moveq	r0, #1
 2215 00f0 92E7     		b	.L151
 2216              	.LVL144:
 2217              	.L179:
 880:Drivers/STM32F4xx_HAL_Driver/Src/stm32f4xx_hal_tim_ex.c ****   {
 2218              		.loc 1 880 7 discriminator 7 view .LVU660
 2219 00f2 90F84400 		ldrb	r0, [r0, #68]	@ zero_extendqisi2
 2220              	.LVL145:
 880:Drivers/STM32F4xx_HAL_Driver/Src/stm32f4xx_hal_tim_ex.c ****   {
 2221              		.loc 1 880 46 discriminator 7 view .LVU661
 2222 00f6 0228     		cmp	r0, #2
 2223 00f8 14BF     		ite	ne
 2224 00fa 0020     		movne	r0, #0
 2225 00fc 0120     		moveq	r0, #1
 2226 00fe 8BE7     		b	.L151
 2227              	.L155:
 884:Drivers/STM32F4xx_HAL_Driver/Src/stm32f4xx_hal_tim_ex.c ****   {
 2228              		.loc 1 884 51 discriminator 2 view .LVU662
 2229 0100 042D     		cmp	r5, #4
 2230 0102 08D0     		beq	.L180
 884:Drivers/STM32F4xx_HAL_Driver/Src/stm32f4xx_hal_tim_ex.c ****   {
ARM GAS  C:\Users\pablo\AppData\Local\Temp\ccRGdM61.s 			page 93


 2231              		.loc 1 884 51 discriminator 5 view .LVU663
 2232 0104 082D     		cmp	r5, #8
 2233 0106 0DD0     		beq	.L181
 884:Drivers/STM32F4xx_HAL_Driver/Src/stm32f4xx_hal_tim_ex.c ****   {
 2234              		.loc 1 884 12 discriminator 8 view .LVU664
 2235 0108 94F84520 		ldrb	r2, [r4, #69]	@ zero_extendqisi2
 2236              	.LVL146:
 884:Drivers/STM32F4xx_HAL_Driver/Src/stm32f4xx_hal_tim_ex.c ****   {
 2237              		.loc 1 884 51 discriminator 8 view .LVU665
 2238 010c 012A     		cmp	r2, #1
 2239 010e 14BF     		ite	ne
 2240 0110 0022     		movne	r2, #0
 2241 0112 0122     		moveq	r2, #1
 2242 0114 8BE7     		b	.L156
 2243              	.LVL147:
 2244              	.L180:
 884:Drivers/STM32F4xx_HAL_Driver/Src/stm32f4xx_hal_tim_ex.c ****   {
 2245              		.loc 1 884 12 discriminator 4 view .LVU666
 2246 0116 94F84320 		ldrb	r2, [r4, #67]	@ zero_extendqisi2
 2247              	.LVL148:
 884:Drivers/STM32F4xx_HAL_Driver/Src/stm32f4xx_hal_tim_ex.c ****   {
 2248              		.loc 1 884 51 discriminator 4 view .LVU667
 2249 011a 012A     		cmp	r2, #1
 2250 011c 14BF     		ite	ne
 2251 011e 0022     		movne	r2, #0
 2252 0120 0122     		moveq	r2, #1
 2253 0122 84E7     		b	.L156
 2254              	.LVL149:
 2255              	.L181:
 884:Drivers/STM32F4xx_HAL_Driver/Src/stm32f4xx_hal_tim_ex.c ****   {
 2256              		.loc 1 884 12 discriminator 7 view .LVU668
 2257 0124 94F84420 		ldrb	r2, [r4, #68]	@ zero_extendqisi2
 2258              	.LVL150:
 884:Drivers/STM32F4xx_HAL_Driver/Src/stm32f4xx_hal_tim_ex.c ****   {
 2259              		.loc 1 884 51 discriminator 7 view .LVU669
 2260 0128 012A     		cmp	r2, #1
 2261 012a 14BF     		ite	ne
 2262 012c 0022     		movne	r2, #0
 2263 012e 0122     		moveq	r2, #1
 2264 0130 7DE7     		b	.L156
 2265              	.L159:
 892:Drivers/STM32F4xx_HAL_Driver/Src/stm32f4xx_hal_tim_ex.c ****     }
 2266              		.loc 1 892 7 discriminator 2 view .LVU670
 2267 0132 042D     		cmp	r5, #4
 2268 0134 0DD0     		beq	.L182
 892:Drivers/STM32F4xx_HAL_Driver/Src/stm32f4xx_hal_tim_ex.c ****     }
 2269              		.loc 1 892 7 discriminator 4 view .LVU671
 2270 0136 082D     		cmp	r5, #8
 2271 0138 25D0     		beq	.L183
 892:Drivers/STM32F4xx_HAL_Driver/Src/stm32f4xx_hal_tim_ex.c ****     }
 2272              		.loc 1 892 7 discriminator 7 view .LVU672
 2273 013a 0222     		movs	r2, #2
 2274 013c 84F84520 		strb	r2, [r4, #69]
 900:Drivers/STM32F4xx_HAL_Driver/Src/stm32f4xx_hal_tim_ex.c ****   {
 2275              		.loc 1 900 3 is_stmt 1 view .LVU673
 2276 0140 042D     		cmp	r5, #4
 2277 0142 09D0     		beq	.L162
ARM GAS  C:\Users\pablo\AppData\Local\Temp\ccRGdM61.s 			page 94


 2278 0144 082D     		cmp	r5, #8
 2279 0146 21D0     		beq	.L164
 2280 0148 002D     		cmp	r5, #0
 2281 014a 3FF47EAF 		beq	.L160
 2282 014e 0120     		movs	r0, #1
 2283 0150 40E0     		b	.L154
 2284              	.L182:
 892:Drivers/STM32F4xx_HAL_Driver/Src/stm32f4xx_hal_tim_ex.c ****     }
 2285              		.loc 1 892 7 is_stmt 0 discriminator 3 view .LVU674
 2286 0152 0222     		movs	r2, #2
 2287 0154 84F84320 		strb	r2, [r4, #67]
 900:Drivers/STM32F4xx_HAL_Driver/Src/stm32f4xx_hal_tim_ex.c ****   {
 2288              		.loc 1 900 3 is_stmt 1 view .LVU675
 2289              	.L162:
 926:Drivers/STM32F4xx_HAL_Driver/Src/stm32f4xx_hal_tim_ex.c ****       htim->hdma[TIM_DMA_ID_CC2]->XferHalfCpltCallback = TIM_DMADelayPulseHalfCplt;
 2290              		.loc 1 926 7 view .LVU676
 926:Drivers/STM32F4xx_HAL_Driver/Src/stm32f4xx_hal_tim_ex.c ****       htim->hdma[TIM_DMA_ID_CC2]->XferHalfCpltCallback = TIM_DMADelayPulseHalfCplt;
 2291              		.loc 1 926 17 is_stmt 0 view .LVU677
 2292 0158 A26A     		ldr	r2, [r4, #40]
 926:Drivers/STM32F4xx_HAL_Driver/Src/stm32f4xx_hal_tim_ex.c ****       htim->hdma[TIM_DMA_ID_CC2]->XferHalfCpltCallback = TIM_DMADelayPulseHalfCplt;
 2293              		.loc 1 926 52 view .LVU678
 2294 015a 2549     		ldr	r1, .L184
 2295              	.LVL151:
 926:Drivers/STM32F4xx_HAL_Driver/Src/stm32f4xx_hal_tim_ex.c ****       htim->hdma[TIM_DMA_ID_CC2]->XferHalfCpltCallback = TIM_DMADelayPulseHalfCplt;
 2296              		.loc 1 926 52 view .LVU679
 2297 015c D163     		str	r1, [r2, #60]
 927:Drivers/STM32F4xx_HAL_Driver/Src/stm32f4xx_hal_tim_ex.c **** 
 2298              		.loc 1 927 7 is_stmt 1 view .LVU680
 927:Drivers/STM32F4xx_HAL_Driver/Src/stm32f4xx_hal_tim_ex.c **** 
 2299              		.loc 1 927 17 is_stmt 0 view .LVU681
 2300 015e A26A     		ldr	r2, [r4, #40]
 927:Drivers/STM32F4xx_HAL_Driver/Src/stm32f4xx_hal_tim_ex.c **** 
 2301              		.loc 1 927 56 view .LVU682
 2302 0160 2449     		ldr	r1, .L184+4
 2303 0162 1164     		str	r1, [r2, #64]
 930:Drivers/STM32F4xx_HAL_Driver/Src/stm32f4xx_hal_tim_ex.c **** 
 2304              		.loc 1 930 7 is_stmt 1 view .LVU683
 930:Drivers/STM32F4xx_HAL_Driver/Src/stm32f4xx_hal_tim_ex.c **** 
 2305              		.loc 1 930 17 is_stmt 0 view .LVU684
 2306 0164 A26A     		ldr	r2, [r4, #40]
 930:Drivers/STM32F4xx_HAL_Driver/Src/stm32f4xx_hal_tim_ex.c **** 
 2307              		.loc 1 930 53 view .LVU685
 2308 0166 2449     		ldr	r1, .L184+8
 2309 0168 D164     		str	r1, [r2, #76]
 933:Drivers/STM32F4xx_HAL_Driver/Src/stm32f4xx_hal_tim_ex.c ****                            Length) != HAL_OK)
 2310              		.loc 1 933 7 is_stmt 1 view .LVU686
 933:Drivers/STM32F4xx_HAL_Driver/Src/stm32f4xx_hal_tim_ex.c ****                            Length) != HAL_OK)
 2311              		.loc 1 933 88 is_stmt 0 view .LVU687
 2312 016a 2268     		ldr	r2, [r4]
 933:Drivers/STM32F4xx_HAL_Driver/Src/stm32f4xx_hal_tim_ex.c ****                            Length) != HAL_OK)
 2313              		.loc 1 933 11 view .LVU688
 2314 016c 3832     		adds	r2, r2, #56
 2315 016e 3146     		mov	r1, r6
 2316 0170 A06A     		ldr	r0, [r4, #40]
 2317 0172 FFF7FEFF 		bl	HAL_DMA_Start_IT
 2318              	.LVL152:
 933:Drivers/STM32F4xx_HAL_Driver/Src/stm32f4xx_hal_tim_ex.c ****                            Length) != HAL_OK)
ARM GAS  C:\Users\pablo\AppData\Local\Temp\ccRGdM61.s 			page 95


 2319              		.loc 1 933 10 discriminator 1 view .LVU689
 2320 0176 0028     		cmp	r0, #0
 2321 0178 33D1     		bne	.L174
 940:Drivers/STM32F4xx_HAL_Driver/Src/stm32f4xx_hal_tim_ex.c ****       break;
 2322              		.loc 1 940 7 is_stmt 1 view .LVU690
 2323 017a 2268     		ldr	r2, [r4]
 2324 017c D368     		ldr	r3, [r2, #12]
 2325 017e 43F48063 		orr	r3, r3, #1024
 2326 0182 D360     		str	r3, [r2, #12]
 941:Drivers/STM32F4xx_HAL_Driver/Src/stm32f4xx_hal_tim_ex.c ****     }
 2327              		.loc 1 941 7 view .LVU691
 970:Drivers/STM32F4xx_HAL_Driver/Src/stm32f4xx_hal_tim_ex.c ****   {
 2328              		.loc 1 970 3 view .LVU692
 2329 0184 78E7     		b	.L165
 2330              	.LVL153:
 2331              	.L183:
 892:Drivers/STM32F4xx_HAL_Driver/Src/stm32f4xx_hal_tim_ex.c ****     }
 2332              		.loc 1 892 7 is_stmt 0 discriminator 6 view .LVU693
 2333 0186 0222     		movs	r2, #2
 2334 0188 84F84420 		strb	r2, [r4, #68]
 900:Drivers/STM32F4xx_HAL_Driver/Src/stm32f4xx_hal_tim_ex.c ****   {
 2335              		.loc 1 900 3 is_stmt 1 view .LVU694
 2336              	.L164:
 947:Drivers/STM32F4xx_HAL_Driver/Src/stm32f4xx_hal_tim_ex.c ****       htim->hdma[TIM_DMA_ID_CC3]->XferHalfCpltCallback = TIM_DMADelayPulseHalfCplt;
 2337              		.loc 1 947 7 view .LVU695
 947:Drivers/STM32F4xx_HAL_Driver/Src/stm32f4xx_hal_tim_ex.c ****       htim->hdma[TIM_DMA_ID_CC3]->XferHalfCpltCallback = TIM_DMADelayPulseHalfCplt;
 2338              		.loc 1 947 17 is_stmt 0 view .LVU696
 2339 018c E26A     		ldr	r2, [r4, #44]
 947:Drivers/STM32F4xx_HAL_Driver/Src/stm32f4xx_hal_tim_ex.c ****       htim->hdma[TIM_DMA_ID_CC3]->XferHalfCpltCallback = TIM_DMADelayPulseHalfCplt;
 2340              		.loc 1 947 52 view .LVU697
 2341 018e 1849     		ldr	r1, .L184
 2342              	.LVL154:
 947:Drivers/STM32F4xx_HAL_Driver/Src/stm32f4xx_hal_tim_ex.c ****       htim->hdma[TIM_DMA_ID_CC3]->XferHalfCpltCallback = TIM_DMADelayPulseHalfCplt;
 2343              		.loc 1 947 52 view .LVU698
 2344 0190 D163     		str	r1, [r2, #60]
 948:Drivers/STM32F4xx_HAL_Driver/Src/stm32f4xx_hal_tim_ex.c **** 
 2345              		.loc 1 948 7 is_stmt 1 view .LVU699
 948:Drivers/STM32F4xx_HAL_Driver/Src/stm32f4xx_hal_tim_ex.c **** 
 2346              		.loc 1 948 17 is_stmt 0 view .LVU700
 2347 0192 E26A     		ldr	r2, [r4, #44]
 948:Drivers/STM32F4xx_HAL_Driver/Src/stm32f4xx_hal_tim_ex.c **** 
 2348              		.loc 1 948 56 view .LVU701
 2349 0194 1749     		ldr	r1, .L184+4
 2350 0196 1164     		str	r1, [r2, #64]
 951:Drivers/STM32F4xx_HAL_Driver/Src/stm32f4xx_hal_tim_ex.c **** 
 2351              		.loc 1 951 7 is_stmt 1 view .LVU702
 951:Drivers/STM32F4xx_HAL_Driver/Src/stm32f4xx_hal_tim_ex.c **** 
 2352              		.loc 1 951 17 is_stmt 0 view .LVU703
 2353 0198 E26A     		ldr	r2, [r4, #44]
 951:Drivers/STM32F4xx_HAL_Driver/Src/stm32f4xx_hal_tim_ex.c **** 
 2354              		.loc 1 951 53 view .LVU704
 2355 019a 1749     		ldr	r1, .L184+8
 2356 019c D164     		str	r1, [r2, #76]
 954:Drivers/STM32F4xx_HAL_Driver/Src/stm32f4xx_hal_tim_ex.c ****                            Length) != HAL_OK)
 2357              		.loc 1 954 7 is_stmt 1 view .LVU705
 954:Drivers/STM32F4xx_HAL_Driver/Src/stm32f4xx_hal_tim_ex.c ****                            Length) != HAL_OK)
 2358              		.loc 1 954 88 is_stmt 0 view .LVU706
ARM GAS  C:\Users\pablo\AppData\Local\Temp\ccRGdM61.s 			page 96


 2359 019e 2268     		ldr	r2, [r4]
 954:Drivers/STM32F4xx_HAL_Driver/Src/stm32f4xx_hal_tim_ex.c ****                            Length) != HAL_OK)
 2360              		.loc 1 954 11 view .LVU707
 2361 01a0 3C32     		adds	r2, r2, #60
 2362 01a2 3146     		mov	r1, r6
 2363 01a4 E06A     		ldr	r0, [r4, #44]
 2364 01a6 FFF7FEFF 		bl	HAL_DMA_Start_IT
 2365              	.LVL155:
 954:Drivers/STM32F4xx_HAL_Driver/Src/stm32f4xx_hal_tim_ex.c ****                            Length) != HAL_OK)
 2366              		.loc 1 954 10 discriminator 1 view .LVU708
 2367 01aa E0B9     		cbnz	r0, .L175
 961:Drivers/STM32F4xx_HAL_Driver/Src/stm32f4xx_hal_tim_ex.c ****       break;
 2368              		.loc 1 961 7 is_stmt 1 view .LVU709
 2369 01ac 2268     		ldr	r2, [r4]
 2370 01ae D368     		ldr	r3, [r2, #12]
 2371 01b0 43F40063 		orr	r3, r3, #2048
 2372 01b4 D360     		str	r3, [r2, #12]
 962:Drivers/STM32F4xx_HAL_Driver/Src/stm32f4xx_hal_tim_ex.c ****     }
 2373              		.loc 1 962 7 view .LVU710
 970:Drivers/STM32F4xx_HAL_Driver/Src/stm32f4xx_hal_tim_ex.c ****   {
 2374              		.loc 1 970 3 view .LVU711
 2375 01b6 5FE7     		b	.L165
 2376              	.L166:
 981:Drivers/STM32F4xx_HAL_Driver/Src/stm32f4xx_hal_tim_ex.c ****       if (!IS_TIM_SLAVEMODE_TRIGGER_ENABLED(tmpsmcr))
 2377              		.loc 1 981 7 view .LVU712
 981:Drivers/STM32F4xx_HAL_Driver/Src/stm32f4xx_hal_tim_ex.c ****       if (!IS_TIM_SLAVEMODE_TRIGGER_ENABLED(tmpsmcr))
 2378              		.loc 1 981 31 is_stmt 0 view .LVU713
 2379 01b8 9A68     		ldr	r2, [r3, #8]
 981:Drivers/STM32F4xx_HAL_Driver/Src/stm32f4xx_hal_tim_ex.c ****       if (!IS_TIM_SLAVEMODE_TRIGGER_ENABLED(tmpsmcr))
 2380              		.loc 1 981 15 view .LVU714
 2381 01ba 02F00702 		and	r2, r2, #7
 2382              	.LVL156:
 982:Drivers/STM32F4xx_HAL_Driver/Src/stm32f4xx_hal_tim_ex.c ****       {
 2383              		.loc 1 982 7 is_stmt 1 view .LVU715
 982:Drivers/STM32F4xx_HAL_Driver/Src/stm32f4xx_hal_tim_ex.c ****       {
 2384              		.loc 1 982 10 is_stmt 0 view .LVU716
 2385 01be 062A     		cmp	r2, #6
 2386 01c0 13D0     		beq	.L176
 984:Drivers/STM32F4xx_HAL_Driver/Src/stm32f4xx_hal_tim_ex.c ****       }
 2387              		.loc 1 984 9 is_stmt 1 view .LVU717
 2388 01c2 1A68     		ldr	r2, [r3]
 2389              	.LVL157:
 984:Drivers/STM32F4xx_HAL_Driver/Src/stm32f4xx_hal_tim_ex.c ****       }
 2390              		.loc 1 984 9 is_stmt 0 view .LVU718
 2391 01c4 42F00102 		orr	r2, r2, #1
 2392 01c8 1A60     		str	r2, [r3]
 2393 01ca 0020     		movs	r0, #0
 2394 01cc 02E0     		b	.L154
 2395              	.LVL158:
 2396              	.L168:
 882:Drivers/STM32F4xx_HAL_Driver/Src/stm32f4xx_hal_tim_ex.c ****   }
 2397              		.loc 1 882 12 view .LVU719
 2398 01ce 0220     		movs	r0, #2
 2399 01d0 00E0     		b	.L154
 2400              	.LVL159:
 2401              	.L169:
 897:Drivers/STM32F4xx_HAL_Driver/Src/stm32f4xx_hal_tim_ex.c ****   }
ARM GAS  C:\Users\pablo\AppData\Local\Temp\ccRGdM61.s 			page 97


 2402              		.loc 1 897 12 view .LVU720
 2403 01d2 0120     		movs	r0, #1
 2404              	.LVL160:
 2405              	.L154:
 995:Drivers/STM32F4xx_HAL_Driver/Src/stm32f4xx_hal_tim_ex.c **** 
 2406              		.loc 1 995 1 view .LVU721
 2407 01d4 70BD     		pop	{r4, r5, r6, pc}
 2408              	.LVL161:
 2409              	.L170:
 888:Drivers/STM32F4xx_HAL_Driver/Src/stm32f4xx_hal_tim_ex.c ****     }
 2410              		.loc 1 888 14 view .LVU722
 2411 01d6 0120     		movs	r0, #1
 2412 01d8 FCE7     		b	.L154
 2413              	.L171:
 2414 01da 0120     		movs	r0, #1
 2415 01dc FAE7     		b	.L154
 2416              	.LVL162:
 2417              	.L173:
 916:Drivers/STM32F4xx_HAL_Driver/Src/stm32f4xx_hal_tim_ex.c ****       }
 2418              		.loc 1 916 16 view .LVU723
 2419 01de 0120     		movs	r0, #1
 2420 01e0 F8E7     		b	.L154
 2421              	.L174:
 937:Drivers/STM32F4xx_HAL_Driver/Src/stm32f4xx_hal_tim_ex.c ****       }
 2422              		.loc 1 937 16 view .LVU724
 2423 01e2 0120     		movs	r0, #1
 2424 01e4 F6E7     		b	.L154
 2425              	.L175:
 958:Drivers/STM32F4xx_HAL_Driver/Src/stm32f4xx_hal_tim_ex.c ****       }
 2426              		.loc 1 958 16 view .LVU725
 2427 01e6 0120     		movs	r0, #1
 2428 01e8 F4E7     		b	.L154
 2429              	.LVL163:
 2430              	.L176:
 958:Drivers/STM32F4xx_HAL_Driver/Src/stm32f4xx_hal_tim_ex.c ****       }
 2431              		.loc 1 958 16 view .LVU726
 2432 01ea 0020     		movs	r0, #0
 2433 01ec F2E7     		b	.L154
 2434              	.L185:
 2435 01ee 00BF     		.align	2
 2436              	.L184:
 2437 01f0 00000000 		.word	TIM_DMADelayPulseNCplt
 2438 01f4 00000000 		.word	TIM_DMADelayPulseHalfCplt
 2439 01f8 00000000 		.word	TIM_DMAErrorCCxN
 2440 01fc 00000140 		.word	1073807360
 2441              		.cfi_endproc
 2442              	.LFE148:
 2444              		.section	.text.HAL_TIMEx_OCN_Stop_DMA,"ax",%progbits
 2445              		.align	1
 2446              		.global	HAL_TIMEx_OCN_Stop_DMA
 2447              		.syntax unified
 2448              		.thumb
 2449              		.thumb_func
 2451              	HAL_TIMEx_OCN_Stop_DMA:
 2452              	.LVL164:
 2453              	.LFB149:
1009:Drivers/STM32F4xx_HAL_Driver/Src/stm32f4xx_hal_tim_ex.c ****   HAL_StatusTypeDef status = HAL_OK;
ARM GAS  C:\Users\pablo\AppData\Local\Temp\ccRGdM61.s 			page 98


 2454              		.loc 1 1009 1 is_stmt 1 view -0
 2455              		.cfi_startproc
 2456              		@ args = 0, pretend = 0, frame = 0
 2457              		@ frame_needed = 0, uses_anonymous_args = 0
1009:Drivers/STM32F4xx_HAL_Driver/Src/stm32f4xx_hal_tim_ex.c ****   HAL_StatusTypeDef status = HAL_OK;
 2458              		.loc 1 1009 1 is_stmt 0 view .LVU728
 2459 0000 38B5     		push	{r3, r4, r5, lr}
 2460              	.LCFI19:
 2461              		.cfi_def_cfa_offset 16
 2462              		.cfi_offset 3, -16
 2463              		.cfi_offset 4, -12
 2464              		.cfi_offset 5, -8
 2465              		.cfi_offset 14, -4
 2466 0002 0446     		mov	r4, r0
 2467 0004 0D46     		mov	r5, r1
1010:Drivers/STM32F4xx_HAL_Driver/Src/stm32f4xx_hal_tim_ex.c **** 
 2468              		.loc 1 1010 3 is_stmt 1 view .LVU729
 2469              	.LVL165:
1013:Drivers/STM32F4xx_HAL_Driver/Src/stm32f4xx_hal_tim_ex.c **** 
 2470              		.loc 1 1013 3 view .LVU730
1015:Drivers/STM32F4xx_HAL_Driver/Src/stm32f4xx_hal_tim_ex.c ****   {
 2471              		.loc 1 1015 3 view .LVU731
 2472 0006 0429     		cmp	r1, #4
 2473 0008 34D0     		beq	.L187
 2474 000a 0829     		cmp	r1, #8
 2475 000c 3BD0     		beq	.L188
 2476 000e 0029     		cmp	r1, #0
 2477 0010 55D1     		bne	.L196
1020:Drivers/STM32F4xx_HAL_Driver/Src/stm32f4xx_hal_tim_ex.c ****       (void)HAL_DMA_Abort_IT(htim->hdma[TIM_DMA_ID_CC1]);
 2478              		.loc 1 1020 7 view .LVU732
 2479 0012 0268     		ldr	r2, [r0]
 2480 0014 D368     		ldr	r3, [r2, #12]
 2481 0016 23F40073 		bic	r3, r3, #512
 2482 001a D360     		str	r3, [r2, #12]
1021:Drivers/STM32F4xx_HAL_Driver/Src/stm32f4xx_hal_tim_ex.c ****       break;
 2483              		.loc 1 1021 7 view .LVU733
1021:Drivers/STM32F4xx_HAL_Driver/Src/stm32f4xx_hal_tim_ex.c ****       break;
 2484              		.loc 1 1021 13 is_stmt 0 view .LVU734
 2485 001c 406A     		ldr	r0, [r0, #36]
 2486              	.LVL166:
1021:Drivers/STM32F4xx_HAL_Driver/Src/stm32f4xx_hal_tim_ex.c ****       break;
 2487              		.loc 1 1021 13 view .LVU735
 2488 001e FFF7FEFF 		bl	HAL_DMA_Abort_IT
 2489              	.LVL167:
1022:Drivers/STM32F4xx_HAL_Driver/Src/stm32f4xx_hal_tim_ex.c ****     }
 2490              		.loc 1 1022 7 is_stmt 1 view .LVU736
1046:Drivers/STM32F4xx_HAL_Driver/Src/stm32f4xx_hal_tim_ex.c ****   {
 2491              		.loc 1 1046 3 view .LVU737
 2492              	.L190:
1049:Drivers/STM32F4xx_HAL_Driver/Src/stm32f4xx_hal_tim_ex.c **** 
 2493              		.loc 1 1049 5 view .LVU738
 2494 0022 0022     		movs	r2, #0
 2495 0024 2946     		mov	r1, r5
 2496 0026 2068     		ldr	r0, [r4]
 2497 0028 FFF7FEFF 		bl	TIM_CCxNChannelCmd
 2498              	.LVL168:
1052:Drivers/STM32F4xx_HAL_Driver/Src/stm32f4xx_hal_tim_ex.c **** 
ARM GAS  C:\Users\pablo\AppData\Local\Temp\ccRGdM61.s 			page 99


 2499              		.loc 1 1052 5 view .LVU739
1052:Drivers/STM32F4xx_HAL_Driver/Src/stm32f4xx_hal_tim_ex.c **** 
 2500              		.loc 1 1052 5 view .LVU740
 2501 002c 2368     		ldr	r3, [r4]
 2502 002e 196A     		ldr	r1, [r3, #32]
 2503 0030 41F21112 		movw	r2, #4369
 2504 0034 1142     		tst	r1, r2
 2505 0036 08D1     		bne	.L191
1052:Drivers/STM32F4xx_HAL_Driver/Src/stm32f4xx_hal_tim_ex.c **** 
 2506              		.loc 1 1052 5 discriminator 1 view .LVU741
 2507 0038 196A     		ldr	r1, [r3, #32]
 2508 003a 40F24442 		movw	r2, #1092
 2509 003e 1142     		tst	r1, r2
 2510 0040 03D1     		bne	.L191
1052:Drivers/STM32F4xx_HAL_Driver/Src/stm32f4xx_hal_tim_ex.c **** 
 2511              		.loc 1 1052 5 discriminator 3 view .LVU742
 2512 0042 5A6C     		ldr	r2, [r3, #68]
 2513 0044 22F40042 		bic	r2, r2, #32768
 2514 0048 5A64     		str	r2, [r3, #68]
 2515              	.L191:
1052:Drivers/STM32F4xx_HAL_Driver/Src/stm32f4xx_hal_tim_ex.c **** 
 2516              		.loc 1 1052 5 discriminator 5 view .LVU743
1055:Drivers/STM32F4xx_HAL_Driver/Src/stm32f4xx_hal_tim_ex.c **** 
 2517              		.loc 1 1055 5 view .LVU744
1055:Drivers/STM32F4xx_HAL_Driver/Src/stm32f4xx_hal_tim_ex.c **** 
 2518              		.loc 1 1055 5 view .LVU745
 2519 004a 2368     		ldr	r3, [r4]
 2520 004c 196A     		ldr	r1, [r3, #32]
 2521 004e 41F21112 		movw	r2, #4369
 2522 0052 1142     		tst	r1, r2
 2523 0054 08D1     		bne	.L192
1055:Drivers/STM32F4xx_HAL_Driver/Src/stm32f4xx_hal_tim_ex.c **** 
 2524              		.loc 1 1055 5 discriminator 1 view .LVU746
 2525 0056 196A     		ldr	r1, [r3, #32]
 2526 0058 40F24442 		movw	r2, #1092
 2527 005c 1142     		tst	r1, r2
 2528 005e 03D1     		bne	.L192
1055:Drivers/STM32F4xx_HAL_Driver/Src/stm32f4xx_hal_tim_ex.c **** 
 2529              		.loc 1 1055 5 discriminator 3 view .LVU747
 2530 0060 1A68     		ldr	r2, [r3]
 2531 0062 22F00102 		bic	r2, r2, #1
 2532 0066 1A60     		str	r2, [r3]
 2533              	.L192:
1055:Drivers/STM32F4xx_HAL_Driver/Src/stm32f4xx_hal_tim_ex.c **** 
 2534              		.loc 1 1055 5 discriminator 5 view .LVU748
1058:Drivers/STM32F4xx_HAL_Driver/Src/stm32f4xx_hal_tim_ex.c ****   }
 2535              		.loc 1 1058 5 view .LVU749
 2536 0068 B5B9     		cbnz	r5, .L193
1058:Drivers/STM32F4xx_HAL_Driver/Src/stm32f4xx_hal_tim_ex.c ****   }
 2537              		.loc 1 1058 5 is_stmt 0 discriminator 1 view .LVU750
 2538 006a 0123     		movs	r3, #1
 2539 006c 84F84230 		strb	r3, [r4, #66]
 2540 0070 0020     		movs	r0, #0
 2541              	.L189:
 2542              	.LVL169:
1062:Drivers/STM32F4xx_HAL_Driver/Src/stm32f4xx_hal_tim_ex.c **** }
 2543              		.loc 1 1062 3 is_stmt 1 view .LVU751
ARM GAS  C:\Users\pablo\AppData\Local\Temp\ccRGdM61.s 			page 100


1063:Drivers/STM32F4xx_HAL_Driver/Src/stm32f4xx_hal_tim_ex.c **** 
 2544              		.loc 1 1063 1 is_stmt 0 view .LVU752
 2545 0072 38BD     		pop	{r3, r4, r5, pc}
 2546              	.LVL170:
 2547              	.L187:
1028:Drivers/STM32F4xx_HAL_Driver/Src/stm32f4xx_hal_tim_ex.c ****       (void)HAL_DMA_Abort_IT(htim->hdma[TIM_DMA_ID_CC2]);
 2548              		.loc 1 1028 7 is_stmt 1 view .LVU753
 2549 0074 0268     		ldr	r2, [r0]
 2550 0076 D368     		ldr	r3, [r2, #12]
 2551 0078 23F48063 		bic	r3, r3, #1024
 2552 007c D360     		str	r3, [r2, #12]
1029:Drivers/STM32F4xx_HAL_Driver/Src/stm32f4xx_hal_tim_ex.c ****       break;
 2553              		.loc 1 1029 7 view .LVU754
1029:Drivers/STM32F4xx_HAL_Driver/Src/stm32f4xx_hal_tim_ex.c ****       break;
 2554              		.loc 1 1029 13 is_stmt 0 view .LVU755
 2555 007e 806A     		ldr	r0, [r0, #40]
 2556              	.LVL171:
1029:Drivers/STM32F4xx_HAL_Driver/Src/stm32f4xx_hal_tim_ex.c ****       break;
 2557              		.loc 1 1029 13 view .LVU756
 2558 0080 FFF7FEFF 		bl	HAL_DMA_Abort_IT
 2559              	.LVL172:
1030:Drivers/STM32F4xx_HAL_Driver/Src/stm32f4xx_hal_tim_ex.c ****     }
 2560              		.loc 1 1030 7 is_stmt 1 view .LVU757
1046:Drivers/STM32F4xx_HAL_Driver/Src/stm32f4xx_hal_tim_ex.c ****   {
 2561              		.loc 1 1046 3 view .LVU758
 2562 0084 CDE7     		b	.L190
 2563              	.LVL173:
 2564              	.L188:
1036:Drivers/STM32F4xx_HAL_Driver/Src/stm32f4xx_hal_tim_ex.c ****       (void)HAL_DMA_Abort_IT(htim->hdma[TIM_DMA_ID_CC3]);
 2565              		.loc 1 1036 7 view .LVU759
 2566 0086 0268     		ldr	r2, [r0]
 2567 0088 D368     		ldr	r3, [r2, #12]
 2568 008a 23F40063 		bic	r3, r3, #2048
 2569 008e D360     		str	r3, [r2, #12]
1037:Drivers/STM32F4xx_HAL_Driver/Src/stm32f4xx_hal_tim_ex.c ****       break;
 2570              		.loc 1 1037 7 view .LVU760
1037:Drivers/STM32F4xx_HAL_Driver/Src/stm32f4xx_hal_tim_ex.c ****       break;
 2571              		.loc 1 1037 13 is_stmt 0 view .LVU761
 2572 0090 C06A     		ldr	r0, [r0, #44]
 2573              	.LVL174:
1037:Drivers/STM32F4xx_HAL_Driver/Src/stm32f4xx_hal_tim_ex.c ****       break;
 2574              		.loc 1 1037 13 view .LVU762
 2575 0092 FFF7FEFF 		bl	HAL_DMA_Abort_IT
 2576              	.LVL175:
1038:Drivers/STM32F4xx_HAL_Driver/Src/stm32f4xx_hal_tim_ex.c ****     }
 2577              		.loc 1 1038 7 is_stmt 1 view .LVU763
1046:Drivers/STM32F4xx_HAL_Driver/Src/stm32f4xx_hal_tim_ex.c ****   {
 2578              		.loc 1 1046 3 view .LVU764
 2579 0096 C4E7     		b	.L190
 2580              	.L193:
1058:Drivers/STM32F4xx_HAL_Driver/Src/stm32f4xx_hal_tim_ex.c ****   }
 2581              		.loc 1 1058 5 is_stmt 0 discriminator 2 view .LVU765
 2582 0098 042D     		cmp	r5, #4
 2583 009a 06D0     		beq	.L198
1058:Drivers/STM32F4xx_HAL_Driver/Src/stm32f4xx_hal_tim_ex.c ****   }
 2584              		.loc 1 1058 5 discriminator 4 view .LVU766
 2585 009c 082D     		cmp	r5, #8
ARM GAS  C:\Users\pablo\AppData\Local\Temp\ccRGdM61.s 			page 101


 2586 009e 09D0     		beq	.L199
1058:Drivers/STM32F4xx_HAL_Driver/Src/stm32f4xx_hal_tim_ex.c ****   }
 2587              		.loc 1 1058 5 discriminator 7 view .LVU767
 2588 00a0 0123     		movs	r3, #1
 2589 00a2 84F84530 		strb	r3, [r4, #69]
 2590 00a6 0020     		movs	r0, #0
 2591 00a8 E3E7     		b	.L189
 2592              	.L198:
1058:Drivers/STM32F4xx_HAL_Driver/Src/stm32f4xx_hal_tim_ex.c ****   }
 2593              		.loc 1 1058 5 discriminator 3 view .LVU768
 2594 00aa 0123     		movs	r3, #1
 2595 00ac 84F84330 		strb	r3, [r4, #67]
 2596 00b0 0020     		movs	r0, #0
 2597 00b2 DEE7     		b	.L189
 2598              	.L199:
1058:Drivers/STM32F4xx_HAL_Driver/Src/stm32f4xx_hal_tim_ex.c ****   }
 2599              		.loc 1 1058 5 discriminator 6 view .LVU769
 2600 00b4 0123     		movs	r3, #1
 2601 00b6 84F84430 		strb	r3, [r4, #68]
 2602 00ba 0020     		movs	r0, #0
 2603 00bc D9E7     		b	.L189
 2604              	.LVL176:
 2605              	.L196:
1015:Drivers/STM32F4xx_HAL_Driver/Src/stm32f4xx_hal_tim_ex.c ****   {
 2606              		.loc 1 1015 3 view .LVU770
 2607 00be 0120     		movs	r0, #1
 2608              	.LVL177:
1015:Drivers/STM32F4xx_HAL_Driver/Src/stm32f4xx_hal_tim_ex.c ****   {
 2609              		.loc 1 1015 3 view .LVU771
 2610 00c0 D7E7     		b	.L189
 2611              		.cfi_endproc
 2612              	.LFE149:
 2614              		.section	.text.HAL_TIMEx_PWMN_Start,"ax",%progbits
 2615              		.align	1
 2616              		.global	HAL_TIMEx_PWMN_Start
 2617              		.syntax unified
 2618              		.thumb
 2619              		.thumb_func
 2621              	HAL_TIMEx_PWMN_Start:
 2622              	.LVL178:
 2623              	.LFB150:
1099:Drivers/STM32F4xx_HAL_Driver/Src/stm32f4xx_hal_tim_ex.c ****   uint32_t tmpsmcr;
 2624              		.loc 1 1099 1 is_stmt 1 view -0
 2625              		.cfi_startproc
 2626              		@ args = 0, pretend = 0, frame = 0
 2627              		@ frame_needed = 0, uses_anonymous_args = 0
1099:Drivers/STM32F4xx_HAL_Driver/Src/stm32f4xx_hal_tim_ex.c ****   uint32_t tmpsmcr;
 2628              		.loc 1 1099 1 is_stmt 0 view .LVU773
 2629 0000 10B5     		push	{r4, lr}
 2630              	.LCFI20:
 2631              		.cfi_def_cfa_offset 8
 2632              		.cfi_offset 4, -8
 2633              		.cfi_offset 14, -4
 2634 0002 0446     		mov	r4, r0
1100:Drivers/STM32F4xx_HAL_Driver/Src/stm32f4xx_hal_tim_ex.c **** 
 2635              		.loc 1 1100 3 is_stmt 1 view .LVU774
1103:Drivers/STM32F4xx_HAL_Driver/Src/stm32f4xx_hal_tim_ex.c **** 
ARM GAS  C:\Users\pablo\AppData\Local\Temp\ccRGdM61.s 			page 102


 2636              		.loc 1 1103 3 view .LVU775
1106:Drivers/STM32F4xx_HAL_Driver/Src/stm32f4xx_hal_tim_ex.c ****   {
 2637              		.loc 1 1106 3 view .LVU776
1106:Drivers/STM32F4xx_HAL_Driver/Src/stm32f4xx_hal_tim_ex.c ****   {
 2638              		.loc 1 1106 46 is_stmt 0 view .LVU777
 2639 0004 0846     		mov	r0, r1
 2640              	.LVL179:
1106:Drivers/STM32F4xx_HAL_Driver/Src/stm32f4xx_hal_tim_ex.c ****   {
 2641              		.loc 1 1106 46 view .LVU778
 2642 0006 0029     		cmp	r1, #0
 2643 0008 32D1     		bne	.L201
1106:Drivers/STM32F4xx_HAL_Driver/Src/stm32f4xx_hal_tim_ex.c ****   {
 2644              		.loc 1 1106 7 discriminator 1 view .LVU779
 2645 000a 94F84230 		ldrb	r3, [r4, #66]	@ zero_extendqisi2
1106:Drivers/STM32F4xx_HAL_Driver/Src/stm32f4xx_hal_tim_ex.c ****   {
 2646              		.loc 1 1106 46 discriminator 1 view .LVU780
 2647 000e 013B     		subs	r3, r3, #1
 2648 0010 18BF     		it	ne
 2649 0012 0123     		movne	r3, #1
 2650              	.L202:
1106:Drivers/STM32F4xx_HAL_Driver/Src/stm32f4xx_hal_tim_ex.c ****   {
 2651              		.loc 1 1106 6 discriminator 12 view .LVU781
 2652 0014 002B     		cmp	r3, #0
 2653 0016 5CD1     		bne	.L212
1112:Drivers/STM32F4xx_HAL_Driver/Src/stm32f4xx_hal_tim_ex.c **** 
 2654              		.loc 1 1112 3 is_stmt 1 view .LVU782
 2655 0018 0028     		cmp	r0, #0
 2656 001a 3FD1     		bne	.L206
1112:Drivers/STM32F4xx_HAL_Driver/Src/stm32f4xx_hal_tim_ex.c **** 
 2657              		.loc 1 1112 3 is_stmt 0 discriminator 1 view .LVU783
 2658 001c 0223     		movs	r3, #2
 2659 001e 84F84230 		strb	r3, [r4, #66]
 2660              	.L207:
1115:Drivers/STM32F4xx_HAL_Driver/Src/stm32f4xx_hal_tim_ex.c **** 
 2661              		.loc 1 1115 3 is_stmt 1 view .LVU784
 2662 0022 0422     		movs	r2, #4
 2663 0024 0146     		mov	r1, r0
 2664              	.LVL180:
1115:Drivers/STM32F4xx_HAL_Driver/Src/stm32f4xx_hal_tim_ex.c **** 
 2665              		.loc 1 1115 3 is_stmt 0 view .LVU785
 2666 0026 2068     		ldr	r0, [r4]
 2667              	.LVL181:
1115:Drivers/STM32F4xx_HAL_Driver/Src/stm32f4xx_hal_tim_ex.c **** 
 2668              		.loc 1 1115 3 view .LVU786
 2669 0028 FFF7FEFF 		bl	TIM_CCxNChannelCmd
 2670              	.LVL182:
1118:Drivers/STM32F4xx_HAL_Driver/Src/stm32f4xx_hal_tim_ex.c **** 
 2671              		.loc 1 1118 3 is_stmt 1 view .LVU787
 2672 002c 2268     		ldr	r2, [r4]
 2673 002e 536C     		ldr	r3, [r2, #68]
 2674 0030 43F40043 		orr	r3, r3, #32768
 2675 0034 5364     		str	r3, [r2, #68]
1121:Drivers/STM32F4xx_HAL_Driver/Src/stm32f4xx_hal_tim_ex.c ****   {
 2676              		.loc 1 1121 3 view .LVU788
1121:Drivers/STM32F4xx_HAL_Driver/Src/stm32f4xx_hal_tim_ex.c ****   {
 2677              		.loc 1 1121 7 is_stmt 0 view .LVU789
 2678 0036 2368     		ldr	r3, [r4]
ARM GAS  C:\Users\pablo\AppData\Local\Temp\ccRGdM61.s 			page 103


1121:Drivers/STM32F4xx_HAL_Driver/Src/stm32f4xx_hal_tim_ex.c ****   {
 2679              		.loc 1 1121 6 view .LVU790
 2680 0038 284A     		ldr	r2, .L219
 2681 003a 9342     		cmp	r3, r2
 2682 003c 3ED0     		beq	.L210
1121:Drivers/STM32F4xx_HAL_Driver/Src/stm32f4xx_hal_tim_ex.c ****   {
 2683              		.loc 1 1121 7 discriminator 1 view .LVU791
 2684 003e B3F1804F 		cmp	r3, #1073741824
 2685 0042 3BD0     		beq	.L210
1121:Drivers/STM32F4xx_HAL_Driver/Src/stm32f4xx_hal_tim_ex.c ****   {
 2686              		.loc 1 1121 7 discriminator 2 view .LVU792
 2687 0044 A2F57C42 		sub	r2, r2, #64512
 2688 0048 9342     		cmp	r3, r2
 2689 004a 37D0     		beq	.L210
1121:Drivers/STM32F4xx_HAL_Driver/Src/stm32f4xx_hal_tim_ex.c ****   {
 2690              		.loc 1 1121 7 discriminator 3 view .LVU793
 2691 004c 02F58062 		add	r2, r2, #1024
 2692 0050 9342     		cmp	r3, r2
 2693 0052 33D0     		beq	.L210
1121:Drivers/STM32F4xx_HAL_Driver/Src/stm32f4xx_hal_tim_ex.c ****   {
 2694              		.loc 1 1121 7 discriminator 4 view .LVU794
 2695 0054 02F58062 		add	r2, r2, #1024
 2696 0058 9342     		cmp	r3, r2
 2697 005a 2FD0     		beq	.L210
1121:Drivers/STM32F4xx_HAL_Driver/Src/stm32f4xx_hal_tim_ex.c ****   {
 2698              		.loc 1 1121 7 discriminator 5 view .LVU795
 2699 005c 02F59A32 		add	r2, r2, #78848
 2700 0060 9342     		cmp	r3, r2
 2701 0062 2BD0     		beq	.L210
1131:Drivers/STM32F4xx_HAL_Driver/Src/stm32f4xx_hal_tim_ex.c ****   }
 2702              		.loc 1 1131 5 is_stmt 1 view .LVU796
 2703 0064 1A68     		ldr	r2, [r3]
 2704 0066 42F00102 		orr	r2, r2, #1
 2705 006a 1A60     		str	r2, [r3]
1135:Drivers/STM32F4xx_HAL_Driver/Src/stm32f4xx_hal_tim_ex.c **** }
 2706              		.loc 1 1135 10 is_stmt 0 view .LVU797
 2707 006c 0020     		movs	r0, #0
 2708 006e 2FE0     		b	.L205
 2709              	.LVL183:
 2710              	.L201:
1106:Drivers/STM32F4xx_HAL_Driver/Src/stm32f4xx_hal_tim_ex.c ****   {
 2711              		.loc 1 1106 46 discriminator 2 view .LVU798
 2712 0070 0429     		cmp	r1, #4
 2713 0072 07D0     		beq	.L215
1106:Drivers/STM32F4xx_HAL_Driver/Src/stm32f4xx_hal_tim_ex.c ****   {
 2714              		.loc 1 1106 46 discriminator 5 view .LVU799
 2715 0074 0829     		cmp	r1, #8
 2716 0076 0BD0     		beq	.L216
1106:Drivers/STM32F4xx_HAL_Driver/Src/stm32f4xx_hal_tim_ex.c ****   {
 2717              		.loc 1 1106 7 discriminator 8 view .LVU800
 2718 0078 94F84530 		ldrb	r3, [r4, #69]	@ zero_extendqisi2
1106:Drivers/STM32F4xx_HAL_Driver/Src/stm32f4xx_hal_tim_ex.c ****   {
 2719              		.loc 1 1106 46 discriminator 8 view .LVU801
 2720 007c 013B     		subs	r3, r3, #1
 2721 007e 18BF     		it	ne
 2722 0080 0123     		movne	r3, #1
 2723 0082 C7E7     		b	.L202
ARM GAS  C:\Users\pablo\AppData\Local\Temp\ccRGdM61.s 			page 104


 2724              	.L215:
1106:Drivers/STM32F4xx_HAL_Driver/Src/stm32f4xx_hal_tim_ex.c ****   {
 2725              		.loc 1 1106 7 discriminator 4 view .LVU802
 2726 0084 94F84330 		ldrb	r3, [r4, #67]	@ zero_extendqisi2
1106:Drivers/STM32F4xx_HAL_Driver/Src/stm32f4xx_hal_tim_ex.c ****   {
 2727              		.loc 1 1106 46 discriminator 4 view .LVU803
 2728 0088 013B     		subs	r3, r3, #1
 2729 008a 18BF     		it	ne
 2730 008c 0123     		movne	r3, #1
 2731 008e C1E7     		b	.L202
 2732              	.L216:
1106:Drivers/STM32F4xx_HAL_Driver/Src/stm32f4xx_hal_tim_ex.c ****   {
 2733              		.loc 1 1106 7 discriminator 7 view .LVU804
 2734 0090 94F84430 		ldrb	r3, [r4, #68]	@ zero_extendqisi2
1106:Drivers/STM32F4xx_HAL_Driver/Src/stm32f4xx_hal_tim_ex.c ****   {
 2735              		.loc 1 1106 46 discriminator 7 view .LVU805
 2736 0094 013B     		subs	r3, r3, #1
 2737 0096 18BF     		it	ne
 2738 0098 0123     		movne	r3, #1
 2739 009a BBE7     		b	.L202
 2740              	.L206:
1112:Drivers/STM32F4xx_HAL_Driver/Src/stm32f4xx_hal_tim_ex.c **** 
 2741              		.loc 1 1112 3 discriminator 2 view .LVU806
 2742 009c 0428     		cmp	r0, #4
 2743 009e 05D0     		beq	.L217
1112:Drivers/STM32F4xx_HAL_Driver/Src/stm32f4xx_hal_tim_ex.c **** 
 2744              		.loc 1 1112 3 discriminator 4 view .LVU807
 2745 00a0 0828     		cmp	r0, #8
 2746 00a2 07D0     		beq	.L218
1112:Drivers/STM32F4xx_HAL_Driver/Src/stm32f4xx_hal_tim_ex.c **** 
 2747              		.loc 1 1112 3 discriminator 7 view .LVU808
 2748 00a4 0223     		movs	r3, #2
 2749 00a6 84F84530 		strb	r3, [r4, #69]
 2750 00aa BAE7     		b	.L207
 2751              	.L217:
1112:Drivers/STM32F4xx_HAL_Driver/Src/stm32f4xx_hal_tim_ex.c **** 
 2752              		.loc 1 1112 3 discriminator 3 view .LVU809
 2753 00ac 0223     		movs	r3, #2
 2754 00ae 84F84330 		strb	r3, [r4, #67]
 2755 00b2 B6E7     		b	.L207
 2756              	.L218:
1112:Drivers/STM32F4xx_HAL_Driver/Src/stm32f4xx_hal_tim_ex.c **** 
 2757              		.loc 1 1112 3 discriminator 6 view .LVU810
 2758 00b4 0223     		movs	r3, #2
 2759 00b6 84F84430 		strb	r3, [r4, #68]
 2760 00ba B2E7     		b	.L207
 2761              	.LVL184:
 2762              	.L210:
1123:Drivers/STM32F4xx_HAL_Driver/Src/stm32f4xx_hal_tim_ex.c ****     if (!IS_TIM_SLAVEMODE_TRIGGER_ENABLED(tmpsmcr))
 2763              		.loc 1 1123 5 is_stmt 1 view .LVU811
1123:Drivers/STM32F4xx_HAL_Driver/Src/stm32f4xx_hal_tim_ex.c ****     if (!IS_TIM_SLAVEMODE_TRIGGER_ENABLED(tmpsmcr))
 2764              		.loc 1 1123 29 is_stmt 0 view .LVU812
 2765 00bc 9A68     		ldr	r2, [r3, #8]
1123:Drivers/STM32F4xx_HAL_Driver/Src/stm32f4xx_hal_tim_ex.c ****     if (!IS_TIM_SLAVEMODE_TRIGGER_ENABLED(tmpsmcr))
 2766              		.loc 1 1123 13 view .LVU813
 2767 00be 02F00702 		and	r2, r2, #7
 2768              	.LVL185:
ARM GAS  C:\Users\pablo\AppData\Local\Temp\ccRGdM61.s 			page 105


1124:Drivers/STM32F4xx_HAL_Driver/Src/stm32f4xx_hal_tim_ex.c ****     {
 2769              		.loc 1 1124 5 is_stmt 1 view .LVU814
1124:Drivers/STM32F4xx_HAL_Driver/Src/stm32f4xx_hal_tim_ex.c ****     {
 2770              		.loc 1 1124 8 is_stmt 0 view .LVU815
 2771 00c2 062A     		cmp	r2, #6
 2772 00c4 07D0     		beq	.L213
1126:Drivers/STM32F4xx_HAL_Driver/Src/stm32f4xx_hal_tim_ex.c ****     }
 2773              		.loc 1 1126 7 is_stmt 1 view .LVU816
 2774 00c6 1A68     		ldr	r2, [r3]
 2775              	.LVL186:
1126:Drivers/STM32F4xx_HAL_Driver/Src/stm32f4xx_hal_tim_ex.c ****     }
 2776              		.loc 1 1126 7 is_stmt 0 view .LVU817
 2777 00c8 42F00102 		orr	r2, r2, #1
 2778 00cc 1A60     		str	r2, [r3]
1135:Drivers/STM32F4xx_HAL_Driver/Src/stm32f4xx_hal_tim_ex.c **** }
 2779              		.loc 1 1135 10 view .LVU818
 2780 00ce 0020     		movs	r0, #0
 2781              	.LVL187:
 2782              	.L205:
1136:Drivers/STM32F4xx_HAL_Driver/Src/stm32f4xx_hal_tim_ex.c **** 
 2783              		.loc 1 1136 1 view .LVU819
 2784 00d0 10BD     		pop	{r4, pc}
 2785              	.LVL188:
 2786              	.L212:
1108:Drivers/STM32F4xx_HAL_Driver/Src/stm32f4xx_hal_tim_ex.c ****   }
 2787              		.loc 1 1108 12 view .LVU820
 2788 00d2 0120     		movs	r0, #1
 2789              	.LVL189:
1108:Drivers/STM32F4xx_HAL_Driver/Src/stm32f4xx_hal_tim_ex.c ****   }
 2790              		.loc 1 1108 12 view .LVU821
 2791 00d4 FCE7     		b	.L205
 2792              	.LVL190:
 2793              	.L213:
1135:Drivers/STM32F4xx_HAL_Driver/Src/stm32f4xx_hal_tim_ex.c **** }
 2794              		.loc 1 1135 10 view .LVU822
 2795 00d6 0020     		movs	r0, #0
 2796 00d8 FAE7     		b	.L205
 2797              	.L220:
 2798 00da 00BF     		.align	2
 2799              	.L219:
 2800 00dc 00000140 		.word	1073807360
 2801              		.cfi_endproc
 2802              	.LFE150:
 2804              		.section	.text.HAL_TIMEx_PWMN_Stop,"ax",%progbits
 2805              		.align	1
 2806              		.global	HAL_TIMEx_PWMN_Stop
 2807              		.syntax unified
 2808              		.thumb
 2809              		.thumb_func
 2811              	HAL_TIMEx_PWMN_Stop:
 2812              	.LVL191:
 2813              	.LFB151:
1149:Drivers/STM32F4xx_HAL_Driver/Src/stm32f4xx_hal_tim_ex.c ****   /* Check the parameters */
 2814              		.loc 1 1149 1 is_stmt 1 view -0
 2815              		.cfi_startproc
 2816              		@ args = 0, pretend = 0, frame = 0
 2817              		@ frame_needed = 0, uses_anonymous_args = 0
ARM GAS  C:\Users\pablo\AppData\Local\Temp\ccRGdM61.s 			page 106


1149:Drivers/STM32F4xx_HAL_Driver/Src/stm32f4xx_hal_tim_ex.c ****   /* Check the parameters */
 2818              		.loc 1 1149 1 is_stmt 0 view .LVU824
 2819 0000 38B5     		push	{r3, r4, r5, lr}
 2820              	.LCFI21:
 2821              		.cfi_def_cfa_offset 16
 2822              		.cfi_offset 3, -16
 2823              		.cfi_offset 4, -12
 2824              		.cfi_offset 5, -8
 2825              		.cfi_offset 14, -4
 2826 0002 0446     		mov	r4, r0
 2827 0004 0D46     		mov	r5, r1
1151:Drivers/STM32F4xx_HAL_Driver/Src/stm32f4xx_hal_tim_ex.c **** 
 2828              		.loc 1 1151 3 is_stmt 1 view .LVU825
1154:Drivers/STM32F4xx_HAL_Driver/Src/stm32f4xx_hal_tim_ex.c **** 
 2829              		.loc 1 1154 3 view .LVU826
 2830 0006 0022     		movs	r2, #0
 2831 0008 0068     		ldr	r0, [r0]
 2832              	.LVL192:
1154:Drivers/STM32F4xx_HAL_Driver/Src/stm32f4xx_hal_tim_ex.c **** 
 2833              		.loc 1 1154 3 is_stmt 0 view .LVU827
 2834 000a FFF7FEFF 		bl	TIM_CCxNChannelCmd
 2835              	.LVL193:
1157:Drivers/STM32F4xx_HAL_Driver/Src/stm32f4xx_hal_tim_ex.c **** 
 2836              		.loc 1 1157 3 is_stmt 1 view .LVU828
1157:Drivers/STM32F4xx_HAL_Driver/Src/stm32f4xx_hal_tim_ex.c **** 
 2837              		.loc 1 1157 3 view .LVU829
 2838 000e 2368     		ldr	r3, [r4]
 2839 0010 196A     		ldr	r1, [r3, #32]
 2840 0012 41F21112 		movw	r2, #4369
 2841 0016 1142     		tst	r1, r2
 2842 0018 08D1     		bne	.L222
1157:Drivers/STM32F4xx_HAL_Driver/Src/stm32f4xx_hal_tim_ex.c **** 
 2843              		.loc 1 1157 3 discriminator 1 view .LVU830
 2844 001a 196A     		ldr	r1, [r3, #32]
 2845 001c 40F24442 		movw	r2, #1092
 2846 0020 1142     		tst	r1, r2
 2847 0022 03D1     		bne	.L222
1157:Drivers/STM32F4xx_HAL_Driver/Src/stm32f4xx_hal_tim_ex.c **** 
 2848              		.loc 1 1157 3 discriminator 3 view .LVU831
 2849 0024 5A6C     		ldr	r2, [r3, #68]
 2850 0026 22F40042 		bic	r2, r2, #32768
 2851 002a 5A64     		str	r2, [r3, #68]
 2852              	.L222:
1157:Drivers/STM32F4xx_HAL_Driver/Src/stm32f4xx_hal_tim_ex.c **** 
 2853              		.loc 1 1157 3 discriminator 5 view .LVU832
1160:Drivers/STM32F4xx_HAL_Driver/Src/stm32f4xx_hal_tim_ex.c **** 
 2854              		.loc 1 1160 3 view .LVU833
1160:Drivers/STM32F4xx_HAL_Driver/Src/stm32f4xx_hal_tim_ex.c **** 
 2855              		.loc 1 1160 3 view .LVU834
 2856 002c 2368     		ldr	r3, [r4]
 2857 002e 196A     		ldr	r1, [r3, #32]
 2858 0030 41F21112 		movw	r2, #4369
 2859 0034 1142     		tst	r1, r2
 2860 0036 08D1     		bne	.L223
1160:Drivers/STM32F4xx_HAL_Driver/Src/stm32f4xx_hal_tim_ex.c **** 
 2861              		.loc 1 1160 3 discriminator 1 view .LVU835
 2862 0038 196A     		ldr	r1, [r3, #32]
ARM GAS  C:\Users\pablo\AppData\Local\Temp\ccRGdM61.s 			page 107


 2863 003a 40F24442 		movw	r2, #1092
 2864 003e 1142     		tst	r1, r2
 2865 0040 03D1     		bne	.L223
1160:Drivers/STM32F4xx_HAL_Driver/Src/stm32f4xx_hal_tim_ex.c **** 
 2866              		.loc 1 1160 3 discriminator 3 view .LVU836
 2867 0042 1A68     		ldr	r2, [r3]
 2868 0044 22F00102 		bic	r2, r2, #1
 2869 0048 1A60     		str	r2, [r3]
 2870              	.L223:
1160:Drivers/STM32F4xx_HAL_Driver/Src/stm32f4xx_hal_tim_ex.c **** 
 2871              		.loc 1 1160 3 discriminator 5 view .LVU837
1163:Drivers/STM32F4xx_HAL_Driver/Src/stm32f4xx_hal_tim_ex.c **** 
 2872              		.loc 1 1163 3 view .LVU838
 2873 004a 25B9     		cbnz	r5, .L224
1163:Drivers/STM32F4xx_HAL_Driver/Src/stm32f4xx_hal_tim_ex.c **** 
 2874              		.loc 1 1163 3 is_stmt 0 discriminator 1 view .LVU839
 2875 004c 0123     		movs	r3, #1
 2876 004e 84F84230 		strb	r3, [r4, #66]
 2877              	.L225:
1166:Drivers/STM32F4xx_HAL_Driver/Src/stm32f4xx_hal_tim_ex.c **** }
 2878              		.loc 1 1166 3 is_stmt 1 view .LVU840
1167:Drivers/STM32F4xx_HAL_Driver/Src/stm32f4xx_hal_tim_ex.c **** 
 2879              		.loc 1 1167 1 is_stmt 0 view .LVU841
 2880 0052 0020     		movs	r0, #0
 2881 0054 38BD     		pop	{r3, r4, r5, pc}
 2882              	.LVL194:
 2883              	.L224:
1163:Drivers/STM32F4xx_HAL_Driver/Src/stm32f4xx_hal_tim_ex.c **** 
 2884              		.loc 1 1163 3 discriminator 2 view .LVU842
 2885 0056 042D     		cmp	r5, #4
 2886 0058 05D0     		beq	.L229
1163:Drivers/STM32F4xx_HAL_Driver/Src/stm32f4xx_hal_tim_ex.c **** 
 2887              		.loc 1 1163 3 discriminator 4 view .LVU843
 2888 005a 082D     		cmp	r5, #8
 2889 005c 07D0     		beq	.L230
1163:Drivers/STM32F4xx_HAL_Driver/Src/stm32f4xx_hal_tim_ex.c **** 
 2890              		.loc 1 1163 3 discriminator 7 view .LVU844
 2891 005e 0123     		movs	r3, #1
 2892 0060 84F84530 		strb	r3, [r4, #69]
 2893 0064 F5E7     		b	.L225
 2894              	.L229:
1163:Drivers/STM32F4xx_HAL_Driver/Src/stm32f4xx_hal_tim_ex.c **** 
 2895              		.loc 1 1163 3 discriminator 3 view .LVU845
 2896 0066 0123     		movs	r3, #1
 2897 0068 84F84330 		strb	r3, [r4, #67]
 2898 006c F1E7     		b	.L225
 2899              	.L230:
1163:Drivers/STM32F4xx_HAL_Driver/Src/stm32f4xx_hal_tim_ex.c **** 
 2900              		.loc 1 1163 3 discriminator 6 view .LVU846
 2901 006e 0123     		movs	r3, #1
 2902 0070 84F84430 		strb	r3, [r4, #68]
 2903 0074 EDE7     		b	.L225
 2904              		.cfi_endproc
 2905              	.LFE151:
 2907              		.section	.text.HAL_TIMEx_PWMN_Start_IT,"ax",%progbits
 2908              		.align	1
 2909              		.global	HAL_TIMEx_PWMN_Start_IT
ARM GAS  C:\Users\pablo\AppData\Local\Temp\ccRGdM61.s 			page 108


 2910              		.syntax unified
 2911              		.thumb
 2912              		.thumb_func
 2914              	HAL_TIMEx_PWMN_Start_IT:
 2915              	.LVL195:
 2916              	.LFB152:
1181:Drivers/STM32F4xx_HAL_Driver/Src/stm32f4xx_hal_tim_ex.c ****   HAL_StatusTypeDef status = HAL_OK;
 2917              		.loc 1 1181 1 is_stmt 1 view -0
 2918              		.cfi_startproc
 2919              		@ args = 0, pretend = 0, frame = 0
 2920              		@ frame_needed = 0, uses_anonymous_args = 0
1181:Drivers/STM32F4xx_HAL_Driver/Src/stm32f4xx_hal_tim_ex.c ****   HAL_StatusTypeDef status = HAL_OK;
 2921              		.loc 1 1181 1 is_stmt 0 view .LVU848
 2922 0000 10B5     		push	{r4, lr}
 2923              	.LCFI22:
 2924              		.cfi_def_cfa_offset 8
 2925              		.cfi_offset 4, -8
 2926              		.cfi_offset 14, -4
 2927 0002 0446     		mov	r4, r0
1182:Drivers/STM32F4xx_HAL_Driver/Src/stm32f4xx_hal_tim_ex.c ****   uint32_t tmpsmcr;
 2928              		.loc 1 1182 3 is_stmt 1 view .LVU849
 2929              	.LVL196:
1183:Drivers/STM32F4xx_HAL_Driver/Src/stm32f4xx_hal_tim_ex.c **** 
 2930              		.loc 1 1183 3 view .LVU850
1186:Drivers/STM32F4xx_HAL_Driver/Src/stm32f4xx_hal_tim_ex.c **** 
 2931              		.loc 1 1186 3 view .LVU851
1189:Drivers/STM32F4xx_HAL_Driver/Src/stm32f4xx_hal_tim_ex.c ****   {
 2932              		.loc 1 1189 3 view .LVU852
1189:Drivers/STM32F4xx_HAL_Driver/Src/stm32f4xx_hal_tim_ex.c ****   {
 2933              		.loc 1 1189 46 is_stmt 0 view .LVU853
 2934 0004 0846     		mov	r0, r1
 2935              	.LVL197:
1189:Drivers/STM32F4xx_HAL_Driver/Src/stm32f4xx_hal_tim_ex.c ****   {
 2936              		.loc 1 1189 46 view .LVU854
 2937 0006 0029     		cmp	r1, #0
 2938 0008 3CD1     		bne	.L232
1189:Drivers/STM32F4xx_HAL_Driver/Src/stm32f4xx_hal_tim_ex.c ****   {
 2939              		.loc 1 1189 7 discriminator 1 view .LVU855
 2940 000a 94F84230 		ldrb	r3, [r4, #66]	@ zero_extendqisi2
1189:Drivers/STM32F4xx_HAL_Driver/Src/stm32f4xx_hal_tim_ex.c ****   {
 2941              		.loc 1 1189 46 discriminator 1 view .LVU856
 2942 000e 013B     		subs	r3, r3, #1
 2943 0010 18BF     		it	ne
 2944 0012 0123     		movne	r3, #1
 2945              	.L233:
1189:Drivers/STM32F4xx_HAL_Driver/Src/stm32f4xx_hal_tim_ex.c ****   {
 2946              		.loc 1 1189 6 discriminator 12 view .LVU857
 2947 0014 002B     		cmp	r3, #0
 2948 0016 77D1     		bne	.L246
1195:Drivers/STM32F4xx_HAL_Driver/Src/stm32f4xx_hal_tim_ex.c **** 
 2949              		.loc 1 1195 3 is_stmt 1 view .LVU858
 2950 0018 0028     		cmp	r0, #0
 2951 001a 49D1     		bne	.L237
1195:Drivers/STM32F4xx_HAL_Driver/Src/stm32f4xx_hal_tim_ex.c **** 
 2952              		.loc 1 1195 3 is_stmt 0 discriminator 1 view .LVU859
 2953 001c 0223     		movs	r3, #2
 2954 001e 84F84230 		strb	r3, [r4, #66]
ARM GAS  C:\Users\pablo\AppData\Local\Temp\ccRGdM61.s 			page 109


1197:Drivers/STM32F4xx_HAL_Driver/Src/stm32f4xx_hal_tim_ex.c ****   {
 2955              		.loc 1 1197 3 is_stmt 1 view .LVU860
 2956              	.L238:
1202:Drivers/STM32F4xx_HAL_Driver/Src/stm32f4xx_hal_tim_ex.c ****       break;
 2957              		.loc 1 1202 7 view .LVU861
 2958 0022 2268     		ldr	r2, [r4]
 2959 0024 D368     		ldr	r3, [r2, #12]
 2960 0026 43F00203 		orr	r3, r3, #2
 2961 002a D360     		str	r3, [r2, #12]
1203:Drivers/STM32F4xx_HAL_Driver/Src/stm32f4xx_hal_tim_ex.c ****     }
 2962              		.loc 1 1203 7 view .LVU862
1225:Drivers/STM32F4xx_HAL_Driver/Src/stm32f4xx_hal_tim_ex.c ****   {
 2963              		.loc 1 1225 3 view .LVU863
 2964              	.L243:
1228:Drivers/STM32F4xx_HAL_Driver/Src/stm32f4xx_hal_tim_ex.c **** 
 2965              		.loc 1 1228 5 view .LVU864
 2966 002c 2268     		ldr	r2, [r4]
 2967 002e D368     		ldr	r3, [r2, #12]
 2968 0030 43F08003 		orr	r3, r3, #128
 2969 0034 D360     		str	r3, [r2, #12]
1231:Drivers/STM32F4xx_HAL_Driver/Src/stm32f4xx_hal_tim_ex.c **** 
 2970              		.loc 1 1231 5 view .LVU865
 2971 0036 0422     		movs	r2, #4
 2972 0038 0146     		mov	r1, r0
 2973              	.LVL198:
1231:Drivers/STM32F4xx_HAL_Driver/Src/stm32f4xx_hal_tim_ex.c **** 
 2974              		.loc 1 1231 5 is_stmt 0 view .LVU866
 2975 003a 2068     		ldr	r0, [r4]
 2976              	.LVL199:
1231:Drivers/STM32F4xx_HAL_Driver/Src/stm32f4xx_hal_tim_ex.c **** 
 2977              		.loc 1 1231 5 view .LVU867
 2978 003c FFF7FEFF 		bl	TIM_CCxNChannelCmd
 2979              	.LVL200:
1234:Drivers/STM32F4xx_HAL_Driver/Src/stm32f4xx_hal_tim_ex.c **** 
 2980              		.loc 1 1234 5 is_stmt 1 view .LVU868
 2981 0040 2268     		ldr	r2, [r4]
 2982 0042 536C     		ldr	r3, [r2, #68]
 2983 0044 43F40043 		orr	r3, r3, #32768
 2984 0048 5364     		str	r3, [r2, #68]
1237:Drivers/STM32F4xx_HAL_Driver/Src/stm32f4xx_hal_tim_ex.c ****     {
 2985              		.loc 1 1237 5 view .LVU869
1237:Drivers/STM32F4xx_HAL_Driver/Src/stm32f4xx_hal_tim_ex.c ****     {
 2986              		.loc 1 1237 9 is_stmt 0 view .LVU870
 2987 004a 2368     		ldr	r3, [r4]
1237:Drivers/STM32F4xx_HAL_Driver/Src/stm32f4xx_hal_tim_ex.c ****     {
 2988              		.loc 1 1237 8 view .LVU871
 2989 004c 304A     		ldr	r2, .L254
 2990 004e 9342     		cmp	r3, r2
 2991 0050 4FD0     		beq	.L244
1237:Drivers/STM32F4xx_HAL_Driver/Src/stm32f4xx_hal_tim_ex.c ****     {
 2992              		.loc 1 1237 9 discriminator 1 view .LVU872
 2993 0052 B3F1804F 		cmp	r3, #1073741824
 2994 0056 4CD0     		beq	.L244
1237:Drivers/STM32F4xx_HAL_Driver/Src/stm32f4xx_hal_tim_ex.c ****     {
 2995              		.loc 1 1237 9 discriminator 2 view .LVU873
 2996 0058 A2F57C42 		sub	r2, r2, #64512
 2997 005c 9342     		cmp	r3, r2
ARM GAS  C:\Users\pablo\AppData\Local\Temp\ccRGdM61.s 			page 110


 2998 005e 48D0     		beq	.L244
1237:Drivers/STM32F4xx_HAL_Driver/Src/stm32f4xx_hal_tim_ex.c ****     {
 2999              		.loc 1 1237 9 discriminator 3 view .LVU874
 3000 0060 02F58062 		add	r2, r2, #1024
 3001 0064 9342     		cmp	r3, r2
 3002 0066 44D0     		beq	.L244
1237:Drivers/STM32F4xx_HAL_Driver/Src/stm32f4xx_hal_tim_ex.c ****     {
 3003              		.loc 1 1237 9 discriminator 4 view .LVU875
 3004 0068 02F58062 		add	r2, r2, #1024
 3005 006c 9342     		cmp	r3, r2
 3006 006e 40D0     		beq	.L244
1237:Drivers/STM32F4xx_HAL_Driver/Src/stm32f4xx_hal_tim_ex.c ****     {
 3007              		.loc 1 1237 9 discriminator 5 view .LVU876
 3008 0070 02F59A32 		add	r2, r2, #78848
 3009 0074 9342     		cmp	r3, r2
 3010 0076 3CD0     		beq	.L244
1247:Drivers/STM32F4xx_HAL_Driver/Src/stm32f4xx_hal_tim_ex.c ****     }
 3011              		.loc 1 1247 7 is_stmt 1 view .LVU877
 3012 0078 1A68     		ldr	r2, [r3]
 3013 007a 42F00102 		orr	r2, r2, #1
 3014 007e 1A60     		str	r2, [r3]
 3015 0080 0020     		movs	r0, #0
 3016 0082 40E0     		b	.L236
 3017              	.LVL201:
 3018              	.L232:
1189:Drivers/STM32F4xx_HAL_Driver/Src/stm32f4xx_hal_tim_ex.c ****   {
 3019              		.loc 1 1189 46 is_stmt 0 discriminator 2 view .LVU878
 3020 0084 0429     		cmp	r1, #4
 3021 0086 07D0     		beq	.L250
1189:Drivers/STM32F4xx_HAL_Driver/Src/stm32f4xx_hal_tim_ex.c ****   {
 3022              		.loc 1 1189 46 discriminator 5 view .LVU879
 3023 0088 0829     		cmp	r1, #8
 3024 008a 0BD0     		beq	.L251
1189:Drivers/STM32F4xx_HAL_Driver/Src/stm32f4xx_hal_tim_ex.c ****   {
 3025              		.loc 1 1189 7 discriminator 8 view .LVU880
 3026 008c 94F84530 		ldrb	r3, [r4, #69]	@ zero_extendqisi2
1189:Drivers/STM32F4xx_HAL_Driver/Src/stm32f4xx_hal_tim_ex.c ****   {
 3027              		.loc 1 1189 46 discriminator 8 view .LVU881
 3028 0090 013B     		subs	r3, r3, #1
 3029 0092 18BF     		it	ne
 3030 0094 0123     		movne	r3, #1
 3031 0096 BDE7     		b	.L233
 3032              	.L250:
1189:Drivers/STM32F4xx_HAL_Driver/Src/stm32f4xx_hal_tim_ex.c ****   {
 3033              		.loc 1 1189 7 discriminator 4 view .LVU882
 3034 0098 94F84330 		ldrb	r3, [r4, #67]	@ zero_extendqisi2
1189:Drivers/STM32F4xx_HAL_Driver/Src/stm32f4xx_hal_tim_ex.c ****   {
 3035              		.loc 1 1189 46 discriminator 4 view .LVU883
 3036 009c 013B     		subs	r3, r3, #1
 3037 009e 18BF     		it	ne
 3038 00a0 0123     		movne	r3, #1
 3039 00a2 B7E7     		b	.L233
 3040              	.L251:
1189:Drivers/STM32F4xx_HAL_Driver/Src/stm32f4xx_hal_tim_ex.c ****   {
 3041              		.loc 1 1189 7 discriminator 7 view .LVU884
 3042 00a4 94F84430 		ldrb	r3, [r4, #68]	@ zero_extendqisi2
1189:Drivers/STM32F4xx_HAL_Driver/Src/stm32f4xx_hal_tim_ex.c ****   {
ARM GAS  C:\Users\pablo\AppData\Local\Temp\ccRGdM61.s 			page 111


 3043              		.loc 1 1189 46 discriminator 7 view .LVU885
 3044 00a8 013B     		subs	r3, r3, #1
 3045 00aa 18BF     		it	ne
 3046 00ac 0123     		movne	r3, #1
 3047 00ae B1E7     		b	.L233
 3048              	.L237:
1195:Drivers/STM32F4xx_HAL_Driver/Src/stm32f4xx_hal_tim_ex.c **** 
 3049              		.loc 1 1195 3 discriminator 2 view .LVU886
 3050 00b0 0428     		cmp	r0, #4
 3051 00b2 0CD0     		beq	.L252
1195:Drivers/STM32F4xx_HAL_Driver/Src/stm32f4xx_hal_tim_ex.c **** 
 3052              		.loc 1 1195 3 discriminator 4 view .LVU887
 3053 00b4 0828     		cmp	r0, #8
 3054 00b6 13D0     		beq	.L253
1195:Drivers/STM32F4xx_HAL_Driver/Src/stm32f4xx_hal_tim_ex.c **** 
 3055              		.loc 1 1195 3 discriminator 7 view .LVU888
 3056 00b8 0223     		movs	r3, #2
 3057 00ba 84F84530 		strb	r3, [r4, #69]
1197:Drivers/STM32F4xx_HAL_Driver/Src/stm32f4xx_hal_tim_ex.c ****   {
 3058              		.loc 1 1197 3 is_stmt 1 view .LVU889
 3059 00be 0428     		cmp	r0, #4
 3060 00c0 08D0     		beq	.L240
 3061 00c2 0828     		cmp	r0, #8
 3062 00c4 0FD0     		beq	.L242
 3063 00c6 0028     		cmp	r0, #0
 3064 00c8 ABD0     		beq	.L238
 3065 00ca 0120     		movs	r0, #1
 3066              	.LVL202:
1197:Drivers/STM32F4xx_HAL_Driver/Src/stm32f4xx_hal_tim_ex.c ****   {
 3067              		.loc 1 1197 3 is_stmt 0 view .LVU890
 3068 00cc 1BE0     		b	.L236
 3069              	.LVL203:
 3070              	.L252:
1195:Drivers/STM32F4xx_HAL_Driver/Src/stm32f4xx_hal_tim_ex.c **** 
 3071              		.loc 1 1195 3 discriminator 3 view .LVU891
 3072 00ce 0223     		movs	r3, #2
 3073 00d0 84F84330 		strb	r3, [r4, #67]
1197:Drivers/STM32F4xx_HAL_Driver/Src/stm32f4xx_hal_tim_ex.c ****   {
 3074              		.loc 1 1197 3 is_stmt 1 view .LVU892
 3075              	.L240:
1209:Drivers/STM32F4xx_HAL_Driver/Src/stm32f4xx_hal_tim_ex.c ****       break;
 3076              		.loc 1 1209 7 view .LVU893
 3077 00d4 2268     		ldr	r2, [r4]
 3078 00d6 D368     		ldr	r3, [r2, #12]
 3079 00d8 43F00403 		orr	r3, r3, #4
 3080 00dc D360     		str	r3, [r2, #12]
1210:Drivers/STM32F4xx_HAL_Driver/Src/stm32f4xx_hal_tim_ex.c ****     }
 3081              		.loc 1 1210 7 view .LVU894
1225:Drivers/STM32F4xx_HAL_Driver/Src/stm32f4xx_hal_tim_ex.c ****   {
 3082              		.loc 1 1225 3 view .LVU895
 3083 00de A5E7     		b	.L243
 3084              	.L253:
1195:Drivers/STM32F4xx_HAL_Driver/Src/stm32f4xx_hal_tim_ex.c **** 
 3085              		.loc 1 1195 3 is_stmt 0 discriminator 6 view .LVU896
 3086 00e0 0223     		movs	r3, #2
 3087 00e2 84F84430 		strb	r3, [r4, #68]
1197:Drivers/STM32F4xx_HAL_Driver/Src/stm32f4xx_hal_tim_ex.c ****   {
ARM GAS  C:\Users\pablo\AppData\Local\Temp\ccRGdM61.s 			page 112


 3088              		.loc 1 1197 3 is_stmt 1 view .LVU897
 3089              	.L242:
1216:Drivers/STM32F4xx_HAL_Driver/Src/stm32f4xx_hal_tim_ex.c ****       break;
 3090              		.loc 1 1216 7 view .LVU898
 3091 00e6 2268     		ldr	r2, [r4]
 3092 00e8 D368     		ldr	r3, [r2, #12]
 3093 00ea 43F00803 		orr	r3, r3, #8
 3094 00ee D360     		str	r3, [r2, #12]
1217:Drivers/STM32F4xx_HAL_Driver/Src/stm32f4xx_hal_tim_ex.c ****     }
 3095              		.loc 1 1217 7 view .LVU899
1225:Drivers/STM32F4xx_HAL_Driver/Src/stm32f4xx_hal_tim_ex.c ****   {
 3096              		.loc 1 1225 3 view .LVU900
 3097 00f0 9CE7     		b	.L243
 3098              	.LVL204:
 3099              	.L244:
1239:Drivers/STM32F4xx_HAL_Driver/Src/stm32f4xx_hal_tim_ex.c ****       if (!IS_TIM_SLAVEMODE_TRIGGER_ENABLED(tmpsmcr))
 3100              		.loc 1 1239 7 view .LVU901
1239:Drivers/STM32F4xx_HAL_Driver/Src/stm32f4xx_hal_tim_ex.c ****       if (!IS_TIM_SLAVEMODE_TRIGGER_ENABLED(tmpsmcr))
 3101              		.loc 1 1239 31 is_stmt 0 view .LVU902
 3102 00f2 9A68     		ldr	r2, [r3, #8]
1239:Drivers/STM32F4xx_HAL_Driver/Src/stm32f4xx_hal_tim_ex.c ****       if (!IS_TIM_SLAVEMODE_TRIGGER_ENABLED(tmpsmcr))
 3103              		.loc 1 1239 15 view .LVU903
 3104 00f4 02F00702 		and	r2, r2, #7
 3105              	.LVL205:
1240:Drivers/STM32F4xx_HAL_Driver/Src/stm32f4xx_hal_tim_ex.c ****       {
 3106              		.loc 1 1240 7 is_stmt 1 view .LVU904
1240:Drivers/STM32F4xx_HAL_Driver/Src/stm32f4xx_hal_tim_ex.c ****       {
 3107              		.loc 1 1240 10 is_stmt 0 view .LVU905
 3108 00f8 062A     		cmp	r2, #6
 3109 00fa 07D0     		beq	.L248
1242:Drivers/STM32F4xx_HAL_Driver/Src/stm32f4xx_hal_tim_ex.c ****       }
 3110              		.loc 1 1242 9 is_stmt 1 view .LVU906
 3111 00fc 1A68     		ldr	r2, [r3]
 3112              	.LVL206:
1242:Drivers/STM32F4xx_HAL_Driver/Src/stm32f4xx_hal_tim_ex.c ****       }
 3113              		.loc 1 1242 9 is_stmt 0 view .LVU907
 3114 00fe 42F00102 		orr	r2, r2, #1
 3115 0102 1A60     		str	r2, [r3]
 3116 0104 0020     		movs	r0, #0
 3117              	.LVL207:
 3118              	.L236:
1253:Drivers/STM32F4xx_HAL_Driver/Src/stm32f4xx_hal_tim_ex.c **** 
 3119              		.loc 1 1253 1 view .LVU908
 3120 0106 10BD     		pop	{r4, pc}
 3121              	.LVL208:
 3122              	.L246:
1191:Drivers/STM32F4xx_HAL_Driver/Src/stm32f4xx_hal_tim_ex.c ****   }
 3123              		.loc 1 1191 12 view .LVU909
 3124 0108 0120     		movs	r0, #1
 3125              	.LVL209:
1191:Drivers/STM32F4xx_HAL_Driver/Src/stm32f4xx_hal_tim_ex.c ****   }
 3126              		.loc 1 1191 12 view .LVU910
 3127 010a FCE7     		b	.L236
 3128              	.LVL210:
 3129              	.L248:
1191:Drivers/STM32F4xx_HAL_Driver/Src/stm32f4xx_hal_tim_ex.c ****   }
 3130              		.loc 1 1191 12 view .LVU911
ARM GAS  C:\Users\pablo\AppData\Local\Temp\ccRGdM61.s 			page 113


 3131 010c 0020     		movs	r0, #0
 3132 010e FAE7     		b	.L236
 3133              	.L255:
 3134              		.align	2
 3135              	.L254:
 3136 0110 00000140 		.word	1073807360
 3137              		.cfi_endproc
 3138              	.LFE152:
 3140              		.section	.text.HAL_TIMEx_PWMN_Stop_IT,"ax",%progbits
 3141              		.align	1
 3142              		.global	HAL_TIMEx_PWMN_Stop_IT
 3143              		.syntax unified
 3144              		.thumb
 3145              		.thumb_func
 3147              	HAL_TIMEx_PWMN_Stop_IT:
 3148              	.LVL211:
 3149              	.LFB153:
1267:Drivers/STM32F4xx_HAL_Driver/Src/stm32f4xx_hal_tim_ex.c ****   HAL_StatusTypeDef status = HAL_OK;
 3150              		.loc 1 1267 1 is_stmt 1 view -0
 3151              		.cfi_startproc
 3152              		@ args = 0, pretend = 0, frame = 0
 3153              		@ frame_needed = 0, uses_anonymous_args = 0
1267:Drivers/STM32F4xx_HAL_Driver/Src/stm32f4xx_hal_tim_ex.c ****   HAL_StatusTypeDef status = HAL_OK;
 3154              		.loc 1 1267 1 is_stmt 0 view .LVU913
 3155 0000 38B5     		push	{r3, r4, r5, lr}
 3156              	.LCFI23:
 3157              		.cfi_def_cfa_offset 16
 3158              		.cfi_offset 3, -16
 3159              		.cfi_offset 4, -12
 3160              		.cfi_offset 5, -8
 3161              		.cfi_offset 14, -4
 3162 0002 0446     		mov	r4, r0
 3163 0004 0D46     		mov	r5, r1
1268:Drivers/STM32F4xx_HAL_Driver/Src/stm32f4xx_hal_tim_ex.c ****   uint32_t tmpccer;
 3164              		.loc 1 1268 3 is_stmt 1 view .LVU914
 3165              	.LVL212:
1269:Drivers/STM32F4xx_HAL_Driver/Src/stm32f4xx_hal_tim_ex.c **** 
 3166              		.loc 1 1269 3 view .LVU915
1272:Drivers/STM32F4xx_HAL_Driver/Src/stm32f4xx_hal_tim_ex.c **** 
 3167              		.loc 1 1272 3 view .LVU916
1274:Drivers/STM32F4xx_HAL_Driver/Src/stm32f4xx_hal_tim_ex.c ****   {
 3168              		.loc 1 1274 3 view .LVU917
 3169 0006 0429     		cmp	r1, #4
 3170 0008 3BD0     		beq	.L257
 3171 000a 0829     		cmp	r1, #8
 3172 000c 3FD0     		beq	.L258
 3173 000e 0029     		cmp	r1, #0
 3174 0010 56D1     		bne	.L267
1279:Drivers/STM32F4xx_HAL_Driver/Src/stm32f4xx_hal_tim_ex.c ****       break;
 3175              		.loc 1 1279 7 view .LVU918
 3176 0012 0268     		ldr	r2, [r0]
 3177 0014 D368     		ldr	r3, [r2, #12]
 3178 0016 23F00203 		bic	r3, r3, #2
 3179 001a D360     		str	r3, [r2, #12]
1280:Drivers/STM32F4xx_HAL_Driver/Src/stm32f4xx_hal_tim_ex.c ****     }
 3180              		.loc 1 1280 7 view .LVU919
1302:Drivers/STM32F4xx_HAL_Driver/Src/stm32f4xx_hal_tim_ex.c ****   {
ARM GAS  C:\Users\pablo\AppData\Local\Temp\ccRGdM61.s 			page 114


 3181              		.loc 1 1302 3 view .LVU920
 3182              	.L260:
1305:Drivers/STM32F4xx_HAL_Driver/Src/stm32f4xx_hal_tim_ex.c **** 
 3183              		.loc 1 1305 5 view .LVU921
 3184 001c 0022     		movs	r2, #0
 3185 001e 2946     		mov	r1, r5
 3186              	.LVL213:
1305:Drivers/STM32F4xx_HAL_Driver/Src/stm32f4xx_hal_tim_ex.c **** 
 3187              		.loc 1 1305 5 is_stmt 0 view .LVU922
 3188 0020 2068     		ldr	r0, [r4]
 3189              	.LVL214:
1305:Drivers/STM32F4xx_HAL_Driver/Src/stm32f4xx_hal_tim_ex.c **** 
 3190              		.loc 1 1305 5 view .LVU923
 3191 0022 FFF7FEFF 		bl	TIM_CCxNChannelCmd
 3192              	.LVL215:
1308:Drivers/STM32F4xx_HAL_Driver/Src/stm32f4xx_hal_tim_ex.c ****     if ((tmpccer & TIM_CCER_CCxNE_MASK) == (uint32_t)RESET)
 3193              		.loc 1 1308 5 is_stmt 1 view .LVU924
1308:Drivers/STM32F4xx_HAL_Driver/Src/stm32f4xx_hal_tim_ex.c ****     if ((tmpccer & TIM_CCER_CCxNE_MASK) == (uint32_t)RESET)
 3194              		.loc 1 1308 19 is_stmt 0 view .LVU925
 3195 0026 2368     		ldr	r3, [r4]
1308:Drivers/STM32F4xx_HAL_Driver/Src/stm32f4xx_hal_tim_ex.c ****     if ((tmpccer & TIM_CCER_CCxNE_MASK) == (uint32_t)RESET)
 3196              		.loc 1 1308 13 view .LVU926
 3197 0028 196A     		ldr	r1, [r3, #32]
 3198              	.LVL216:
1309:Drivers/STM32F4xx_HAL_Driver/Src/stm32f4xx_hal_tim_ex.c ****     {
 3199              		.loc 1 1309 5 is_stmt 1 view .LVU927
1309:Drivers/STM32F4xx_HAL_Driver/Src/stm32f4xx_hal_tim_ex.c ****     {
 3200              		.loc 1 1309 8 is_stmt 0 view .LVU928
 3201 002a 40F24442 		movw	r2, #1092
 3202 002e 1142     		tst	r1, r2
 3203 0030 03D1     		bne	.L261
1311:Drivers/STM32F4xx_HAL_Driver/Src/stm32f4xx_hal_tim_ex.c ****     }
 3204              		.loc 1 1311 7 is_stmt 1 view .LVU929
 3205 0032 DA68     		ldr	r2, [r3, #12]
 3206 0034 22F08002 		bic	r2, r2, #128
 3207 0038 DA60     		str	r2, [r3, #12]
 3208              	.L261:
1315:Drivers/STM32F4xx_HAL_Driver/Src/stm32f4xx_hal_tim_ex.c **** 
 3209              		.loc 1 1315 5 view .LVU930
1315:Drivers/STM32F4xx_HAL_Driver/Src/stm32f4xx_hal_tim_ex.c **** 
 3210              		.loc 1 1315 5 view .LVU931
 3211 003a 2368     		ldr	r3, [r4]
 3212 003c 196A     		ldr	r1, [r3, #32]
 3213              	.LVL217:
1315:Drivers/STM32F4xx_HAL_Driver/Src/stm32f4xx_hal_tim_ex.c **** 
 3214              		.loc 1 1315 5 is_stmt 0 view .LVU932
 3215 003e 41F21112 		movw	r2, #4369
 3216 0042 1142     		tst	r1, r2
 3217 0044 08D1     		bne	.L262
1315:Drivers/STM32F4xx_HAL_Driver/Src/stm32f4xx_hal_tim_ex.c **** 
 3218              		.loc 1 1315 5 is_stmt 1 discriminator 1 view .LVU933
 3219 0046 196A     		ldr	r1, [r3, #32]
 3220 0048 40F24442 		movw	r2, #1092
 3221 004c 1142     		tst	r1, r2
 3222 004e 03D1     		bne	.L262
1315:Drivers/STM32F4xx_HAL_Driver/Src/stm32f4xx_hal_tim_ex.c **** 
 3223              		.loc 1 1315 5 discriminator 3 view .LVU934
ARM GAS  C:\Users\pablo\AppData\Local\Temp\ccRGdM61.s 			page 115


 3224 0050 5A6C     		ldr	r2, [r3, #68]
 3225 0052 22F40042 		bic	r2, r2, #32768
 3226 0056 5A64     		str	r2, [r3, #68]
 3227              	.L262:
1315:Drivers/STM32F4xx_HAL_Driver/Src/stm32f4xx_hal_tim_ex.c **** 
 3228              		.loc 1 1315 5 discriminator 5 view .LVU935
1318:Drivers/STM32F4xx_HAL_Driver/Src/stm32f4xx_hal_tim_ex.c **** 
 3229              		.loc 1 1318 5 view .LVU936
1318:Drivers/STM32F4xx_HAL_Driver/Src/stm32f4xx_hal_tim_ex.c **** 
 3230              		.loc 1 1318 5 view .LVU937
 3231 0058 2368     		ldr	r3, [r4]
 3232 005a 196A     		ldr	r1, [r3, #32]
 3233 005c 41F21112 		movw	r2, #4369
 3234 0060 1142     		tst	r1, r2
 3235 0062 08D1     		bne	.L263
1318:Drivers/STM32F4xx_HAL_Driver/Src/stm32f4xx_hal_tim_ex.c **** 
 3236              		.loc 1 1318 5 discriminator 1 view .LVU938
 3237 0064 196A     		ldr	r1, [r3, #32]
 3238 0066 40F24442 		movw	r2, #1092
 3239 006a 1142     		tst	r1, r2
 3240 006c 03D1     		bne	.L263
1318:Drivers/STM32F4xx_HAL_Driver/Src/stm32f4xx_hal_tim_ex.c **** 
 3241              		.loc 1 1318 5 discriminator 3 view .LVU939
 3242 006e 1A68     		ldr	r2, [r3]
 3243 0070 22F00102 		bic	r2, r2, #1
 3244 0074 1A60     		str	r2, [r3]
 3245              	.L263:
1318:Drivers/STM32F4xx_HAL_Driver/Src/stm32f4xx_hal_tim_ex.c **** 
 3246              		.loc 1 1318 5 discriminator 5 view .LVU940
1321:Drivers/STM32F4xx_HAL_Driver/Src/stm32f4xx_hal_tim_ex.c ****   }
 3247              		.loc 1 1321 5 view .LVU941
 3248 0076 85B9     		cbnz	r5, .L264
1321:Drivers/STM32F4xx_HAL_Driver/Src/stm32f4xx_hal_tim_ex.c ****   }
 3249              		.loc 1 1321 5 is_stmt 0 discriminator 1 view .LVU942
 3250 0078 0123     		movs	r3, #1
 3251 007a 84F84230 		strb	r3, [r4, #66]
 3252 007e 0020     		movs	r0, #0
 3253              	.LVL218:
 3254              	.L259:
1325:Drivers/STM32F4xx_HAL_Driver/Src/stm32f4xx_hal_tim_ex.c **** }
 3255              		.loc 1 1325 3 is_stmt 1 view .LVU943
1326:Drivers/STM32F4xx_HAL_Driver/Src/stm32f4xx_hal_tim_ex.c **** 
 3256              		.loc 1 1326 1 is_stmt 0 view .LVU944
 3257 0080 38BD     		pop	{r3, r4, r5, pc}
 3258              	.LVL219:
 3259              	.L257:
1286:Drivers/STM32F4xx_HAL_Driver/Src/stm32f4xx_hal_tim_ex.c ****       break;
 3260              		.loc 1 1286 7 is_stmt 1 view .LVU945
 3261 0082 0268     		ldr	r2, [r0]
 3262 0084 D368     		ldr	r3, [r2, #12]
 3263 0086 23F00403 		bic	r3, r3, #4
 3264 008a D360     		str	r3, [r2, #12]
1287:Drivers/STM32F4xx_HAL_Driver/Src/stm32f4xx_hal_tim_ex.c ****     }
 3265              		.loc 1 1287 7 view .LVU946
1302:Drivers/STM32F4xx_HAL_Driver/Src/stm32f4xx_hal_tim_ex.c ****   {
 3266              		.loc 1 1302 3 view .LVU947
 3267 008c C6E7     		b	.L260
ARM GAS  C:\Users\pablo\AppData\Local\Temp\ccRGdM61.s 			page 116


 3268              	.L258:
1293:Drivers/STM32F4xx_HAL_Driver/Src/stm32f4xx_hal_tim_ex.c ****       break;
 3269              		.loc 1 1293 7 view .LVU948
 3270 008e 0268     		ldr	r2, [r0]
 3271 0090 D368     		ldr	r3, [r2, #12]
 3272 0092 23F00803 		bic	r3, r3, #8
 3273 0096 D360     		str	r3, [r2, #12]
1294:Drivers/STM32F4xx_HAL_Driver/Src/stm32f4xx_hal_tim_ex.c ****     }
 3274              		.loc 1 1294 7 view .LVU949
1302:Drivers/STM32F4xx_HAL_Driver/Src/stm32f4xx_hal_tim_ex.c ****   {
 3275              		.loc 1 1302 3 view .LVU950
 3276 0098 C0E7     		b	.L260
 3277              	.LVL220:
 3278              	.L264:
1321:Drivers/STM32F4xx_HAL_Driver/Src/stm32f4xx_hal_tim_ex.c ****   }
 3279              		.loc 1 1321 5 is_stmt 0 discriminator 2 view .LVU951
 3280 009a 042D     		cmp	r5, #4
 3281 009c 06D0     		beq	.L269
1321:Drivers/STM32F4xx_HAL_Driver/Src/stm32f4xx_hal_tim_ex.c ****   }
 3282              		.loc 1 1321 5 discriminator 4 view .LVU952
 3283 009e 082D     		cmp	r5, #8
 3284 00a0 09D0     		beq	.L270
1321:Drivers/STM32F4xx_HAL_Driver/Src/stm32f4xx_hal_tim_ex.c ****   }
 3285              		.loc 1 1321 5 discriminator 7 view .LVU953
 3286 00a2 0123     		movs	r3, #1
 3287 00a4 84F84530 		strb	r3, [r4, #69]
 3288 00a8 0020     		movs	r0, #0
 3289 00aa E9E7     		b	.L259
 3290              	.L269:
1321:Drivers/STM32F4xx_HAL_Driver/Src/stm32f4xx_hal_tim_ex.c ****   }
 3291              		.loc 1 1321 5 discriminator 3 view .LVU954
 3292 00ac 0123     		movs	r3, #1
 3293 00ae 84F84330 		strb	r3, [r4, #67]
 3294 00b2 0020     		movs	r0, #0
 3295 00b4 E4E7     		b	.L259
 3296              	.L270:
1321:Drivers/STM32F4xx_HAL_Driver/Src/stm32f4xx_hal_tim_ex.c ****   }
 3297              		.loc 1 1321 5 discriminator 6 view .LVU955
 3298 00b6 0123     		movs	r3, #1
 3299 00b8 84F84430 		strb	r3, [r4, #68]
 3300 00bc 0020     		movs	r0, #0
 3301 00be DFE7     		b	.L259
 3302              	.LVL221:
 3303              	.L267:
1274:Drivers/STM32F4xx_HAL_Driver/Src/stm32f4xx_hal_tim_ex.c ****   {
 3304              		.loc 1 1274 3 view .LVU956
 3305 00c0 0120     		movs	r0, #1
 3306              	.LVL222:
1274:Drivers/STM32F4xx_HAL_Driver/Src/stm32f4xx_hal_tim_ex.c ****   {
 3307              		.loc 1 1274 3 view .LVU957
 3308 00c2 DDE7     		b	.L259
 3309              		.cfi_endproc
 3310              	.LFE153:
 3312              		.section	.text.HAL_TIMEx_PWMN_Start_DMA,"ax",%progbits
 3313              		.align	1
 3314              		.global	HAL_TIMEx_PWMN_Start_DMA
 3315              		.syntax unified
ARM GAS  C:\Users\pablo\AppData\Local\Temp\ccRGdM61.s 			page 117


 3316              		.thumb
 3317              		.thumb_func
 3319              	HAL_TIMEx_PWMN_Start_DMA:
 3320              	.LVL223:
 3321              	.LFB154:
1343:Drivers/STM32F4xx_HAL_Driver/Src/stm32f4xx_hal_tim_ex.c ****   HAL_StatusTypeDef status = HAL_OK;
 3322              		.loc 1 1343 1 is_stmt 1 view -0
 3323              		.cfi_startproc
 3324              		@ args = 0, pretend = 0, frame = 0
 3325              		@ frame_needed = 0, uses_anonymous_args = 0
1343:Drivers/STM32F4xx_HAL_Driver/Src/stm32f4xx_hal_tim_ex.c ****   HAL_StatusTypeDef status = HAL_OK;
 3326              		.loc 1 1343 1 is_stmt 0 view .LVU959
 3327 0000 70B5     		push	{r4, r5, r6, lr}
 3328              	.LCFI24:
 3329              		.cfi_def_cfa_offset 16
 3330              		.cfi_offset 4, -16
 3331              		.cfi_offset 5, -12
 3332              		.cfi_offset 6, -8
 3333              		.cfi_offset 14, -4
 3334 0002 0446     		mov	r4, r0
 3335 0004 1646     		mov	r6, r2
1344:Drivers/STM32F4xx_HAL_Driver/Src/stm32f4xx_hal_tim_ex.c ****   uint32_t tmpsmcr;
 3336              		.loc 1 1344 3 is_stmt 1 view .LVU960
 3337              	.LVL224:
1345:Drivers/STM32F4xx_HAL_Driver/Src/stm32f4xx_hal_tim_ex.c **** 
 3338              		.loc 1 1345 3 view .LVU961
1348:Drivers/STM32F4xx_HAL_Driver/Src/stm32f4xx_hal_tim_ex.c **** 
 3339              		.loc 1 1348 3 view .LVU962
1351:Drivers/STM32F4xx_HAL_Driver/Src/stm32f4xx_hal_tim_ex.c ****   {
 3340              		.loc 1 1351 3 view .LVU963
1351:Drivers/STM32F4xx_HAL_Driver/Src/stm32f4xx_hal_tim_ex.c ****   {
 3341              		.loc 1 1351 46 is_stmt 0 view .LVU964
 3342 0006 0D46     		mov	r5, r1
 3343 0008 0029     		cmp	r1, #0
 3344 000a 60D1     		bne	.L272
1351:Drivers/STM32F4xx_HAL_Driver/Src/stm32f4xx_hal_tim_ex.c ****   {
 3345              		.loc 1 1351 7 discriminator 1 view .LVU965
 3346 000c 90F84200 		ldrb	r0, [r0, #66]	@ zero_extendqisi2
 3347              	.LVL225:
1351:Drivers/STM32F4xx_HAL_Driver/Src/stm32f4xx_hal_tim_ex.c ****   {
 3348              		.loc 1 1351 46 discriminator 1 view .LVU966
 3349 0010 0228     		cmp	r0, #2
 3350 0012 14BF     		ite	ne
 3351 0014 0020     		movne	r0, #0
 3352 0016 0120     		moveq	r0, #1
 3353              	.L273:
1351:Drivers/STM32F4xx_HAL_Driver/Src/stm32f4xx_hal_tim_ex.c ****   {
 3354              		.loc 1 1351 6 discriminator 12 view .LVU967
 3355 0018 0028     		cmp	r0, #0
 3356 001a 40F0D880 		bne	.L290
1355:Drivers/STM32F4xx_HAL_Driver/Src/stm32f4xx_hal_tim_ex.c ****   {
 3357              		.loc 1 1355 8 is_stmt 1 view .LVU968
1355:Drivers/STM32F4xx_HAL_Driver/Src/stm32f4xx_hal_tim_ex.c ****   {
 3358              		.loc 1 1355 51 is_stmt 0 view .LVU969
 3359 001e 002D     		cmp	r5, #0
 3360 0020 6ED1     		bne	.L277
1355:Drivers/STM32F4xx_HAL_Driver/Src/stm32f4xx_hal_tim_ex.c ****   {
ARM GAS  C:\Users\pablo\AppData\Local\Temp\ccRGdM61.s 			page 118


 3361              		.loc 1 1355 12 discriminator 1 view .LVU970
 3362 0022 94F84220 		ldrb	r2, [r4, #66]	@ zero_extendqisi2
 3363              	.LVL226:
1355:Drivers/STM32F4xx_HAL_Driver/Src/stm32f4xx_hal_tim_ex.c ****   {
 3364              		.loc 1 1355 51 discriminator 1 view .LVU971
 3365 0026 012A     		cmp	r2, #1
 3366 0028 14BF     		ite	ne
 3367 002a 0022     		movne	r2, #0
 3368 002c 0122     		moveq	r2, #1
 3369              	.L278:
1355:Drivers/STM32F4xx_HAL_Driver/Src/stm32f4xx_hal_tim_ex.c ****   {
 3370              		.loc 1 1355 11 discriminator 12 view .LVU972
 3371 002e 002A     		cmp	r2, #0
 3372 0030 00F0CF80 		beq	.L291
1357:Drivers/STM32F4xx_HAL_Driver/Src/stm32f4xx_hal_tim_ex.c ****     {
 3373              		.loc 1 1357 5 is_stmt 1 view .LVU973
1357:Drivers/STM32F4xx_HAL_Driver/Src/stm32f4xx_hal_tim_ex.c ****     {
 3374              		.loc 1 1357 8 is_stmt 0 view .LVU974
 3375 0034 002E     		cmp	r6, #0
 3376 0036 00F0CE80 		beq	.L292
1357:Drivers/STM32F4xx_HAL_Driver/Src/stm32f4xx_hal_tim_ex.c ****     {
 3377              		.loc 1 1357 25 discriminator 1 view .LVU975
 3378 003a 002B     		cmp	r3, #0
 3379 003c 00F0CD80 		beq	.L293
1363:Drivers/STM32F4xx_HAL_Driver/Src/stm32f4xx_hal_tim_ex.c ****     }
 3380              		.loc 1 1363 7 is_stmt 1 view .LVU976
 3381 0040 002D     		cmp	r5, #0
 3382 0042 76D1     		bne	.L281
1363:Drivers/STM32F4xx_HAL_Driver/Src/stm32f4xx_hal_tim_ex.c ****     }
 3383              		.loc 1 1363 7 is_stmt 0 discriminator 1 view .LVU977
 3384 0044 0222     		movs	r2, #2
 3385 0046 84F84220 		strb	r2, [r4, #66]
1371:Drivers/STM32F4xx_HAL_Driver/Src/stm32f4xx_hal_tim_ex.c ****   {
 3386              		.loc 1 1371 3 is_stmt 1 view .LVU978
 3387              	.L282:
1376:Drivers/STM32F4xx_HAL_Driver/Src/stm32f4xx_hal_tim_ex.c ****       htim->hdma[TIM_DMA_ID_CC1]->XferHalfCpltCallback = TIM_DMADelayPulseHalfCplt;
 3388              		.loc 1 1376 7 view .LVU979
1376:Drivers/STM32F4xx_HAL_Driver/Src/stm32f4xx_hal_tim_ex.c ****       htim->hdma[TIM_DMA_ID_CC1]->XferHalfCpltCallback = TIM_DMADelayPulseHalfCplt;
 3389              		.loc 1 1376 17 is_stmt 0 view .LVU980
 3390 004a 626A     		ldr	r2, [r4, #36]
1376:Drivers/STM32F4xx_HAL_Driver/Src/stm32f4xx_hal_tim_ex.c ****       htim->hdma[TIM_DMA_ID_CC1]->XferHalfCpltCallback = TIM_DMADelayPulseHalfCplt;
 3391              		.loc 1 1376 52 view .LVU981
 3392 004c 6849     		ldr	r1, .L306
 3393              	.LVL227:
1376:Drivers/STM32F4xx_HAL_Driver/Src/stm32f4xx_hal_tim_ex.c ****       htim->hdma[TIM_DMA_ID_CC1]->XferHalfCpltCallback = TIM_DMADelayPulseHalfCplt;
 3394              		.loc 1 1376 52 view .LVU982
 3395 004e D163     		str	r1, [r2, #60]
1377:Drivers/STM32F4xx_HAL_Driver/Src/stm32f4xx_hal_tim_ex.c **** 
 3396              		.loc 1 1377 7 is_stmt 1 view .LVU983
1377:Drivers/STM32F4xx_HAL_Driver/Src/stm32f4xx_hal_tim_ex.c **** 
 3397              		.loc 1 1377 17 is_stmt 0 view .LVU984
 3398 0050 626A     		ldr	r2, [r4, #36]
1377:Drivers/STM32F4xx_HAL_Driver/Src/stm32f4xx_hal_tim_ex.c **** 
 3399              		.loc 1 1377 56 view .LVU985
 3400 0052 6849     		ldr	r1, .L306+4
 3401 0054 1164     		str	r1, [r2, #64]
1380:Drivers/STM32F4xx_HAL_Driver/Src/stm32f4xx_hal_tim_ex.c **** 
ARM GAS  C:\Users\pablo\AppData\Local\Temp\ccRGdM61.s 			page 119


 3402              		.loc 1 1380 7 is_stmt 1 view .LVU986
1380:Drivers/STM32F4xx_HAL_Driver/Src/stm32f4xx_hal_tim_ex.c **** 
 3403              		.loc 1 1380 17 is_stmt 0 view .LVU987
 3404 0056 626A     		ldr	r2, [r4, #36]
1380:Drivers/STM32F4xx_HAL_Driver/Src/stm32f4xx_hal_tim_ex.c **** 
 3405              		.loc 1 1380 53 view .LVU988
 3406 0058 6749     		ldr	r1, .L306+8
 3407 005a D164     		str	r1, [r2, #76]
1383:Drivers/STM32F4xx_HAL_Driver/Src/stm32f4xx_hal_tim_ex.c ****                            Length) != HAL_OK)
 3408              		.loc 1 1383 7 is_stmt 1 view .LVU989
1383:Drivers/STM32F4xx_HAL_Driver/Src/stm32f4xx_hal_tim_ex.c ****                            Length) != HAL_OK)
 3409              		.loc 1 1383 88 is_stmt 0 view .LVU990
 3410 005c 2268     		ldr	r2, [r4]
1383:Drivers/STM32F4xx_HAL_Driver/Src/stm32f4xx_hal_tim_ex.c ****                            Length) != HAL_OK)
 3411              		.loc 1 1383 11 view .LVU991
 3412 005e 3432     		adds	r2, r2, #52
 3413 0060 3146     		mov	r1, r6
 3414 0062 606A     		ldr	r0, [r4, #36]
 3415 0064 FFF7FEFF 		bl	HAL_DMA_Start_IT
 3416              	.LVL228:
1383:Drivers/STM32F4xx_HAL_Driver/Src/stm32f4xx_hal_tim_ex.c ****                            Length) != HAL_OK)
 3417              		.loc 1 1383 10 discriminator 1 view .LVU992
 3418 0068 0028     		cmp	r0, #0
 3419 006a 40F0B880 		bne	.L295
1390:Drivers/STM32F4xx_HAL_Driver/Src/stm32f4xx_hal_tim_ex.c ****       break;
 3420              		.loc 1 1390 7 is_stmt 1 view .LVU993
 3421 006e 2268     		ldr	r2, [r4]
 3422 0070 D368     		ldr	r3, [r2, #12]
 3423 0072 43F40073 		orr	r3, r3, #512
 3424 0076 D360     		str	r3, [r2, #12]
1391:Drivers/STM32F4xx_HAL_Driver/Src/stm32f4xx_hal_tim_ex.c ****     }
 3425              		.loc 1 1391 7 view .LVU994
1441:Drivers/STM32F4xx_HAL_Driver/Src/stm32f4xx_hal_tim_ex.c ****   {
 3426              		.loc 1 1441 3 view .LVU995
 3427              	.L287:
1444:Drivers/STM32F4xx_HAL_Driver/Src/stm32f4xx_hal_tim_ex.c **** 
 3428              		.loc 1 1444 5 view .LVU996
 3429 0078 0422     		movs	r2, #4
 3430 007a 2946     		mov	r1, r5
 3431 007c 2068     		ldr	r0, [r4]
 3432 007e FFF7FEFF 		bl	TIM_CCxNChannelCmd
 3433              	.LVL229:
1447:Drivers/STM32F4xx_HAL_Driver/Src/stm32f4xx_hal_tim_ex.c **** 
 3434              		.loc 1 1447 5 view .LVU997
 3435 0082 2268     		ldr	r2, [r4]
 3436 0084 536C     		ldr	r3, [r2, #68]
 3437 0086 43F40043 		orr	r3, r3, #32768
 3438 008a 5364     		str	r3, [r2, #68]
1450:Drivers/STM32F4xx_HAL_Driver/Src/stm32f4xx_hal_tim_ex.c ****     {
 3439              		.loc 1 1450 5 view .LVU998
1450:Drivers/STM32F4xx_HAL_Driver/Src/stm32f4xx_hal_tim_ex.c ****     {
 3440              		.loc 1 1450 9 is_stmt 0 view .LVU999
 3441 008c 2368     		ldr	r3, [r4]
1450:Drivers/STM32F4xx_HAL_Driver/Src/stm32f4xx_hal_tim_ex.c ****     {
 3442              		.loc 1 1450 8 view .LVU1000
 3443 008e 5B4A     		ldr	r2, .L306+12
 3444 0090 9342     		cmp	r3, r2
ARM GAS  C:\Users\pablo\AppData\Local\Temp\ccRGdM61.s 			page 120


 3445 0092 00F09180 		beq	.L288
1450:Drivers/STM32F4xx_HAL_Driver/Src/stm32f4xx_hal_tim_ex.c ****     {
 3446              		.loc 1 1450 9 discriminator 1 view .LVU1001
 3447 0096 B3F1804F 		cmp	r3, #1073741824
 3448 009a 00F08D80 		beq	.L288
1450:Drivers/STM32F4xx_HAL_Driver/Src/stm32f4xx_hal_tim_ex.c ****     {
 3449              		.loc 1 1450 9 discriminator 2 view .LVU1002
 3450 009e A2F57C42 		sub	r2, r2, #64512
 3451 00a2 9342     		cmp	r3, r2
 3452 00a4 00F08880 		beq	.L288
1450:Drivers/STM32F4xx_HAL_Driver/Src/stm32f4xx_hal_tim_ex.c ****     {
 3453              		.loc 1 1450 9 discriminator 3 view .LVU1003
 3454 00a8 02F58062 		add	r2, r2, #1024
 3455 00ac 9342     		cmp	r3, r2
 3456 00ae 00F08380 		beq	.L288
1450:Drivers/STM32F4xx_HAL_Driver/Src/stm32f4xx_hal_tim_ex.c ****     {
 3457              		.loc 1 1450 9 discriminator 4 view .LVU1004
 3458 00b2 02F58062 		add	r2, r2, #1024
 3459 00b6 9342     		cmp	r3, r2
 3460 00b8 7ED0     		beq	.L288
1450:Drivers/STM32F4xx_HAL_Driver/Src/stm32f4xx_hal_tim_ex.c ****     {
 3461              		.loc 1 1450 9 discriminator 5 view .LVU1005
 3462 00ba 02F59A32 		add	r2, r2, #78848
 3463 00be 9342     		cmp	r3, r2
 3464 00c0 7AD0     		beq	.L288
1460:Drivers/STM32F4xx_HAL_Driver/Src/stm32f4xx_hal_tim_ex.c ****     }
 3465              		.loc 1 1460 7 is_stmt 1 view .LVU1006
 3466 00c2 1A68     		ldr	r2, [r3]
 3467 00c4 42F00102 		orr	r2, r2, #1
 3468 00c8 1A60     		str	r2, [r3]
 3469 00ca 0020     		movs	r0, #0
 3470 00cc 82E0     		b	.L276
 3471              	.LVL230:
 3472              	.L272:
1351:Drivers/STM32F4xx_HAL_Driver/Src/stm32f4xx_hal_tim_ex.c ****   {
 3473              		.loc 1 1351 46 is_stmt 0 discriminator 2 view .LVU1007
 3474 00ce 0429     		cmp	r1, #4
 3475 00d0 08D0     		beq	.L300
1351:Drivers/STM32F4xx_HAL_Driver/Src/stm32f4xx_hal_tim_ex.c ****   {
 3476              		.loc 1 1351 46 discriminator 5 view .LVU1008
 3477 00d2 0829     		cmp	r1, #8
 3478 00d4 0DD0     		beq	.L301
1351:Drivers/STM32F4xx_HAL_Driver/Src/stm32f4xx_hal_tim_ex.c ****   {
 3479              		.loc 1 1351 7 discriminator 8 view .LVU1009
 3480 00d6 90F84500 		ldrb	r0, [r0, #69]	@ zero_extendqisi2
 3481              	.LVL231:
1351:Drivers/STM32F4xx_HAL_Driver/Src/stm32f4xx_hal_tim_ex.c ****   {
 3482              		.loc 1 1351 46 discriminator 8 view .LVU1010
 3483 00da 0228     		cmp	r0, #2
 3484 00dc 14BF     		ite	ne
 3485 00de 0020     		movne	r0, #0
 3486 00e0 0120     		moveq	r0, #1
 3487 00e2 99E7     		b	.L273
 3488              	.LVL232:
 3489              	.L300:
1351:Drivers/STM32F4xx_HAL_Driver/Src/stm32f4xx_hal_tim_ex.c ****   {
 3490              		.loc 1 1351 7 discriminator 4 view .LVU1011
ARM GAS  C:\Users\pablo\AppData\Local\Temp\ccRGdM61.s 			page 121


 3491 00e4 90F84300 		ldrb	r0, [r0, #67]	@ zero_extendqisi2
 3492              	.LVL233:
1351:Drivers/STM32F4xx_HAL_Driver/Src/stm32f4xx_hal_tim_ex.c ****   {
 3493              		.loc 1 1351 46 discriminator 4 view .LVU1012
 3494 00e8 0228     		cmp	r0, #2
 3495 00ea 14BF     		ite	ne
 3496 00ec 0020     		movne	r0, #0
 3497 00ee 0120     		moveq	r0, #1
 3498 00f0 92E7     		b	.L273
 3499              	.LVL234:
 3500              	.L301:
1351:Drivers/STM32F4xx_HAL_Driver/Src/stm32f4xx_hal_tim_ex.c ****   {
 3501              		.loc 1 1351 7 discriminator 7 view .LVU1013
 3502 00f2 90F84400 		ldrb	r0, [r0, #68]	@ zero_extendqisi2
 3503              	.LVL235:
1351:Drivers/STM32F4xx_HAL_Driver/Src/stm32f4xx_hal_tim_ex.c ****   {
 3504              		.loc 1 1351 46 discriminator 7 view .LVU1014
 3505 00f6 0228     		cmp	r0, #2
 3506 00f8 14BF     		ite	ne
 3507 00fa 0020     		movne	r0, #0
 3508 00fc 0120     		moveq	r0, #1
 3509 00fe 8BE7     		b	.L273
 3510              	.L277:
1355:Drivers/STM32F4xx_HAL_Driver/Src/stm32f4xx_hal_tim_ex.c ****   {
 3511              		.loc 1 1355 51 discriminator 2 view .LVU1015
 3512 0100 042D     		cmp	r5, #4
 3513 0102 08D0     		beq	.L302
1355:Drivers/STM32F4xx_HAL_Driver/Src/stm32f4xx_hal_tim_ex.c ****   {
 3514              		.loc 1 1355 51 discriminator 5 view .LVU1016
 3515 0104 082D     		cmp	r5, #8
 3516 0106 0DD0     		beq	.L303
1355:Drivers/STM32F4xx_HAL_Driver/Src/stm32f4xx_hal_tim_ex.c ****   {
 3517              		.loc 1 1355 12 discriminator 8 view .LVU1017
 3518 0108 94F84520 		ldrb	r2, [r4, #69]	@ zero_extendqisi2
 3519              	.LVL236:
1355:Drivers/STM32F4xx_HAL_Driver/Src/stm32f4xx_hal_tim_ex.c ****   {
 3520              		.loc 1 1355 51 discriminator 8 view .LVU1018
 3521 010c 012A     		cmp	r2, #1
 3522 010e 14BF     		ite	ne
 3523 0110 0022     		movne	r2, #0
 3524 0112 0122     		moveq	r2, #1
 3525 0114 8BE7     		b	.L278
 3526              	.LVL237:
 3527              	.L302:
1355:Drivers/STM32F4xx_HAL_Driver/Src/stm32f4xx_hal_tim_ex.c ****   {
 3528              		.loc 1 1355 12 discriminator 4 view .LVU1019
 3529 0116 94F84320 		ldrb	r2, [r4, #67]	@ zero_extendqisi2
 3530              	.LVL238:
1355:Drivers/STM32F4xx_HAL_Driver/Src/stm32f4xx_hal_tim_ex.c ****   {
 3531              		.loc 1 1355 51 discriminator 4 view .LVU1020
 3532 011a 012A     		cmp	r2, #1
 3533 011c 14BF     		ite	ne
 3534 011e 0022     		movne	r2, #0
 3535 0120 0122     		moveq	r2, #1
 3536 0122 84E7     		b	.L278
 3537              	.LVL239:
 3538              	.L303:
ARM GAS  C:\Users\pablo\AppData\Local\Temp\ccRGdM61.s 			page 122


1355:Drivers/STM32F4xx_HAL_Driver/Src/stm32f4xx_hal_tim_ex.c ****   {
 3539              		.loc 1 1355 12 discriminator 7 view .LVU1021
 3540 0124 94F84420 		ldrb	r2, [r4, #68]	@ zero_extendqisi2
 3541              	.LVL240:
1355:Drivers/STM32F4xx_HAL_Driver/Src/stm32f4xx_hal_tim_ex.c ****   {
 3542              		.loc 1 1355 51 discriminator 7 view .LVU1022
 3543 0128 012A     		cmp	r2, #1
 3544 012a 14BF     		ite	ne
 3545 012c 0022     		movne	r2, #0
 3546 012e 0122     		moveq	r2, #1
 3547 0130 7DE7     		b	.L278
 3548              	.L281:
1363:Drivers/STM32F4xx_HAL_Driver/Src/stm32f4xx_hal_tim_ex.c ****     }
 3549              		.loc 1 1363 7 discriminator 2 view .LVU1023
 3550 0132 042D     		cmp	r5, #4
 3551 0134 0DD0     		beq	.L304
1363:Drivers/STM32F4xx_HAL_Driver/Src/stm32f4xx_hal_tim_ex.c ****     }
 3552              		.loc 1 1363 7 discriminator 4 view .LVU1024
 3553 0136 082D     		cmp	r5, #8
 3554 0138 25D0     		beq	.L305
1363:Drivers/STM32F4xx_HAL_Driver/Src/stm32f4xx_hal_tim_ex.c ****     }
 3555              		.loc 1 1363 7 discriminator 7 view .LVU1025
 3556 013a 0222     		movs	r2, #2
 3557 013c 84F84520 		strb	r2, [r4, #69]
1371:Drivers/STM32F4xx_HAL_Driver/Src/stm32f4xx_hal_tim_ex.c ****   {
 3558              		.loc 1 1371 3 is_stmt 1 view .LVU1026
 3559 0140 042D     		cmp	r5, #4
 3560 0142 09D0     		beq	.L284
 3561 0144 082D     		cmp	r5, #8
 3562 0146 21D0     		beq	.L286
 3563 0148 002D     		cmp	r5, #0
 3564 014a 3FF47EAF 		beq	.L282
 3565 014e 0120     		movs	r0, #1
 3566 0150 40E0     		b	.L276
 3567              	.L304:
1363:Drivers/STM32F4xx_HAL_Driver/Src/stm32f4xx_hal_tim_ex.c ****     }
 3568              		.loc 1 1363 7 is_stmt 0 discriminator 3 view .LVU1027
 3569 0152 0222     		movs	r2, #2
 3570 0154 84F84320 		strb	r2, [r4, #67]
1371:Drivers/STM32F4xx_HAL_Driver/Src/stm32f4xx_hal_tim_ex.c ****   {
 3571              		.loc 1 1371 3 is_stmt 1 view .LVU1028
 3572              	.L284:
1397:Drivers/STM32F4xx_HAL_Driver/Src/stm32f4xx_hal_tim_ex.c ****       htim->hdma[TIM_DMA_ID_CC2]->XferHalfCpltCallback = TIM_DMADelayPulseHalfCplt;
 3573              		.loc 1 1397 7 view .LVU1029
1397:Drivers/STM32F4xx_HAL_Driver/Src/stm32f4xx_hal_tim_ex.c ****       htim->hdma[TIM_DMA_ID_CC2]->XferHalfCpltCallback = TIM_DMADelayPulseHalfCplt;
 3574              		.loc 1 1397 17 is_stmt 0 view .LVU1030
 3575 0158 A26A     		ldr	r2, [r4, #40]
1397:Drivers/STM32F4xx_HAL_Driver/Src/stm32f4xx_hal_tim_ex.c ****       htim->hdma[TIM_DMA_ID_CC2]->XferHalfCpltCallback = TIM_DMADelayPulseHalfCplt;
 3576              		.loc 1 1397 52 view .LVU1031
 3577 015a 2549     		ldr	r1, .L306
 3578              	.LVL241:
1397:Drivers/STM32F4xx_HAL_Driver/Src/stm32f4xx_hal_tim_ex.c ****       htim->hdma[TIM_DMA_ID_CC2]->XferHalfCpltCallback = TIM_DMADelayPulseHalfCplt;
 3579              		.loc 1 1397 52 view .LVU1032
 3580 015c D163     		str	r1, [r2, #60]
1398:Drivers/STM32F4xx_HAL_Driver/Src/stm32f4xx_hal_tim_ex.c **** 
 3581              		.loc 1 1398 7 is_stmt 1 view .LVU1033
1398:Drivers/STM32F4xx_HAL_Driver/Src/stm32f4xx_hal_tim_ex.c **** 
ARM GAS  C:\Users\pablo\AppData\Local\Temp\ccRGdM61.s 			page 123


 3582              		.loc 1 1398 17 is_stmt 0 view .LVU1034
 3583 015e A26A     		ldr	r2, [r4, #40]
1398:Drivers/STM32F4xx_HAL_Driver/Src/stm32f4xx_hal_tim_ex.c **** 
 3584              		.loc 1 1398 56 view .LVU1035
 3585 0160 2449     		ldr	r1, .L306+4
 3586 0162 1164     		str	r1, [r2, #64]
1401:Drivers/STM32F4xx_HAL_Driver/Src/stm32f4xx_hal_tim_ex.c **** 
 3587              		.loc 1 1401 7 is_stmt 1 view .LVU1036
1401:Drivers/STM32F4xx_HAL_Driver/Src/stm32f4xx_hal_tim_ex.c **** 
 3588              		.loc 1 1401 17 is_stmt 0 view .LVU1037
 3589 0164 A26A     		ldr	r2, [r4, #40]
1401:Drivers/STM32F4xx_HAL_Driver/Src/stm32f4xx_hal_tim_ex.c **** 
 3590              		.loc 1 1401 53 view .LVU1038
 3591 0166 2449     		ldr	r1, .L306+8
 3592 0168 D164     		str	r1, [r2, #76]
1404:Drivers/STM32F4xx_HAL_Driver/Src/stm32f4xx_hal_tim_ex.c ****                            Length) != HAL_OK)
 3593              		.loc 1 1404 7 is_stmt 1 view .LVU1039
1404:Drivers/STM32F4xx_HAL_Driver/Src/stm32f4xx_hal_tim_ex.c ****                            Length) != HAL_OK)
 3594              		.loc 1 1404 88 is_stmt 0 view .LVU1040
 3595 016a 2268     		ldr	r2, [r4]
1404:Drivers/STM32F4xx_HAL_Driver/Src/stm32f4xx_hal_tim_ex.c ****                            Length) != HAL_OK)
 3596              		.loc 1 1404 11 view .LVU1041
 3597 016c 3832     		adds	r2, r2, #56
 3598 016e 3146     		mov	r1, r6
 3599 0170 A06A     		ldr	r0, [r4, #40]
 3600 0172 FFF7FEFF 		bl	HAL_DMA_Start_IT
 3601              	.LVL242:
1404:Drivers/STM32F4xx_HAL_Driver/Src/stm32f4xx_hal_tim_ex.c ****                            Length) != HAL_OK)
 3602              		.loc 1 1404 10 discriminator 1 view .LVU1042
 3603 0176 0028     		cmp	r0, #0
 3604 0178 33D1     		bne	.L296
1411:Drivers/STM32F4xx_HAL_Driver/Src/stm32f4xx_hal_tim_ex.c ****       break;
 3605              		.loc 1 1411 7 is_stmt 1 view .LVU1043
 3606 017a 2268     		ldr	r2, [r4]
 3607 017c D368     		ldr	r3, [r2, #12]
 3608 017e 43F48063 		orr	r3, r3, #1024
 3609 0182 D360     		str	r3, [r2, #12]
1412:Drivers/STM32F4xx_HAL_Driver/Src/stm32f4xx_hal_tim_ex.c ****     }
 3610              		.loc 1 1412 7 view .LVU1044
1441:Drivers/STM32F4xx_HAL_Driver/Src/stm32f4xx_hal_tim_ex.c ****   {
 3611              		.loc 1 1441 3 view .LVU1045
 3612 0184 78E7     		b	.L287
 3613              	.LVL243:
 3614              	.L305:
1363:Drivers/STM32F4xx_HAL_Driver/Src/stm32f4xx_hal_tim_ex.c ****     }
 3615              		.loc 1 1363 7 is_stmt 0 discriminator 6 view .LVU1046
 3616 0186 0222     		movs	r2, #2
 3617 0188 84F84420 		strb	r2, [r4, #68]
1371:Drivers/STM32F4xx_HAL_Driver/Src/stm32f4xx_hal_tim_ex.c ****   {
 3618              		.loc 1 1371 3 is_stmt 1 view .LVU1047
 3619              	.L286:
1418:Drivers/STM32F4xx_HAL_Driver/Src/stm32f4xx_hal_tim_ex.c ****       htim->hdma[TIM_DMA_ID_CC3]->XferHalfCpltCallback = TIM_DMADelayPulseHalfCplt;
 3620              		.loc 1 1418 7 view .LVU1048
1418:Drivers/STM32F4xx_HAL_Driver/Src/stm32f4xx_hal_tim_ex.c ****       htim->hdma[TIM_DMA_ID_CC3]->XferHalfCpltCallback = TIM_DMADelayPulseHalfCplt;
 3621              		.loc 1 1418 17 is_stmt 0 view .LVU1049
 3622 018c E26A     		ldr	r2, [r4, #44]
1418:Drivers/STM32F4xx_HAL_Driver/Src/stm32f4xx_hal_tim_ex.c ****       htim->hdma[TIM_DMA_ID_CC3]->XferHalfCpltCallback = TIM_DMADelayPulseHalfCplt;
ARM GAS  C:\Users\pablo\AppData\Local\Temp\ccRGdM61.s 			page 124


 3623              		.loc 1 1418 52 view .LVU1050
 3624 018e 1849     		ldr	r1, .L306
 3625              	.LVL244:
1418:Drivers/STM32F4xx_HAL_Driver/Src/stm32f4xx_hal_tim_ex.c ****       htim->hdma[TIM_DMA_ID_CC3]->XferHalfCpltCallback = TIM_DMADelayPulseHalfCplt;
 3626              		.loc 1 1418 52 view .LVU1051
 3627 0190 D163     		str	r1, [r2, #60]
1419:Drivers/STM32F4xx_HAL_Driver/Src/stm32f4xx_hal_tim_ex.c **** 
 3628              		.loc 1 1419 7 is_stmt 1 view .LVU1052
1419:Drivers/STM32F4xx_HAL_Driver/Src/stm32f4xx_hal_tim_ex.c **** 
 3629              		.loc 1 1419 17 is_stmt 0 view .LVU1053
 3630 0192 E26A     		ldr	r2, [r4, #44]
1419:Drivers/STM32F4xx_HAL_Driver/Src/stm32f4xx_hal_tim_ex.c **** 
 3631              		.loc 1 1419 56 view .LVU1054
 3632 0194 1749     		ldr	r1, .L306+4
 3633 0196 1164     		str	r1, [r2, #64]
1422:Drivers/STM32F4xx_HAL_Driver/Src/stm32f4xx_hal_tim_ex.c **** 
 3634              		.loc 1 1422 7 is_stmt 1 view .LVU1055
1422:Drivers/STM32F4xx_HAL_Driver/Src/stm32f4xx_hal_tim_ex.c **** 
 3635              		.loc 1 1422 17 is_stmt 0 view .LVU1056
 3636 0198 E26A     		ldr	r2, [r4, #44]
1422:Drivers/STM32F4xx_HAL_Driver/Src/stm32f4xx_hal_tim_ex.c **** 
 3637              		.loc 1 1422 53 view .LVU1057
 3638 019a 1749     		ldr	r1, .L306+8
 3639 019c D164     		str	r1, [r2, #76]
1425:Drivers/STM32F4xx_HAL_Driver/Src/stm32f4xx_hal_tim_ex.c ****                            Length) != HAL_OK)
 3640              		.loc 1 1425 7 is_stmt 1 view .LVU1058
1425:Drivers/STM32F4xx_HAL_Driver/Src/stm32f4xx_hal_tim_ex.c ****                            Length) != HAL_OK)
 3641              		.loc 1 1425 88 is_stmt 0 view .LVU1059
 3642 019e 2268     		ldr	r2, [r4]
1425:Drivers/STM32F4xx_HAL_Driver/Src/stm32f4xx_hal_tim_ex.c ****                            Length) != HAL_OK)
 3643              		.loc 1 1425 11 view .LVU1060
 3644 01a0 3C32     		adds	r2, r2, #60
 3645 01a2 3146     		mov	r1, r6
 3646 01a4 E06A     		ldr	r0, [r4, #44]
 3647 01a6 FFF7FEFF 		bl	HAL_DMA_Start_IT
 3648              	.LVL245:
1425:Drivers/STM32F4xx_HAL_Driver/Src/stm32f4xx_hal_tim_ex.c ****                            Length) != HAL_OK)
 3649              		.loc 1 1425 10 discriminator 1 view .LVU1061
 3650 01aa E0B9     		cbnz	r0, .L297
1432:Drivers/STM32F4xx_HAL_Driver/Src/stm32f4xx_hal_tim_ex.c ****       break;
 3651              		.loc 1 1432 7 is_stmt 1 view .LVU1062
 3652 01ac 2268     		ldr	r2, [r4]
 3653 01ae D368     		ldr	r3, [r2, #12]
 3654 01b0 43F40063 		orr	r3, r3, #2048
 3655 01b4 D360     		str	r3, [r2, #12]
1433:Drivers/STM32F4xx_HAL_Driver/Src/stm32f4xx_hal_tim_ex.c ****     }
 3656              		.loc 1 1433 7 view .LVU1063
1441:Drivers/STM32F4xx_HAL_Driver/Src/stm32f4xx_hal_tim_ex.c ****   {
 3657              		.loc 1 1441 3 view .LVU1064
 3658 01b6 5FE7     		b	.L287
 3659              	.L288:
1452:Drivers/STM32F4xx_HAL_Driver/Src/stm32f4xx_hal_tim_ex.c ****       if (!IS_TIM_SLAVEMODE_TRIGGER_ENABLED(tmpsmcr))
 3660              		.loc 1 1452 7 view .LVU1065
1452:Drivers/STM32F4xx_HAL_Driver/Src/stm32f4xx_hal_tim_ex.c ****       if (!IS_TIM_SLAVEMODE_TRIGGER_ENABLED(tmpsmcr))
 3661              		.loc 1 1452 31 is_stmt 0 view .LVU1066
 3662 01b8 9A68     		ldr	r2, [r3, #8]
1452:Drivers/STM32F4xx_HAL_Driver/Src/stm32f4xx_hal_tim_ex.c ****       if (!IS_TIM_SLAVEMODE_TRIGGER_ENABLED(tmpsmcr))
ARM GAS  C:\Users\pablo\AppData\Local\Temp\ccRGdM61.s 			page 125


 3663              		.loc 1 1452 15 view .LVU1067
 3664 01ba 02F00702 		and	r2, r2, #7
 3665              	.LVL246:
1453:Drivers/STM32F4xx_HAL_Driver/Src/stm32f4xx_hal_tim_ex.c ****       {
 3666              		.loc 1 1453 7 is_stmt 1 view .LVU1068
1453:Drivers/STM32F4xx_HAL_Driver/Src/stm32f4xx_hal_tim_ex.c ****       {
 3667              		.loc 1 1453 10 is_stmt 0 view .LVU1069
 3668 01be 062A     		cmp	r2, #6
 3669 01c0 13D0     		beq	.L298
1455:Drivers/STM32F4xx_HAL_Driver/Src/stm32f4xx_hal_tim_ex.c ****       }
 3670              		.loc 1 1455 9 is_stmt 1 view .LVU1070
 3671 01c2 1A68     		ldr	r2, [r3]
 3672              	.LVL247:
1455:Drivers/STM32F4xx_HAL_Driver/Src/stm32f4xx_hal_tim_ex.c ****       }
 3673              		.loc 1 1455 9 is_stmt 0 view .LVU1071
 3674 01c4 42F00102 		orr	r2, r2, #1
 3675 01c8 1A60     		str	r2, [r3]
 3676 01ca 0020     		movs	r0, #0
 3677 01cc 02E0     		b	.L276
 3678              	.LVL248:
 3679              	.L290:
1353:Drivers/STM32F4xx_HAL_Driver/Src/stm32f4xx_hal_tim_ex.c ****   }
 3680              		.loc 1 1353 12 view .LVU1072
 3681 01ce 0220     		movs	r0, #2
 3682 01d0 00E0     		b	.L276
 3683              	.LVL249:
 3684              	.L291:
1368:Drivers/STM32F4xx_HAL_Driver/Src/stm32f4xx_hal_tim_ex.c ****   }
 3685              		.loc 1 1368 12 view .LVU1073
 3686 01d2 0120     		movs	r0, #1
 3687              	.LVL250:
 3688              	.L276:
1466:Drivers/STM32F4xx_HAL_Driver/Src/stm32f4xx_hal_tim_ex.c **** 
 3689              		.loc 1 1466 1 view .LVU1074
 3690 01d4 70BD     		pop	{r4, r5, r6, pc}
 3691              	.LVL251:
 3692              	.L292:
1359:Drivers/STM32F4xx_HAL_Driver/Src/stm32f4xx_hal_tim_ex.c ****     }
 3693              		.loc 1 1359 14 view .LVU1075
 3694 01d6 0120     		movs	r0, #1
 3695 01d8 FCE7     		b	.L276
 3696              	.L293:
 3697 01da 0120     		movs	r0, #1
 3698 01dc FAE7     		b	.L276
 3699              	.LVL252:
 3700              	.L295:
1387:Drivers/STM32F4xx_HAL_Driver/Src/stm32f4xx_hal_tim_ex.c ****       }
 3701              		.loc 1 1387 16 view .LVU1076
 3702 01de 0120     		movs	r0, #1
 3703 01e0 F8E7     		b	.L276
 3704              	.L296:
1408:Drivers/STM32F4xx_HAL_Driver/Src/stm32f4xx_hal_tim_ex.c ****       }
 3705              		.loc 1 1408 16 view .LVU1077
 3706 01e2 0120     		movs	r0, #1
 3707 01e4 F6E7     		b	.L276
 3708              	.L297:
1429:Drivers/STM32F4xx_HAL_Driver/Src/stm32f4xx_hal_tim_ex.c ****       }
ARM GAS  C:\Users\pablo\AppData\Local\Temp\ccRGdM61.s 			page 126


 3709              		.loc 1 1429 16 view .LVU1078
 3710 01e6 0120     		movs	r0, #1
 3711 01e8 F4E7     		b	.L276
 3712              	.LVL253:
 3713              	.L298:
1429:Drivers/STM32F4xx_HAL_Driver/Src/stm32f4xx_hal_tim_ex.c ****       }
 3714              		.loc 1 1429 16 view .LVU1079
 3715 01ea 0020     		movs	r0, #0
 3716 01ec F2E7     		b	.L276
 3717              	.L307:
 3718 01ee 00BF     		.align	2
 3719              	.L306:
 3720 01f0 00000000 		.word	TIM_DMADelayPulseNCplt
 3721 01f4 00000000 		.word	TIM_DMADelayPulseHalfCplt
 3722 01f8 00000000 		.word	TIM_DMAErrorCCxN
 3723 01fc 00000140 		.word	1073807360
 3724              		.cfi_endproc
 3725              	.LFE154:
 3727              		.section	.text.HAL_TIMEx_PWMN_Stop_DMA,"ax",%progbits
 3728              		.align	1
 3729              		.global	HAL_TIMEx_PWMN_Stop_DMA
 3730              		.syntax unified
 3731              		.thumb
 3732              		.thumb_func
 3734              	HAL_TIMEx_PWMN_Stop_DMA:
 3735              	.LVL254:
 3736              	.LFB155:
1480:Drivers/STM32F4xx_HAL_Driver/Src/stm32f4xx_hal_tim_ex.c ****   HAL_StatusTypeDef status = HAL_OK;
 3737              		.loc 1 1480 1 is_stmt 1 view -0
 3738              		.cfi_startproc
 3739              		@ args = 0, pretend = 0, frame = 0
 3740              		@ frame_needed = 0, uses_anonymous_args = 0
1480:Drivers/STM32F4xx_HAL_Driver/Src/stm32f4xx_hal_tim_ex.c ****   HAL_StatusTypeDef status = HAL_OK;
 3741              		.loc 1 1480 1 is_stmt 0 view .LVU1081
 3742 0000 38B5     		push	{r3, r4, r5, lr}
 3743              	.LCFI25:
 3744              		.cfi_def_cfa_offset 16
 3745              		.cfi_offset 3, -16
 3746              		.cfi_offset 4, -12
 3747              		.cfi_offset 5, -8
 3748              		.cfi_offset 14, -4
 3749 0002 0446     		mov	r4, r0
 3750 0004 0D46     		mov	r5, r1
1481:Drivers/STM32F4xx_HAL_Driver/Src/stm32f4xx_hal_tim_ex.c **** 
 3751              		.loc 1 1481 3 is_stmt 1 view .LVU1082
 3752              	.LVL255:
1484:Drivers/STM32F4xx_HAL_Driver/Src/stm32f4xx_hal_tim_ex.c **** 
 3753              		.loc 1 1484 3 view .LVU1083
1486:Drivers/STM32F4xx_HAL_Driver/Src/stm32f4xx_hal_tim_ex.c ****   {
 3754              		.loc 1 1486 3 view .LVU1084
 3755 0006 0429     		cmp	r1, #4
 3756 0008 34D0     		beq	.L309
 3757 000a 0829     		cmp	r1, #8
 3758 000c 3BD0     		beq	.L310
 3759 000e 0029     		cmp	r1, #0
 3760 0010 55D1     		bne	.L318
1491:Drivers/STM32F4xx_HAL_Driver/Src/stm32f4xx_hal_tim_ex.c ****       (void)HAL_DMA_Abort_IT(htim->hdma[TIM_DMA_ID_CC1]);
ARM GAS  C:\Users\pablo\AppData\Local\Temp\ccRGdM61.s 			page 127


 3761              		.loc 1 1491 7 view .LVU1085
 3762 0012 0268     		ldr	r2, [r0]
 3763 0014 D368     		ldr	r3, [r2, #12]
 3764 0016 23F40073 		bic	r3, r3, #512
 3765 001a D360     		str	r3, [r2, #12]
1492:Drivers/STM32F4xx_HAL_Driver/Src/stm32f4xx_hal_tim_ex.c ****       break;
 3766              		.loc 1 1492 7 view .LVU1086
1492:Drivers/STM32F4xx_HAL_Driver/Src/stm32f4xx_hal_tim_ex.c ****       break;
 3767              		.loc 1 1492 13 is_stmt 0 view .LVU1087
 3768 001c 406A     		ldr	r0, [r0, #36]
 3769              	.LVL256:
1492:Drivers/STM32F4xx_HAL_Driver/Src/stm32f4xx_hal_tim_ex.c ****       break;
 3770              		.loc 1 1492 13 view .LVU1088
 3771 001e FFF7FEFF 		bl	HAL_DMA_Abort_IT
 3772              	.LVL257:
1493:Drivers/STM32F4xx_HAL_Driver/Src/stm32f4xx_hal_tim_ex.c ****     }
 3773              		.loc 1 1493 7 is_stmt 1 view .LVU1089
1517:Drivers/STM32F4xx_HAL_Driver/Src/stm32f4xx_hal_tim_ex.c ****   {
 3774              		.loc 1 1517 3 view .LVU1090
 3775              	.L312:
1520:Drivers/STM32F4xx_HAL_Driver/Src/stm32f4xx_hal_tim_ex.c **** 
 3776              		.loc 1 1520 5 view .LVU1091
 3777 0022 0022     		movs	r2, #0
 3778 0024 2946     		mov	r1, r5
 3779 0026 2068     		ldr	r0, [r4]
 3780 0028 FFF7FEFF 		bl	TIM_CCxNChannelCmd
 3781              	.LVL258:
1523:Drivers/STM32F4xx_HAL_Driver/Src/stm32f4xx_hal_tim_ex.c **** 
 3782              		.loc 1 1523 5 view .LVU1092
1523:Drivers/STM32F4xx_HAL_Driver/Src/stm32f4xx_hal_tim_ex.c **** 
 3783              		.loc 1 1523 5 view .LVU1093
 3784 002c 2368     		ldr	r3, [r4]
 3785 002e 196A     		ldr	r1, [r3, #32]
 3786 0030 41F21112 		movw	r2, #4369
 3787 0034 1142     		tst	r1, r2
 3788 0036 08D1     		bne	.L313
1523:Drivers/STM32F4xx_HAL_Driver/Src/stm32f4xx_hal_tim_ex.c **** 
 3789              		.loc 1 1523 5 discriminator 1 view .LVU1094
 3790 0038 196A     		ldr	r1, [r3, #32]
 3791 003a 40F24442 		movw	r2, #1092
 3792 003e 1142     		tst	r1, r2
 3793 0040 03D1     		bne	.L313
1523:Drivers/STM32F4xx_HAL_Driver/Src/stm32f4xx_hal_tim_ex.c **** 
 3794              		.loc 1 1523 5 discriminator 3 view .LVU1095
 3795 0042 5A6C     		ldr	r2, [r3, #68]
 3796 0044 22F40042 		bic	r2, r2, #32768
 3797 0048 5A64     		str	r2, [r3, #68]
 3798              	.L313:
1523:Drivers/STM32F4xx_HAL_Driver/Src/stm32f4xx_hal_tim_ex.c **** 
 3799              		.loc 1 1523 5 discriminator 5 view .LVU1096
1526:Drivers/STM32F4xx_HAL_Driver/Src/stm32f4xx_hal_tim_ex.c **** 
 3800              		.loc 1 1526 5 view .LVU1097
1526:Drivers/STM32F4xx_HAL_Driver/Src/stm32f4xx_hal_tim_ex.c **** 
 3801              		.loc 1 1526 5 view .LVU1098
 3802 004a 2368     		ldr	r3, [r4]
 3803 004c 196A     		ldr	r1, [r3, #32]
 3804 004e 41F21112 		movw	r2, #4369
ARM GAS  C:\Users\pablo\AppData\Local\Temp\ccRGdM61.s 			page 128


 3805 0052 1142     		tst	r1, r2
 3806 0054 08D1     		bne	.L314
1526:Drivers/STM32F4xx_HAL_Driver/Src/stm32f4xx_hal_tim_ex.c **** 
 3807              		.loc 1 1526 5 discriminator 1 view .LVU1099
 3808 0056 196A     		ldr	r1, [r3, #32]
 3809 0058 40F24442 		movw	r2, #1092
 3810 005c 1142     		tst	r1, r2
 3811 005e 03D1     		bne	.L314
1526:Drivers/STM32F4xx_HAL_Driver/Src/stm32f4xx_hal_tim_ex.c **** 
 3812              		.loc 1 1526 5 discriminator 3 view .LVU1100
 3813 0060 1A68     		ldr	r2, [r3]
 3814 0062 22F00102 		bic	r2, r2, #1
 3815 0066 1A60     		str	r2, [r3]
 3816              	.L314:
1526:Drivers/STM32F4xx_HAL_Driver/Src/stm32f4xx_hal_tim_ex.c **** 
 3817              		.loc 1 1526 5 discriminator 5 view .LVU1101
1529:Drivers/STM32F4xx_HAL_Driver/Src/stm32f4xx_hal_tim_ex.c ****   }
 3818              		.loc 1 1529 5 view .LVU1102
 3819 0068 B5B9     		cbnz	r5, .L315
1529:Drivers/STM32F4xx_HAL_Driver/Src/stm32f4xx_hal_tim_ex.c ****   }
 3820              		.loc 1 1529 5 is_stmt 0 discriminator 1 view .LVU1103
 3821 006a 0123     		movs	r3, #1
 3822 006c 84F84230 		strb	r3, [r4, #66]
 3823 0070 0020     		movs	r0, #0
 3824              	.L311:
 3825              	.LVL259:
1533:Drivers/STM32F4xx_HAL_Driver/Src/stm32f4xx_hal_tim_ex.c **** }
 3826              		.loc 1 1533 3 is_stmt 1 view .LVU1104
1534:Drivers/STM32F4xx_HAL_Driver/Src/stm32f4xx_hal_tim_ex.c **** 
 3827              		.loc 1 1534 1 is_stmt 0 view .LVU1105
 3828 0072 38BD     		pop	{r3, r4, r5, pc}
 3829              	.LVL260:
 3830              	.L309:
1499:Drivers/STM32F4xx_HAL_Driver/Src/stm32f4xx_hal_tim_ex.c ****       (void)HAL_DMA_Abort_IT(htim->hdma[TIM_DMA_ID_CC2]);
 3831              		.loc 1 1499 7 is_stmt 1 view .LVU1106
 3832 0074 0268     		ldr	r2, [r0]
 3833 0076 D368     		ldr	r3, [r2, #12]
 3834 0078 23F48063 		bic	r3, r3, #1024
 3835 007c D360     		str	r3, [r2, #12]
1500:Drivers/STM32F4xx_HAL_Driver/Src/stm32f4xx_hal_tim_ex.c ****       break;
 3836              		.loc 1 1500 7 view .LVU1107
1500:Drivers/STM32F4xx_HAL_Driver/Src/stm32f4xx_hal_tim_ex.c ****       break;
 3837              		.loc 1 1500 13 is_stmt 0 view .LVU1108
 3838 007e 806A     		ldr	r0, [r0, #40]
 3839              	.LVL261:
1500:Drivers/STM32F4xx_HAL_Driver/Src/stm32f4xx_hal_tim_ex.c ****       break;
 3840              		.loc 1 1500 13 view .LVU1109
 3841 0080 FFF7FEFF 		bl	HAL_DMA_Abort_IT
 3842              	.LVL262:
1501:Drivers/STM32F4xx_HAL_Driver/Src/stm32f4xx_hal_tim_ex.c ****     }
 3843              		.loc 1 1501 7 is_stmt 1 view .LVU1110
1517:Drivers/STM32F4xx_HAL_Driver/Src/stm32f4xx_hal_tim_ex.c ****   {
 3844              		.loc 1 1517 3 view .LVU1111
 3845 0084 CDE7     		b	.L312
 3846              	.LVL263:
 3847              	.L310:
1507:Drivers/STM32F4xx_HAL_Driver/Src/stm32f4xx_hal_tim_ex.c ****       (void)HAL_DMA_Abort_IT(htim->hdma[TIM_DMA_ID_CC3]);
ARM GAS  C:\Users\pablo\AppData\Local\Temp\ccRGdM61.s 			page 129


 3848              		.loc 1 1507 7 view .LVU1112
 3849 0086 0268     		ldr	r2, [r0]
 3850 0088 D368     		ldr	r3, [r2, #12]
 3851 008a 23F40063 		bic	r3, r3, #2048
 3852 008e D360     		str	r3, [r2, #12]
1508:Drivers/STM32F4xx_HAL_Driver/Src/stm32f4xx_hal_tim_ex.c ****       break;
 3853              		.loc 1 1508 7 view .LVU1113
1508:Drivers/STM32F4xx_HAL_Driver/Src/stm32f4xx_hal_tim_ex.c ****       break;
 3854              		.loc 1 1508 13 is_stmt 0 view .LVU1114
 3855 0090 C06A     		ldr	r0, [r0, #44]
 3856              	.LVL264:
1508:Drivers/STM32F4xx_HAL_Driver/Src/stm32f4xx_hal_tim_ex.c ****       break;
 3857              		.loc 1 1508 13 view .LVU1115
 3858 0092 FFF7FEFF 		bl	HAL_DMA_Abort_IT
 3859              	.LVL265:
1509:Drivers/STM32F4xx_HAL_Driver/Src/stm32f4xx_hal_tim_ex.c ****     }
 3860              		.loc 1 1509 7 is_stmt 1 view .LVU1116
1517:Drivers/STM32F4xx_HAL_Driver/Src/stm32f4xx_hal_tim_ex.c ****   {
 3861              		.loc 1 1517 3 view .LVU1117
 3862 0096 C4E7     		b	.L312
 3863              	.L315:
1529:Drivers/STM32F4xx_HAL_Driver/Src/stm32f4xx_hal_tim_ex.c ****   }
 3864              		.loc 1 1529 5 is_stmt 0 discriminator 2 view .LVU1118
 3865 0098 042D     		cmp	r5, #4
 3866 009a 06D0     		beq	.L320
1529:Drivers/STM32F4xx_HAL_Driver/Src/stm32f4xx_hal_tim_ex.c ****   }
 3867              		.loc 1 1529 5 discriminator 4 view .LVU1119
 3868 009c 082D     		cmp	r5, #8
 3869 009e 09D0     		beq	.L321
1529:Drivers/STM32F4xx_HAL_Driver/Src/stm32f4xx_hal_tim_ex.c ****   }
 3870              		.loc 1 1529 5 discriminator 7 view .LVU1120
 3871 00a0 0123     		movs	r3, #1
 3872 00a2 84F84530 		strb	r3, [r4, #69]
 3873 00a6 0020     		movs	r0, #0
 3874 00a8 E3E7     		b	.L311
 3875              	.L320:
1529:Drivers/STM32F4xx_HAL_Driver/Src/stm32f4xx_hal_tim_ex.c ****   }
 3876              		.loc 1 1529 5 discriminator 3 view .LVU1121
 3877 00aa 0123     		movs	r3, #1
 3878 00ac 84F84330 		strb	r3, [r4, #67]
 3879 00b0 0020     		movs	r0, #0
 3880 00b2 DEE7     		b	.L311
 3881              	.L321:
1529:Drivers/STM32F4xx_HAL_Driver/Src/stm32f4xx_hal_tim_ex.c ****   }
 3882              		.loc 1 1529 5 discriminator 6 view .LVU1122
 3883 00b4 0123     		movs	r3, #1
 3884 00b6 84F84430 		strb	r3, [r4, #68]
 3885 00ba 0020     		movs	r0, #0
 3886 00bc D9E7     		b	.L311
 3887              	.LVL266:
 3888              	.L318:
1486:Drivers/STM32F4xx_HAL_Driver/Src/stm32f4xx_hal_tim_ex.c ****   {
 3889              		.loc 1 1486 3 view .LVU1123
 3890 00be 0120     		movs	r0, #1
 3891              	.LVL267:
1486:Drivers/STM32F4xx_HAL_Driver/Src/stm32f4xx_hal_tim_ex.c ****   {
 3892              		.loc 1 1486 3 view .LVU1124
ARM GAS  C:\Users\pablo\AppData\Local\Temp\ccRGdM61.s 			page 130


 3893 00c0 D7E7     		b	.L311
 3894              		.cfi_endproc
 3895              	.LFE155:
 3897              		.section	.text.HAL_TIMEx_OnePulseN_Start,"ax",%progbits
 3898              		.align	1
 3899              		.global	HAL_TIMEx_OnePulseN_Start
 3900              		.syntax unified
 3901              		.thumb
 3902              		.thumb_func
 3904              	HAL_TIMEx_OnePulseN_Start:
 3905              	.LVL268:
 3906              	.LFB156:
1571:Drivers/STM32F4xx_HAL_Driver/Src/stm32f4xx_hal_tim_ex.c ****   uint32_t input_channel = (OutputChannel == TIM_CHANNEL_1) ? TIM_CHANNEL_2 : TIM_CHANNEL_1;
 3907              		.loc 1 1571 1 is_stmt 1 view -0
 3908              		.cfi_startproc
 3909              		@ args = 0, pretend = 0, frame = 0
 3910              		@ frame_needed = 0, uses_anonymous_args = 0
1571:Drivers/STM32F4xx_HAL_Driver/Src/stm32f4xx_hal_tim_ex.c ****   uint32_t input_channel = (OutputChannel == TIM_CHANNEL_1) ? TIM_CHANNEL_2 : TIM_CHANNEL_1;
 3911              		.loc 1 1571 1 is_stmt 0 view .LVU1126
 3912 0000 70B5     		push	{r4, r5, r6, lr}
 3913              	.LCFI26:
 3914              		.cfi_def_cfa_offset 16
 3915              		.cfi_offset 4, -16
 3916              		.cfi_offset 5, -12
 3917              		.cfi_offset 6, -8
 3918              		.cfi_offset 14, -4
 3919 0002 0446     		mov	r4, r0
1572:Drivers/STM32F4xx_HAL_Driver/Src/stm32f4xx_hal_tim_ex.c ****   HAL_TIM_ChannelStateTypeDef channel_1_state = TIM_CHANNEL_STATE_GET(htim, TIM_CHANNEL_1);
 3920              		.loc 1 1572 3 is_stmt 1 view .LVU1127
1572:Drivers/STM32F4xx_HAL_Driver/Src/stm32f4xx_hal_tim_ex.c ****   HAL_TIM_ChannelStateTypeDef channel_1_state = TIM_CHANNEL_STATE_GET(htim, TIM_CHANNEL_1);
 3921              		.loc 1 1572 77 is_stmt 0 view .LVU1128
 3922 0004 0E46     		mov	r6, r1
 3923 0006 D1B9     		cbnz	r1, .L325
1572:Drivers/STM32F4xx_HAL_Driver/Src/stm32f4xx_hal_tim_ex.c ****   HAL_TIM_ChannelStateTypeDef channel_1_state = TIM_CHANNEL_STATE_GET(htim, TIM_CHANNEL_1);
 3924              		.loc 1 1572 77 discriminator 1 view .LVU1129
 3925 0008 0425     		movs	r5, #4
 3926              	.L323:
 3927              	.LVL269:
1573:Drivers/STM32F4xx_HAL_Driver/Src/stm32f4xx_hal_tim_ex.c ****   HAL_TIM_ChannelStateTypeDef channel_2_state = TIM_CHANNEL_STATE_GET(htim, TIM_CHANNEL_2);
 3928              		.loc 1 1573 3 is_stmt 1 view .LVU1130
1573:Drivers/STM32F4xx_HAL_Driver/Src/stm32f4xx_hal_tim_ex.c ****   HAL_TIM_ChannelStateTypeDef channel_2_state = TIM_CHANNEL_STATE_GET(htim, TIM_CHANNEL_2);
 3929              		.loc 1 1573 31 is_stmt 0 view .LVU1131
 3930 000a 94F83EE0 		ldrb	lr, [r4, #62]	@ zero_extendqisi2
 3931 000e 5FFA8EF0 		uxtb	r0, lr
 3932              	.LVL270:
1574:Drivers/STM32F4xx_HAL_Driver/Src/stm32f4xx_hal_tim_ex.c ****   HAL_TIM_ChannelStateTypeDef complementary_channel_1_state = TIM_CHANNEL_N_STATE_GET(htim, TIM_CHA
 3933              		.loc 1 1574 3 is_stmt 1 view .LVU1132
1574:Drivers/STM32F4xx_HAL_Driver/Src/stm32f4xx_hal_tim_ex.c ****   HAL_TIM_ChannelStateTypeDef complementary_channel_1_state = TIM_CHANNEL_N_STATE_GET(htim, TIM_CHA
 3934              		.loc 1 1574 31 is_stmt 0 view .LVU1133
 3935 0012 94F83F30 		ldrb	r3, [r4, #63]	@ zero_extendqisi2
 3936 0016 DBB2     		uxtb	r3, r3
 3937              	.LVL271:
1575:Drivers/STM32F4xx_HAL_Driver/Src/stm32f4xx_hal_tim_ex.c ****   HAL_TIM_ChannelStateTypeDef complementary_channel_2_state = TIM_CHANNEL_N_STATE_GET(htim, TIM_CHA
 3938              		.loc 1 1575 3 is_stmt 1 view .LVU1134
1575:Drivers/STM32F4xx_HAL_Driver/Src/stm32f4xx_hal_tim_ex.c ****   HAL_TIM_ChannelStateTypeDef complementary_channel_2_state = TIM_CHANNEL_N_STATE_GET(htim, TIM_CHA
 3939              		.loc 1 1575 31 is_stmt 0 view .LVU1135
 3940 0018 94F84220 		ldrb	r2, [r4, #66]	@ zero_extendqisi2
ARM GAS  C:\Users\pablo\AppData\Local\Temp\ccRGdM61.s 			page 131


 3941 001c D2B2     		uxtb	r2, r2
 3942              	.LVL272:
1576:Drivers/STM32F4xx_HAL_Driver/Src/stm32f4xx_hal_tim_ex.c **** 
 3943              		.loc 1 1576 3 is_stmt 1 view .LVU1136
1576:Drivers/STM32F4xx_HAL_Driver/Src/stm32f4xx_hal_tim_ex.c **** 
 3944              		.loc 1 1576 31 is_stmt 0 view .LVU1137
 3945 001e 94F843C0 		ldrb	ip, [r4, #67]	@ zero_extendqisi2
 3946 0022 5FFA8CFC 		uxtb	ip, ip
 3947              	.LVL273:
1579:Drivers/STM32F4xx_HAL_Driver/Src/stm32f4xx_hal_tim_ex.c **** 
 3948              		.loc 1 1579 3 is_stmt 1 view .LVU1138
1582:Drivers/STM32F4xx_HAL_Driver/Src/stm32f4xx_hal_tim_ex.c ****       || (channel_2_state != HAL_TIM_CHANNEL_STATE_READY)
 3949              		.loc 1 1582 3 view .LVU1139
1582:Drivers/STM32F4xx_HAL_Driver/Src/stm32f4xx_hal_tim_ex.c ****       || (channel_2_state != HAL_TIM_CHANNEL_STATE_READY)
 3950              		.loc 1 1582 6 is_stmt 0 view .LVU1140
 3951 0026 BEF1010F 		cmp	lr, #1
 3952 002a 24D1     		bne	.L326
1583:Drivers/STM32F4xx_HAL_Driver/Src/stm32f4xx_hal_tim_ex.c ****       || (complementary_channel_1_state != HAL_TIM_CHANNEL_STATE_READY)
 3953              		.loc 1 1583 7 view .LVU1141
 3954 002c 012B     		cmp	r3, #1
 3955 002e 23D1     		bne	.L324
1584:Drivers/STM32F4xx_HAL_Driver/Src/stm32f4xx_hal_tim_ex.c ****       || (complementary_channel_2_state != HAL_TIM_CHANNEL_STATE_READY))
 3956              		.loc 1 1584 7 view .LVU1142
 3957 0030 012A     		cmp	r2, #1
 3958 0032 22D1     		bne	.L327
1585:Drivers/STM32F4xx_HAL_Driver/Src/stm32f4xx_hal_tim_ex.c ****   {
 3959              		.loc 1 1585 7 view .LVU1143
 3960 0034 BCF1010F 		cmp	ip, #1
 3961 0038 03D0     		beq	.L330
1587:Drivers/STM32F4xx_HAL_Driver/Src/stm32f4xx_hal_tim_ex.c ****   }
 3962              		.loc 1 1587 12 view .LVU1144
 3963 003a 1046     		mov	r0, r2
 3964              	.LVL274:
1587:Drivers/STM32F4xx_HAL_Driver/Src/stm32f4xx_hal_tim_ex.c ****   }
 3965              		.loc 1 1587 12 view .LVU1145
 3966 003c 1CE0     		b	.L324
 3967              	.LVL275:
 3968              	.L325:
1572:Drivers/STM32F4xx_HAL_Driver/Src/stm32f4xx_hal_tim_ex.c ****   HAL_TIM_ChannelStateTypeDef channel_1_state = TIM_CHANNEL_STATE_GET(htim, TIM_CHANNEL_1);
 3969              		.loc 1 1572 77 discriminator 2 view .LVU1146
 3970 003e 0025     		movs	r5, #0
 3971 0040 E3E7     		b	.L323
 3972              	.LVL276:
 3973              	.L330:
1591:Drivers/STM32F4xx_HAL_Driver/Src/stm32f4xx_hal_tim_ex.c ****   TIM_CHANNEL_STATE_SET(htim, TIM_CHANNEL_2, HAL_TIM_CHANNEL_STATE_BUSY);
 3974              		.loc 1 1591 3 is_stmt 1 view .LVU1147
 3975 0042 0223     		movs	r3, #2
 3976              	.LVL277:
1591:Drivers/STM32F4xx_HAL_Driver/Src/stm32f4xx_hal_tim_ex.c ****   TIM_CHANNEL_STATE_SET(htim, TIM_CHANNEL_2, HAL_TIM_CHANNEL_STATE_BUSY);
 3977              		.loc 1 1591 3 is_stmt 0 view .LVU1148
 3978 0044 84F83E30 		strb	r3, [r4, #62]
1592:Drivers/STM32F4xx_HAL_Driver/Src/stm32f4xx_hal_tim_ex.c ****   TIM_CHANNEL_N_STATE_SET(htim, TIM_CHANNEL_1, HAL_TIM_CHANNEL_STATE_BUSY);
 3979              		.loc 1 1592 3 is_stmt 1 view .LVU1149
 3980 0048 84F83F30 		strb	r3, [r4, #63]
1593:Drivers/STM32F4xx_HAL_Driver/Src/stm32f4xx_hal_tim_ex.c ****   TIM_CHANNEL_N_STATE_SET(htim, TIM_CHANNEL_2, HAL_TIM_CHANNEL_STATE_BUSY);
 3981              		.loc 1 1593 3 view .LVU1150
 3982 004c 84F84230 		strb	r3, [r4, #66]
ARM GAS  C:\Users\pablo\AppData\Local\Temp\ccRGdM61.s 			page 132


1594:Drivers/STM32F4xx_HAL_Driver/Src/stm32f4xx_hal_tim_ex.c **** 
 3983              		.loc 1 1594 3 view .LVU1151
 3984 0050 84F84330 		strb	r3, [r4, #67]
1597:Drivers/STM32F4xx_HAL_Driver/Src/stm32f4xx_hal_tim_ex.c ****   TIM_CCxChannelCmd(htim->Instance, input_channel, TIM_CCx_ENABLE);
 3985              		.loc 1 1597 3 view .LVU1152
 3986 0054 0422     		movs	r2, #4
 3987              	.LVL278:
1597:Drivers/STM32F4xx_HAL_Driver/Src/stm32f4xx_hal_tim_ex.c ****   TIM_CCxChannelCmd(htim->Instance, input_channel, TIM_CCx_ENABLE);
 3988              		.loc 1 1597 3 is_stmt 0 view .LVU1153
 3989 0056 3146     		mov	r1, r6
 3990              	.LVL279:
1597:Drivers/STM32F4xx_HAL_Driver/Src/stm32f4xx_hal_tim_ex.c ****   TIM_CCxChannelCmd(htim->Instance, input_channel, TIM_CCx_ENABLE);
 3991              		.loc 1 1597 3 view .LVU1154
 3992 0058 2068     		ldr	r0, [r4]
 3993              	.LVL280:
1597:Drivers/STM32F4xx_HAL_Driver/Src/stm32f4xx_hal_tim_ex.c ****   TIM_CCxChannelCmd(htim->Instance, input_channel, TIM_CCx_ENABLE);
 3994              		.loc 1 1597 3 view .LVU1155
 3995 005a FFF7FEFF 		bl	TIM_CCxNChannelCmd
 3996              	.LVL281:
1598:Drivers/STM32F4xx_HAL_Driver/Src/stm32f4xx_hal_tim_ex.c **** 
 3997              		.loc 1 1598 3 is_stmt 1 view .LVU1156
 3998 005e 0122     		movs	r2, #1
 3999 0060 2946     		mov	r1, r5
 4000 0062 2068     		ldr	r0, [r4]
 4001 0064 FFF7FEFF 		bl	TIM_CCxChannelCmd
 4002              	.LVL282:
1601:Drivers/STM32F4xx_HAL_Driver/Src/stm32f4xx_hal_tim_ex.c **** 
 4003              		.loc 1 1601 3 view .LVU1157
 4004 0068 2268     		ldr	r2, [r4]
 4005 006a 536C     		ldr	r3, [r2, #68]
 4006 006c 43F40043 		orr	r3, r3, #32768
 4007 0070 5364     		str	r3, [r2, #68]
1604:Drivers/STM32F4xx_HAL_Driver/Src/stm32f4xx_hal_tim_ex.c **** }
 4008              		.loc 1 1604 3 view .LVU1158
1604:Drivers/STM32F4xx_HAL_Driver/Src/stm32f4xx_hal_tim_ex.c **** }
 4009              		.loc 1 1604 10 is_stmt 0 view .LVU1159
 4010 0072 0020     		movs	r0, #0
 4011 0074 00E0     		b	.L324
 4012              	.LVL283:
 4013              	.L326:
1587:Drivers/STM32F4xx_HAL_Driver/Src/stm32f4xx_hal_tim_ex.c ****   }
 4014              		.loc 1 1587 12 view .LVU1160
 4015 0076 0120     		movs	r0, #1
 4016              	.LVL284:
 4017              	.L324:
1605:Drivers/STM32F4xx_HAL_Driver/Src/stm32f4xx_hal_tim_ex.c **** 
 4018              		.loc 1 1605 1 view .LVU1161
 4019 0078 70BD     		pop	{r4, r5, r6, pc}
 4020              	.LVL285:
 4021              	.L327:
1587:Drivers/STM32F4xx_HAL_Driver/Src/stm32f4xx_hal_tim_ex.c ****   }
 4022              		.loc 1 1587 12 view .LVU1162
 4023 007a 1846     		mov	r0, r3
 4024              	.LVL286:
1587:Drivers/STM32F4xx_HAL_Driver/Src/stm32f4xx_hal_tim_ex.c ****   }
 4025              		.loc 1 1587 12 view .LVU1163
 4026 007c FCE7     		b	.L324
ARM GAS  C:\Users\pablo\AppData\Local\Temp\ccRGdM61.s 			page 133


 4027              		.cfi_endproc
 4028              	.LFE156:
 4030              		.section	.text.HAL_TIMEx_OnePulseN_Stop,"ax",%progbits
 4031              		.align	1
 4032              		.global	HAL_TIMEx_OnePulseN_Stop
 4033              		.syntax unified
 4034              		.thumb
 4035              		.thumb_func
 4037              	HAL_TIMEx_OnePulseN_Stop:
 4038              	.LVL287:
 4039              	.LFB157:
1620:Drivers/STM32F4xx_HAL_Driver/Src/stm32f4xx_hal_tim_ex.c ****   uint32_t input_channel = (OutputChannel == TIM_CHANNEL_1) ? TIM_CHANNEL_2 : TIM_CHANNEL_1;
 4040              		.loc 1 1620 1 is_stmt 1 view -0
 4041              		.cfi_startproc
 4042              		@ args = 0, pretend = 0, frame = 0
 4043              		@ frame_needed = 0, uses_anonymous_args = 0
1620:Drivers/STM32F4xx_HAL_Driver/Src/stm32f4xx_hal_tim_ex.c ****   uint32_t input_channel = (OutputChannel == TIM_CHANNEL_1) ? TIM_CHANNEL_2 : TIM_CHANNEL_1;
 4044              		.loc 1 1620 1 is_stmt 0 view .LVU1165
 4045 0000 38B5     		push	{r3, r4, r5, lr}
 4046              	.LCFI27:
 4047              		.cfi_def_cfa_offset 16
 4048              		.cfi_offset 3, -16
 4049              		.cfi_offset 4, -12
 4050              		.cfi_offset 5, -8
 4051              		.cfi_offset 14, -4
 4052 0002 0446     		mov	r4, r0
1621:Drivers/STM32F4xx_HAL_Driver/Src/stm32f4xx_hal_tim_ex.c **** 
 4053              		.loc 1 1621 3 is_stmt 1 view .LVU1166
1621:Drivers/STM32F4xx_HAL_Driver/Src/stm32f4xx_hal_tim_ex.c **** 
 4054              		.loc 1 1621 77 is_stmt 0 view .LVU1167
 4055 0004 0029     		cmp	r1, #0
 4056 0006 32D1     		bne	.L335
1621:Drivers/STM32F4xx_HAL_Driver/Src/stm32f4xx_hal_tim_ex.c **** 
 4057              		.loc 1 1621 77 discriminator 1 view .LVU1168
 4058 0008 0425     		movs	r5, #4
 4059              	.L332:
 4060              	.LVL288:
1624:Drivers/STM32F4xx_HAL_Driver/Src/stm32f4xx_hal_tim_ex.c **** 
 4061              		.loc 1 1624 3 is_stmt 1 view .LVU1169
1627:Drivers/STM32F4xx_HAL_Driver/Src/stm32f4xx_hal_tim_ex.c ****   TIM_CCxChannelCmd(htim->Instance, input_channel, TIM_CCx_DISABLE);
 4062              		.loc 1 1627 3 view .LVU1170
 4063 000a 0022     		movs	r2, #0
 4064 000c 2068     		ldr	r0, [r4]
 4065              	.LVL289:
1627:Drivers/STM32F4xx_HAL_Driver/Src/stm32f4xx_hal_tim_ex.c ****   TIM_CCxChannelCmd(htim->Instance, input_channel, TIM_CCx_DISABLE);
 4066              		.loc 1 1627 3 is_stmt 0 view .LVU1171
 4067 000e FFF7FEFF 		bl	TIM_CCxNChannelCmd
 4068              	.LVL290:
1628:Drivers/STM32F4xx_HAL_Driver/Src/stm32f4xx_hal_tim_ex.c **** 
 4069              		.loc 1 1628 3 is_stmt 1 view .LVU1172
 4070 0012 0022     		movs	r2, #0
 4071 0014 2946     		mov	r1, r5
 4072 0016 2068     		ldr	r0, [r4]
 4073 0018 FFF7FEFF 		bl	TIM_CCxChannelCmd
 4074              	.LVL291:
1631:Drivers/STM32F4xx_HAL_Driver/Src/stm32f4xx_hal_tim_ex.c **** 
 4075              		.loc 1 1631 3 view .LVU1173
ARM GAS  C:\Users\pablo\AppData\Local\Temp\ccRGdM61.s 			page 134


1631:Drivers/STM32F4xx_HAL_Driver/Src/stm32f4xx_hal_tim_ex.c **** 
 4076              		.loc 1 1631 3 view .LVU1174
 4077 001c 2368     		ldr	r3, [r4]
 4078 001e 196A     		ldr	r1, [r3, #32]
 4079 0020 41F21112 		movw	r2, #4369
 4080 0024 1142     		tst	r1, r2
 4081 0026 08D1     		bne	.L333
1631:Drivers/STM32F4xx_HAL_Driver/Src/stm32f4xx_hal_tim_ex.c **** 
 4082              		.loc 1 1631 3 discriminator 1 view .LVU1175
 4083 0028 196A     		ldr	r1, [r3, #32]
 4084 002a 40F24442 		movw	r2, #1092
 4085 002e 1142     		tst	r1, r2
 4086 0030 03D1     		bne	.L333
1631:Drivers/STM32F4xx_HAL_Driver/Src/stm32f4xx_hal_tim_ex.c **** 
 4087              		.loc 1 1631 3 discriminator 3 view .LVU1176
 4088 0032 5A6C     		ldr	r2, [r3, #68]
 4089 0034 22F40042 		bic	r2, r2, #32768
 4090 0038 5A64     		str	r2, [r3, #68]
 4091              	.L333:
1631:Drivers/STM32F4xx_HAL_Driver/Src/stm32f4xx_hal_tim_ex.c **** 
 4092              		.loc 1 1631 3 discriminator 5 view .LVU1177
1634:Drivers/STM32F4xx_HAL_Driver/Src/stm32f4xx_hal_tim_ex.c **** 
 4093              		.loc 1 1634 3 view .LVU1178
1634:Drivers/STM32F4xx_HAL_Driver/Src/stm32f4xx_hal_tim_ex.c **** 
 4094              		.loc 1 1634 3 view .LVU1179
 4095 003a 2368     		ldr	r3, [r4]
 4096 003c 196A     		ldr	r1, [r3, #32]
 4097 003e 41F21112 		movw	r2, #4369
 4098 0042 1142     		tst	r1, r2
 4099 0044 08D1     		bne	.L334
1634:Drivers/STM32F4xx_HAL_Driver/Src/stm32f4xx_hal_tim_ex.c **** 
 4100              		.loc 1 1634 3 discriminator 1 view .LVU1180
 4101 0046 196A     		ldr	r1, [r3, #32]
 4102 0048 40F24442 		movw	r2, #1092
 4103 004c 1142     		tst	r1, r2
 4104 004e 03D1     		bne	.L334
1634:Drivers/STM32F4xx_HAL_Driver/Src/stm32f4xx_hal_tim_ex.c **** 
 4105              		.loc 1 1634 3 discriminator 3 view .LVU1181
 4106 0050 1A68     		ldr	r2, [r3]
 4107 0052 22F00102 		bic	r2, r2, #1
 4108 0056 1A60     		str	r2, [r3]
 4109              	.L334:
1634:Drivers/STM32F4xx_HAL_Driver/Src/stm32f4xx_hal_tim_ex.c **** 
 4110              		.loc 1 1634 3 discriminator 5 view .LVU1182
1637:Drivers/STM32F4xx_HAL_Driver/Src/stm32f4xx_hal_tim_ex.c ****   TIM_CHANNEL_STATE_SET(htim, TIM_CHANNEL_2, HAL_TIM_CHANNEL_STATE_READY);
 4111              		.loc 1 1637 3 view .LVU1183
 4112 0058 0123     		movs	r3, #1
 4113 005a 84F83E30 		strb	r3, [r4, #62]
1638:Drivers/STM32F4xx_HAL_Driver/Src/stm32f4xx_hal_tim_ex.c ****   TIM_CHANNEL_N_STATE_SET(htim, TIM_CHANNEL_1, HAL_TIM_CHANNEL_STATE_READY);
 4114              		.loc 1 1638 3 view .LVU1184
 4115 005e 84F83F30 		strb	r3, [r4, #63]
1639:Drivers/STM32F4xx_HAL_Driver/Src/stm32f4xx_hal_tim_ex.c ****   TIM_CHANNEL_N_STATE_SET(htim, TIM_CHANNEL_2, HAL_TIM_CHANNEL_STATE_READY);
 4116              		.loc 1 1639 3 view .LVU1185
 4117 0062 84F84230 		strb	r3, [r4, #66]
1640:Drivers/STM32F4xx_HAL_Driver/Src/stm32f4xx_hal_tim_ex.c **** 
 4118              		.loc 1 1640 3 view .LVU1186
 4119 0066 84F84330 		strb	r3, [r4, #67]
ARM GAS  C:\Users\pablo\AppData\Local\Temp\ccRGdM61.s 			page 135


1643:Drivers/STM32F4xx_HAL_Driver/Src/stm32f4xx_hal_tim_ex.c **** }
 4120              		.loc 1 1643 3 view .LVU1187
1644:Drivers/STM32F4xx_HAL_Driver/Src/stm32f4xx_hal_tim_ex.c **** 
 4121              		.loc 1 1644 1 is_stmt 0 view .LVU1188
 4122 006a 0020     		movs	r0, #0
 4123 006c 38BD     		pop	{r3, r4, r5, pc}
 4124              	.LVL292:
 4125              	.L335:
1621:Drivers/STM32F4xx_HAL_Driver/Src/stm32f4xx_hal_tim_ex.c **** 
 4126              		.loc 1 1621 77 discriminator 2 view .LVU1189
 4127 006e 0025     		movs	r5, #0
 4128 0070 CBE7     		b	.L332
 4129              		.cfi_endproc
 4130              	.LFE157:
 4132              		.section	.text.HAL_TIMEx_OnePulseN_Start_IT,"ax",%progbits
 4133              		.align	1
 4134              		.global	HAL_TIMEx_OnePulseN_Start_IT
 4135              		.syntax unified
 4136              		.thumb
 4137              		.thumb_func
 4139              	HAL_TIMEx_OnePulseN_Start_IT:
 4140              	.LVL293:
 4141              	.LFB158:
1659:Drivers/STM32F4xx_HAL_Driver/Src/stm32f4xx_hal_tim_ex.c ****   uint32_t input_channel = (OutputChannel == TIM_CHANNEL_1) ? TIM_CHANNEL_2 : TIM_CHANNEL_1;
 4142              		.loc 1 1659 1 is_stmt 1 view -0
 4143              		.cfi_startproc
 4144              		@ args = 0, pretend = 0, frame = 0
 4145              		@ frame_needed = 0, uses_anonymous_args = 0
1659:Drivers/STM32F4xx_HAL_Driver/Src/stm32f4xx_hal_tim_ex.c ****   uint32_t input_channel = (OutputChannel == TIM_CHANNEL_1) ? TIM_CHANNEL_2 : TIM_CHANNEL_1;
 4146              		.loc 1 1659 1 is_stmt 0 view .LVU1191
 4147 0000 70B5     		push	{r4, r5, r6, lr}
 4148              	.LCFI28:
 4149              		.cfi_def_cfa_offset 16
 4150              		.cfi_offset 4, -16
 4151              		.cfi_offset 5, -12
 4152              		.cfi_offset 6, -8
 4153              		.cfi_offset 14, -4
 4154 0002 0446     		mov	r4, r0
1660:Drivers/STM32F4xx_HAL_Driver/Src/stm32f4xx_hal_tim_ex.c ****   HAL_TIM_ChannelStateTypeDef channel_1_state = TIM_CHANNEL_STATE_GET(htim, TIM_CHANNEL_1);
 4155              		.loc 1 1660 3 is_stmt 1 view .LVU1192
1660:Drivers/STM32F4xx_HAL_Driver/Src/stm32f4xx_hal_tim_ex.c ****   HAL_TIM_ChannelStateTypeDef channel_1_state = TIM_CHANNEL_STATE_GET(htim, TIM_CHANNEL_1);
 4156              		.loc 1 1660 77 is_stmt 0 view .LVU1193
 4157 0004 0E46     		mov	r6, r1
 4158 0006 D1B9     		cbnz	r1, .L340
1660:Drivers/STM32F4xx_HAL_Driver/Src/stm32f4xx_hal_tim_ex.c ****   HAL_TIM_ChannelStateTypeDef channel_1_state = TIM_CHANNEL_STATE_GET(htim, TIM_CHANNEL_1);
 4159              		.loc 1 1660 77 discriminator 1 view .LVU1194
 4160 0008 0425     		movs	r5, #4
 4161              	.L338:
 4162              	.LVL294:
1661:Drivers/STM32F4xx_HAL_Driver/Src/stm32f4xx_hal_tim_ex.c ****   HAL_TIM_ChannelStateTypeDef channel_2_state = TIM_CHANNEL_STATE_GET(htim, TIM_CHANNEL_2);
 4163              		.loc 1 1661 3 is_stmt 1 view .LVU1195
1661:Drivers/STM32F4xx_HAL_Driver/Src/stm32f4xx_hal_tim_ex.c ****   HAL_TIM_ChannelStateTypeDef channel_2_state = TIM_CHANNEL_STATE_GET(htim, TIM_CHANNEL_2);
 4164              		.loc 1 1661 31 is_stmt 0 view .LVU1196
 4165 000a 94F83EE0 		ldrb	lr, [r4, #62]	@ zero_extendqisi2
 4166 000e 5FFA8EF0 		uxtb	r0, lr
 4167              	.LVL295:
1662:Drivers/STM32F4xx_HAL_Driver/Src/stm32f4xx_hal_tim_ex.c ****   HAL_TIM_ChannelStateTypeDef complementary_channel_1_state = TIM_CHANNEL_N_STATE_GET(htim, TIM_CHA
ARM GAS  C:\Users\pablo\AppData\Local\Temp\ccRGdM61.s 			page 136


 4168              		.loc 1 1662 3 is_stmt 1 view .LVU1197
1662:Drivers/STM32F4xx_HAL_Driver/Src/stm32f4xx_hal_tim_ex.c ****   HAL_TIM_ChannelStateTypeDef complementary_channel_1_state = TIM_CHANNEL_N_STATE_GET(htim, TIM_CHA
 4169              		.loc 1 1662 31 is_stmt 0 view .LVU1198
 4170 0012 94F83F30 		ldrb	r3, [r4, #63]	@ zero_extendqisi2
 4171 0016 DBB2     		uxtb	r3, r3
 4172              	.LVL296:
1663:Drivers/STM32F4xx_HAL_Driver/Src/stm32f4xx_hal_tim_ex.c ****   HAL_TIM_ChannelStateTypeDef complementary_channel_2_state = TIM_CHANNEL_N_STATE_GET(htim, TIM_CHA
 4173              		.loc 1 1663 3 is_stmt 1 view .LVU1199
1663:Drivers/STM32F4xx_HAL_Driver/Src/stm32f4xx_hal_tim_ex.c ****   HAL_TIM_ChannelStateTypeDef complementary_channel_2_state = TIM_CHANNEL_N_STATE_GET(htim, TIM_CHA
 4174              		.loc 1 1663 31 is_stmt 0 view .LVU1200
 4175 0018 94F84220 		ldrb	r2, [r4, #66]	@ zero_extendqisi2
 4176 001c D2B2     		uxtb	r2, r2
 4177              	.LVL297:
1664:Drivers/STM32F4xx_HAL_Driver/Src/stm32f4xx_hal_tim_ex.c **** 
 4178              		.loc 1 1664 3 is_stmt 1 view .LVU1201
1664:Drivers/STM32F4xx_HAL_Driver/Src/stm32f4xx_hal_tim_ex.c **** 
 4179              		.loc 1 1664 31 is_stmt 0 view .LVU1202
 4180 001e 94F843C0 		ldrb	ip, [r4, #67]	@ zero_extendqisi2
 4181 0022 5FFA8CFC 		uxtb	ip, ip
 4182              	.LVL298:
1667:Drivers/STM32F4xx_HAL_Driver/Src/stm32f4xx_hal_tim_ex.c **** 
 4183              		.loc 1 1667 3 is_stmt 1 view .LVU1203
1670:Drivers/STM32F4xx_HAL_Driver/Src/stm32f4xx_hal_tim_ex.c ****       || (channel_2_state != HAL_TIM_CHANNEL_STATE_READY)
 4184              		.loc 1 1670 3 view .LVU1204
1670:Drivers/STM32F4xx_HAL_Driver/Src/stm32f4xx_hal_tim_ex.c ****       || (channel_2_state != HAL_TIM_CHANNEL_STATE_READY)
 4185              		.loc 1 1670 6 is_stmt 0 view .LVU1205
 4186 0026 BEF1010F 		cmp	lr, #1
 4187 002a 2ED1     		bne	.L341
1671:Drivers/STM32F4xx_HAL_Driver/Src/stm32f4xx_hal_tim_ex.c ****       || (complementary_channel_1_state != HAL_TIM_CHANNEL_STATE_READY)
 4188              		.loc 1 1671 7 view .LVU1206
 4189 002c 012B     		cmp	r3, #1
 4190 002e 2DD1     		bne	.L339
1672:Drivers/STM32F4xx_HAL_Driver/Src/stm32f4xx_hal_tim_ex.c ****       || (complementary_channel_2_state != HAL_TIM_CHANNEL_STATE_READY))
 4191              		.loc 1 1672 7 view .LVU1207
 4192 0030 012A     		cmp	r2, #1
 4193 0032 2CD1     		bne	.L342
1673:Drivers/STM32F4xx_HAL_Driver/Src/stm32f4xx_hal_tim_ex.c ****   {
 4194              		.loc 1 1673 7 view .LVU1208
 4195 0034 BCF1010F 		cmp	ip, #1
 4196 0038 03D0     		beq	.L345
1675:Drivers/STM32F4xx_HAL_Driver/Src/stm32f4xx_hal_tim_ex.c ****   }
 4197              		.loc 1 1675 12 view .LVU1209
 4198 003a 1046     		mov	r0, r2
 4199              	.LVL299:
1675:Drivers/STM32F4xx_HAL_Driver/Src/stm32f4xx_hal_tim_ex.c ****   }
 4200              		.loc 1 1675 12 view .LVU1210
 4201 003c 26E0     		b	.L339
 4202              	.LVL300:
 4203              	.L340:
1660:Drivers/STM32F4xx_HAL_Driver/Src/stm32f4xx_hal_tim_ex.c ****   HAL_TIM_ChannelStateTypeDef channel_1_state = TIM_CHANNEL_STATE_GET(htim, TIM_CHANNEL_1);
 4204              		.loc 1 1660 77 discriminator 2 view .LVU1211
 4205 003e 0025     		movs	r5, #0
 4206 0040 E3E7     		b	.L338
 4207              	.LVL301:
 4208              	.L345:
1679:Drivers/STM32F4xx_HAL_Driver/Src/stm32f4xx_hal_tim_ex.c ****   TIM_CHANNEL_STATE_SET(htim, TIM_CHANNEL_2, HAL_TIM_CHANNEL_STATE_BUSY);
 4209              		.loc 1 1679 3 is_stmt 1 view .LVU1212
ARM GAS  C:\Users\pablo\AppData\Local\Temp\ccRGdM61.s 			page 137


 4210 0042 0223     		movs	r3, #2
 4211              	.LVL302:
1679:Drivers/STM32F4xx_HAL_Driver/Src/stm32f4xx_hal_tim_ex.c ****   TIM_CHANNEL_STATE_SET(htim, TIM_CHANNEL_2, HAL_TIM_CHANNEL_STATE_BUSY);
 4212              		.loc 1 1679 3 is_stmt 0 view .LVU1213
 4213 0044 84F83E30 		strb	r3, [r4, #62]
1680:Drivers/STM32F4xx_HAL_Driver/Src/stm32f4xx_hal_tim_ex.c ****   TIM_CHANNEL_N_STATE_SET(htim, TIM_CHANNEL_1, HAL_TIM_CHANNEL_STATE_BUSY);
 4214              		.loc 1 1680 3 is_stmt 1 view .LVU1214
 4215 0048 84F83F30 		strb	r3, [r4, #63]
1681:Drivers/STM32F4xx_HAL_Driver/Src/stm32f4xx_hal_tim_ex.c ****   TIM_CHANNEL_N_STATE_SET(htim, TIM_CHANNEL_2, HAL_TIM_CHANNEL_STATE_BUSY);
 4216              		.loc 1 1681 3 view .LVU1215
 4217 004c 84F84230 		strb	r3, [r4, #66]
1682:Drivers/STM32F4xx_HAL_Driver/Src/stm32f4xx_hal_tim_ex.c **** 
 4218              		.loc 1 1682 3 view .LVU1216
 4219 0050 84F84330 		strb	r3, [r4, #67]
1685:Drivers/STM32F4xx_HAL_Driver/Src/stm32f4xx_hal_tim_ex.c **** 
 4220              		.loc 1 1685 3 view .LVU1217
 4221 0054 2268     		ldr	r2, [r4]
 4222              	.LVL303:
1685:Drivers/STM32F4xx_HAL_Driver/Src/stm32f4xx_hal_tim_ex.c **** 
 4223              		.loc 1 1685 3 is_stmt 0 view .LVU1218
 4224 0056 D368     		ldr	r3, [r2, #12]
 4225 0058 43F00203 		orr	r3, r3, #2
 4226 005c D360     		str	r3, [r2, #12]
1688:Drivers/STM32F4xx_HAL_Driver/Src/stm32f4xx_hal_tim_ex.c **** 
 4227              		.loc 1 1688 3 is_stmt 1 view .LVU1219
 4228 005e 2268     		ldr	r2, [r4]
 4229 0060 D368     		ldr	r3, [r2, #12]
 4230 0062 43F00403 		orr	r3, r3, #4
 4231 0066 D360     		str	r3, [r2, #12]
1691:Drivers/STM32F4xx_HAL_Driver/Src/stm32f4xx_hal_tim_ex.c ****   TIM_CCxChannelCmd(htim->Instance, input_channel, TIM_CCx_ENABLE);
 4232              		.loc 1 1691 3 view .LVU1220
 4233 0068 0422     		movs	r2, #4
 4234 006a 3146     		mov	r1, r6
 4235              	.LVL304:
1691:Drivers/STM32F4xx_HAL_Driver/Src/stm32f4xx_hal_tim_ex.c ****   TIM_CCxChannelCmd(htim->Instance, input_channel, TIM_CCx_ENABLE);
 4236              		.loc 1 1691 3 is_stmt 0 view .LVU1221
 4237 006c 2068     		ldr	r0, [r4]
 4238              	.LVL305:
1691:Drivers/STM32F4xx_HAL_Driver/Src/stm32f4xx_hal_tim_ex.c ****   TIM_CCxChannelCmd(htim->Instance, input_channel, TIM_CCx_ENABLE);
 4239              		.loc 1 1691 3 view .LVU1222
 4240 006e FFF7FEFF 		bl	TIM_CCxNChannelCmd
 4241              	.LVL306:
1692:Drivers/STM32F4xx_HAL_Driver/Src/stm32f4xx_hal_tim_ex.c **** 
 4242              		.loc 1 1692 3 is_stmt 1 view .LVU1223
 4243 0072 0122     		movs	r2, #1
 4244 0074 2946     		mov	r1, r5
 4245 0076 2068     		ldr	r0, [r4]
 4246 0078 FFF7FEFF 		bl	TIM_CCxChannelCmd
 4247              	.LVL307:
1695:Drivers/STM32F4xx_HAL_Driver/Src/stm32f4xx_hal_tim_ex.c **** 
 4248              		.loc 1 1695 3 view .LVU1224
 4249 007c 2268     		ldr	r2, [r4]
 4250 007e 536C     		ldr	r3, [r2, #68]
 4251 0080 43F40043 		orr	r3, r3, #32768
 4252 0084 5364     		str	r3, [r2, #68]
1698:Drivers/STM32F4xx_HAL_Driver/Src/stm32f4xx_hal_tim_ex.c **** }
 4253              		.loc 1 1698 3 view .LVU1225
ARM GAS  C:\Users\pablo\AppData\Local\Temp\ccRGdM61.s 			page 138


1698:Drivers/STM32F4xx_HAL_Driver/Src/stm32f4xx_hal_tim_ex.c **** }
 4254              		.loc 1 1698 10 is_stmt 0 view .LVU1226
 4255 0086 0020     		movs	r0, #0
 4256 0088 00E0     		b	.L339
 4257              	.LVL308:
 4258              	.L341:
1675:Drivers/STM32F4xx_HAL_Driver/Src/stm32f4xx_hal_tim_ex.c ****   }
 4259              		.loc 1 1675 12 view .LVU1227
 4260 008a 0120     		movs	r0, #1
 4261              	.LVL309:
 4262              	.L339:
1699:Drivers/STM32F4xx_HAL_Driver/Src/stm32f4xx_hal_tim_ex.c **** 
 4263              		.loc 1 1699 1 view .LVU1228
 4264 008c 70BD     		pop	{r4, r5, r6, pc}
 4265              	.LVL310:
 4266              	.L342:
1675:Drivers/STM32F4xx_HAL_Driver/Src/stm32f4xx_hal_tim_ex.c ****   }
 4267              		.loc 1 1675 12 view .LVU1229
 4268 008e 1846     		mov	r0, r3
 4269              	.LVL311:
1675:Drivers/STM32F4xx_HAL_Driver/Src/stm32f4xx_hal_tim_ex.c ****   }
 4270              		.loc 1 1675 12 view .LVU1230
 4271 0090 FCE7     		b	.L339
 4272              		.cfi_endproc
 4273              	.LFE158:
 4275              		.section	.text.HAL_TIMEx_OnePulseN_Stop_IT,"ax",%progbits
 4276              		.align	1
 4277              		.global	HAL_TIMEx_OnePulseN_Stop_IT
 4278              		.syntax unified
 4279              		.thumb
 4280              		.thumb_func
 4282              	HAL_TIMEx_OnePulseN_Stop_IT:
 4283              	.LVL312:
 4284              	.LFB159:
1714:Drivers/STM32F4xx_HAL_Driver/Src/stm32f4xx_hal_tim_ex.c ****   uint32_t input_channel = (OutputChannel == TIM_CHANNEL_1) ? TIM_CHANNEL_2 : TIM_CHANNEL_1;
 4285              		.loc 1 1714 1 is_stmt 1 view -0
 4286              		.cfi_startproc
 4287              		@ args = 0, pretend = 0, frame = 0
 4288              		@ frame_needed = 0, uses_anonymous_args = 0
1714:Drivers/STM32F4xx_HAL_Driver/Src/stm32f4xx_hal_tim_ex.c ****   uint32_t input_channel = (OutputChannel == TIM_CHANNEL_1) ? TIM_CHANNEL_2 : TIM_CHANNEL_1;
 4289              		.loc 1 1714 1 is_stmt 0 view .LVU1232
 4290 0000 38B5     		push	{r3, r4, r5, lr}
 4291              	.LCFI29:
 4292              		.cfi_def_cfa_offset 16
 4293              		.cfi_offset 3, -16
 4294              		.cfi_offset 4, -12
 4295              		.cfi_offset 5, -8
 4296              		.cfi_offset 14, -4
 4297 0002 0446     		mov	r4, r0
1715:Drivers/STM32F4xx_HAL_Driver/Src/stm32f4xx_hal_tim_ex.c **** 
 4298              		.loc 1 1715 3 is_stmt 1 view .LVU1233
1715:Drivers/STM32F4xx_HAL_Driver/Src/stm32f4xx_hal_tim_ex.c **** 
 4299              		.loc 1 1715 77 is_stmt 0 view .LVU1234
 4300 0004 0029     		cmp	r1, #0
 4301 0006 3CD1     		bne	.L350
1715:Drivers/STM32F4xx_HAL_Driver/Src/stm32f4xx_hal_tim_ex.c **** 
 4302              		.loc 1 1715 77 discriminator 1 view .LVU1235
ARM GAS  C:\Users\pablo\AppData\Local\Temp\ccRGdM61.s 			page 139


 4303 0008 0425     		movs	r5, #4
 4304              	.L347:
 4305              	.LVL313:
1718:Drivers/STM32F4xx_HAL_Driver/Src/stm32f4xx_hal_tim_ex.c **** 
 4306              		.loc 1 1718 3 is_stmt 1 view .LVU1236
1721:Drivers/STM32F4xx_HAL_Driver/Src/stm32f4xx_hal_tim_ex.c **** 
 4307              		.loc 1 1721 3 view .LVU1237
 4308 000a 2268     		ldr	r2, [r4]
 4309 000c D368     		ldr	r3, [r2, #12]
 4310 000e 23F00203 		bic	r3, r3, #2
 4311 0012 D360     		str	r3, [r2, #12]
1724:Drivers/STM32F4xx_HAL_Driver/Src/stm32f4xx_hal_tim_ex.c **** 
 4312              		.loc 1 1724 3 view .LVU1238
 4313 0014 2268     		ldr	r2, [r4]
 4314 0016 D368     		ldr	r3, [r2, #12]
 4315 0018 23F00403 		bic	r3, r3, #4
 4316 001c D360     		str	r3, [r2, #12]
1727:Drivers/STM32F4xx_HAL_Driver/Src/stm32f4xx_hal_tim_ex.c ****   TIM_CCxChannelCmd(htim->Instance, input_channel, TIM_CCx_DISABLE);
 4317              		.loc 1 1727 3 view .LVU1239
 4318 001e 0022     		movs	r2, #0
 4319 0020 2068     		ldr	r0, [r4]
 4320              	.LVL314:
1727:Drivers/STM32F4xx_HAL_Driver/Src/stm32f4xx_hal_tim_ex.c ****   TIM_CCxChannelCmd(htim->Instance, input_channel, TIM_CCx_DISABLE);
 4321              		.loc 1 1727 3 is_stmt 0 view .LVU1240
 4322 0022 FFF7FEFF 		bl	TIM_CCxNChannelCmd
 4323              	.LVL315:
1728:Drivers/STM32F4xx_HAL_Driver/Src/stm32f4xx_hal_tim_ex.c **** 
 4324              		.loc 1 1728 3 is_stmt 1 view .LVU1241
 4325 0026 0022     		movs	r2, #0
 4326 0028 2946     		mov	r1, r5
 4327 002a 2068     		ldr	r0, [r4]
 4328 002c FFF7FEFF 		bl	TIM_CCxChannelCmd
 4329              	.LVL316:
1731:Drivers/STM32F4xx_HAL_Driver/Src/stm32f4xx_hal_tim_ex.c **** 
 4330              		.loc 1 1731 3 view .LVU1242
1731:Drivers/STM32F4xx_HAL_Driver/Src/stm32f4xx_hal_tim_ex.c **** 
 4331              		.loc 1 1731 3 view .LVU1243
 4332 0030 2368     		ldr	r3, [r4]
 4333 0032 196A     		ldr	r1, [r3, #32]
 4334 0034 41F21112 		movw	r2, #4369
 4335 0038 1142     		tst	r1, r2
 4336 003a 08D1     		bne	.L348
1731:Drivers/STM32F4xx_HAL_Driver/Src/stm32f4xx_hal_tim_ex.c **** 
 4337              		.loc 1 1731 3 discriminator 1 view .LVU1244
 4338 003c 196A     		ldr	r1, [r3, #32]
 4339 003e 40F24442 		movw	r2, #1092
 4340 0042 1142     		tst	r1, r2
 4341 0044 03D1     		bne	.L348
1731:Drivers/STM32F4xx_HAL_Driver/Src/stm32f4xx_hal_tim_ex.c **** 
 4342              		.loc 1 1731 3 discriminator 3 view .LVU1245
 4343 0046 5A6C     		ldr	r2, [r3, #68]
 4344 0048 22F40042 		bic	r2, r2, #32768
 4345 004c 5A64     		str	r2, [r3, #68]
 4346              	.L348:
1731:Drivers/STM32F4xx_HAL_Driver/Src/stm32f4xx_hal_tim_ex.c **** 
 4347              		.loc 1 1731 3 discriminator 5 view .LVU1246
1734:Drivers/STM32F4xx_HAL_Driver/Src/stm32f4xx_hal_tim_ex.c **** 
ARM GAS  C:\Users\pablo\AppData\Local\Temp\ccRGdM61.s 			page 140


 4348              		.loc 1 1734 3 view .LVU1247
1734:Drivers/STM32F4xx_HAL_Driver/Src/stm32f4xx_hal_tim_ex.c **** 
 4349              		.loc 1 1734 3 view .LVU1248
 4350 004e 2368     		ldr	r3, [r4]
 4351 0050 196A     		ldr	r1, [r3, #32]
 4352 0052 41F21112 		movw	r2, #4369
 4353 0056 1142     		tst	r1, r2
 4354 0058 08D1     		bne	.L349
1734:Drivers/STM32F4xx_HAL_Driver/Src/stm32f4xx_hal_tim_ex.c **** 
 4355              		.loc 1 1734 3 discriminator 1 view .LVU1249
 4356 005a 196A     		ldr	r1, [r3, #32]
 4357 005c 40F24442 		movw	r2, #1092
 4358 0060 1142     		tst	r1, r2
 4359 0062 03D1     		bne	.L349
1734:Drivers/STM32F4xx_HAL_Driver/Src/stm32f4xx_hal_tim_ex.c **** 
 4360              		.loc 1 1734 3 discriminator 3 view .LVU1250
 4361 0064 1A68     		ldr	r2, [r3]
 4362 0066 22F00102 		bic	r2, r2, #1
 4363 006a 1A60     		str	r2, [r3]
 4364              	.L349:
1734:Drivers/STM32F4xx_HAL_Driver/Src/stm32f4xx_hal_tim_ex.c **** 
 4365              		.loc 1 1734 3 discriminator 5 view .LVU1251
1737:Drivers/STM32F4xx_HAL_Driver/Src/stm32f4xx_hal_tim_ex.c ****   TIM_CHANNEL_STATE_SET(htim, TIM_CHANNEL_2, HAL_TIM_CHANNEL_STATE_READY);
 4366              		.loc 1 1737 3 view .LVU1252
 4367 006c 0123     		movs	r3, #1
 4368 006e 84F83E30 		strb	r3, [r4, #62]
1738:Drivers/STM32F4xx_HAL_Driver/Src/stm32f4xx_hal_tim_ex.c ****   TIM_CHANNEL_N_STATE_SET(htim, TIM_CHANNEL_1, HAL_TIM_CHANNEL_STATE_READY);
 4369              		.loc 1 1738 3 view .LVU1253
 4370 0072 84F83F30 		strb	r3, [r4, #63]
1739:Drivers/STM32F4xx_HAL_Driver/Src/stm32f4xx_hal_tim_ex.c ****   TIM_CHANNEL_N_STATE_SET(htim, TIM_CHANNEL_2, HAL_TIM_CHANNEL_STATE_READY);
 4371              		.loc 1 1739 3 view .LVU1254
 4372 0076 84F84230 		strb	r3, [r4, #66]
1740:Drivers/STM32F4xx_HAL_Driver/Src/stm32f4xx_hal_tim_ex.c **** 
 4373              		.loc 1 1740 3 view .LVU1255
 4374 007a 84F84330 		strb	r3, [r4, #67]
1743:Drivers/STM32F4xx_HAL_Driver/Src/stm32f4xx_hal_tim_ex.c **** }
 4375              		.loc 1 1743 3 view .LVU1256
1744:Drivers/STM32F4xx_HAL_Driver/Src/stm32f4xx_hal_tim_ex.c **** 
 4376              		.loc 1 1744 1 is_stmt 0 view .LVU1257
 4377 007e 0020     		movs	r0, #0
 4378 0080 38BD     		pop	{r3, r4, r5, pc}
 4379              	.LVL317:
 4380              	.L350:
1715:Drivers/STM32F4xx_HAL_Driver/Src/stm32f4xx_hal_tim_ex.c **** 
 4381              		.loc 1 1715 77 discriminator 2 view .LVU1258
 4382 0082 0025     		movs	r5, #0
 4383 0084 C1E7     		b	.L347
 4384              		.cfi_endproc
 4385              	.LFE159:
 4387              		.section	.text.HAL_TIMEx_ConfigCommutEvent,"ax",%progbits
 4388              		.align	1
 4389              		.global	HAL_TIMEx_ConfigCommutEvent
 4390              		.syntax unified
 4391              		.thumb
 4392              		.thumb_func
 4394              	HAL_TIMEx_ConfigCommutEvent:
 4395              	.LVL318:
ARM GAS  C:\Users\pablo\AppData\Local\Temp\ccRGdM61.s 			page 141


 4396              	.LFB160:
1794:Drivers/STM32F4xx_HAL_Driver/Src/stm32f4xx_hal_tim_ex.c ****   /* Check the parameters */
 4397              		.loc 1 1794 1 is_stmt 1 view -0
 4398              		.cfi_startproc
 4399              		@ args = 0, pretend = 0, frame = 0
 4400              		@ frame_needed = 0, uses_anonymous_args = 0
 4401              		@ link register save eliminated.
1794:Drivers/STM32F4xx_HAL_Driver/Src/stm32f4xx_hal_tim_ex.c ****   /* Check the parameters */
 4402              		.loc 1 1794 1 is_stmt 0 view .LVU1260
 4403 0000 0346     		mov	r3, r0
1796:Drivers/STM32F4xx_HAL_Driver/Src/stm32f4xx_hal_tim_ex.c ****   assert_param(IS_TIM_INTERNAL_TRIGGEREVENT_SELECTION(InputTrigger));
 4404              		.loc 1 1796 3 is_stmt 1 view .LVU1261
1797:Drivers/STM32F4xx_HAL_Driver/Src/stm32f4xx_hal_tim_ex.c **** 
 4405              		.loc 1 1797 3 view .LVU1262
1799:Drivers/STM32F4xx_HAL_Driver/Src/stm32f4xx_hal_tim_ex.c **** 
 4406              		.loc 1 1799 3 view .LVU1263
1799:Drivers/STM32F4xx_HAL_Driver/Src/stm32f4xx_hal_tim_ex.c **** 
 4407              		.loc 1 1799 3 view .LVU1264
 4408 0002 90F83C00 		ldrb	r0, [r0, #60]	@ zero_extendqisi2
 4409              	.LVL319:
1799:Drivers/STM32F4xx_HAL_Driver/Src/stm32f4xx_hal_tim_ex.c **** 
 4410              		.loc 1 1799 3 is_stmt 0 view .LVU1265
 4411 0006 0128     		cmp	r0, #1
 4412 0008 33D0     		beq	.L357
1794:Drivers/STM32F4xx_HAL_Driver/Src/stm32f4xx_hal_tim_ex.c ****   /* Check the parameters */
 4413              		.loc 1 1794 1 view .LVU1266
 4414 000a 10B4     		push	{r4}
 4415              	.LCFI30:
 4416              		.cfi_def_cfa_offset 4
 4417              		.cfi_offset 4, -4
1799:Drivers/STM32F4xx_HAL_Driver/Src/stm32f4xx_hal_tim_ex.c **** 
 4418              		.loc 1 1799 3 is_stmt 1 discriminator 2 view .LVU1267
 4419 000c 0120     		movs	r0, #1
 4420 000e 83F83C00 		strb	r0, [r3, #60]
1799:Drivers/STM32F4xx_HAL_Driver/Src/stm32f4xx_hal_tim_ex.c **** 
 4421              		.loc 1 1799 3 view .LVU1268
1801:Drivers/STM32F4xx_HAL_Driver/Src/stm32f4xx_hal_tim_ex.c ****       (InputTrigger == TIM_TS_ITR2) || (InputTrigger == TIM_TS_ITR3))
 4422              		.loc 1 1801 3 view .LVU1269
 4423 0012 2029     		cmp	r1, #32
 4424 0014 03D0     		beq	.L354
 4425 0016 29D8     		bhi	.L355
 4426 0018 09B1     		cbz	r1, .L354
 4427 001a 1029     		cmp	r1, #16
 4428 001c 08D1     		bne	.L356
 4429              	.L354:
1805:Drivers/STM32F4xx_HAL_Driver/Src/stm32f4xx_hal_tim_ex.c ****     htim->Instance->SMCR |= InputTrigger;
 4430              		.loc 1 1805 5 view .LVU1270
1805:Drivers/STM32F4xx_HAL_Driver/Src/stm32f4xx_hal_tim_ex.c ****     htim->Instance->SMCR |= InputTrigger;
 4431              		.loc 1 1805 9 is_stmt 0 view .LVU1271
 4432 001e 1C68     		ldr	r4, [r3]
1805:Drivers/STM32F4xx_HAL_Driver/Src/stm32f4xx_hal_tim_ex.c ****     htim->Instance->SMCR |= InputTrigger;
 4433              		.loc 1 1805 19 view .LVU1272
 4434 0020 A068     		ldr	r0, [r4, #8]
1805:Drivers/STM32F4xx_HAL_Driver/Src/stm32f4xx_hal_tim_ex.c ****     htim->Instance->SMCR |= InputTrigger;
 4435              		.loc 1 1805 26 view .LVU1273
 4436 0022 20F07000 		bic	r0, r0, #112
 4437 0026 A060     		str	r0, [r4, #8]
ARM GAS  C:\Users\pablo\AppData\Local\Temp\ccRGdM61.s 			page 142


1806:Drivers/STM32F4xx_HAL_Driver/Src/stm32f4xx_hal_tim_ex.c ****   }
 4438              		.loc 1 1806 5 is_stmt 1 view .LVU1274
1806:Drivers/STM32F4xx_HAL_Driver/Src/stm32f4xx_hal_tim_ex.c ****   }
 4439              		.loc 1 1806 9 is_stmt 0 view .LVU1275
 4440 0028 1C68     		ldr	r4, [r3]
1806:Drivers/STM32F4xx_HAL_Driver/Src/stm32f4xx_hal_tim_ex.c ****   }
 4441              		.loc 1 1806 19 view .LVU1276
 4442 002a A068     		ldr	r0, [r4, #8]
1806:Drivers/STM32F4xx_HAL_Driver/Src/stm32f4xx_hal_tim_ex.c ****   }
 4443              		.loc 1 1806 26 view .LVU1277
 4444 002c 0143     		orrs	r1, r1, r0
 4445              	.LVL320:
1806:Drivers/STM32F4xx_HAL_Driver/Src/stm32f4xx_hal_tim_ex.c ****   }
 4446              		.loc 1 1806 26 view .LVU1278
 4447 002e A160     		str	r1, [r4, #8]
 4448              	.L356:
1810:Drivers/STM32F4xx_HAL_Driver/Src/stm32f4xx_hal_tim_ex.c ****   /* Select the Commutation event source */
 4449              		.loc 1 1810 3 is_stmt 1 view .LVU1279
1810:Drivers/STM32F4xx_HAL_Driver/Src/stm32f4xx_hal_tim_ex.c ****   /* Select the Commutation event source */
 4450              		.loc 1 1810 7 is_stmt 0 view .LVU1280
 4451 0030 1868     		ldr	r0, [r3]
1810:Drivers/STM32F4xx_HAL_Driver/Src/stm32f4xx_hal_tim_ex.c ****   /* Select the Commutation event source */
 4452              		.loc 1 1810 17 view .LVU1281
 4453 0032 4168     		ldr	r1, [r0, #4]
1810:Drivers/STM32F4xx_HAL_Driver/Src/stm32f4xx_hal_tim_ex.c ****   /* Select the Commutation event source */
 4454              		.loc 1 1810 23 view .LVU1282
 4455 0034 41F00101 		orr	r1, r1, #1
 4456 0038 4160     		str	r1, [r0, #4]
1812:Drivers/STM32F4xx_HAL_Driver/Src/stm32f4xx_hal_tim_ex.c ****   htim->Instance->CR2 |= CommutationSource;
 4457              		.loc 1 1812 3 is_stmt 1 view .LVU1283
1812:Drivers/STM32F4xx_HAL_Driver/Src/stm32f4xx_hal_tim_ex.c ****   htim->Instance->CR2 |= CommutationSource;
 4458              		.loc 1 1812 7 is_stmt 0 view .LVU1284
 4459 003a 1868     		ldr	r0, [r3]
1812:Drivers/STM32F4xx_HAL_Driver/Src/stm32f4xx_hal_tim_ex.c ****   htim->Instance->CR2 |= CommutationSource;
 4460              		.loc 1 1812 17 view .LVU1285
 4461 003c 4168     		ldr	r1, [r0, #4]
1812:Drivers/STM32F4xx_HAL_Driver/Src/stm32f4xx_hal_tim_ex.c ****   htim->Instance->CR2 |= CommutationSource;
 4462              		.loc 1 1812 23 view .LVU1286
 4463 003e 21F00401 		bic	r1, r1, #4
 4464 0042 4160     		str	r1, [r0, #4]
1813:Drivers/STM32F4xx_HAL_Driver/Src/stm32f4xx_hal_tim_ex.c **** 
 4465              		.loc 1 1813 3 is_stmt 1 view .LVU1287
1813:Drivers/STM32F4xx_HAL_Driver/Src/stm32f4xx_hal_tim_ex.c **** 
 4466              		.loc 1 1813 7 is_stmt 0 view .LVU1288
 4467 0044 1868     		ldr	r0, [r3]
1813:Drivers/STM32F4xx_HAL_Driver/Src/stm32f4xx_hal_tim_ex.c **** 
 4468              		.loc 1 1813 17 view .LVU1289
 4469 0046 4168     		ldr	r1, [r0, #4]
1813:Drivers/STM32F4xx_HAL_Driver/Src/stm32f4xx_hal_tim_ex.c **** 
 4470              		.loc 1 1813 23 view .LVU1290
 4471 0048 0A43     		orrs	r2, r2, r1
 4472              	.LVL321:
1813:Drivers/STM32F4xx_HAL_Driver/Src/stm32f4xx_hal_tim_ex.c **** 
 4473              		.loc 1 1813 23 view .LVU1291
 4474 004a 4260     		str	r2, [r0, #4]
1816:Drivers/STM32F4xx_HAL_Driver/Src/stm32f4xx_hal_tim_ex.c **** 
 4475              		.loc 1 1816 3 is_stmt 1 view .LVU1292
ARM GAS  C:\Users\pablo\AppData\Local\Temp\ccRGdM61.s 			page 143


 4476 004c 1968     		ldr	r1, [r3]
 4477 004e CA68     		ldr	r2, [r1, #12]
 4478 0050 22F02002 		bic	r2, r2, #32
 4479 0054 CA60     		str	r2, [r1, #12]
1819:Drivers/STM32F4xx_HAL_Driver/Src/stm32f4xx_hal_tim_ex.c **** 
 4480              		.loc 1 1819 3 view .LVU1293
 4481 0056 1968     		ldr	r1, [r3]
 4482 0058 CA68     		ldr	r2, [r1, #12]
 4483 005a 22F40052 		bic	r2, r2, #8192
 4484 005e CA60     		str	r2, [r1, #12]
1821:Drivers/STM32F4xx_HAL_Driver/Src/stm32f4xx_hal_tim_ex.c **** 
 4485              		.loc 1 1821 3 view .LVU1294
1821:Drivers/STM32F4xx_HAL_Driver/Src/stm32f4xx_hal_tim_ex.c **** 
 4486              		.loc 1 1821 3 view .LVU1295
 4487 0060 0020     		movs	r0, #0
 4488 0062 83F83C00 		strb	r0, [r3, #60]
1821:Drivers/STM32F4xx_HAL_Driver/Src/stm32f4xx_hal_tim_ex.c **** 
 4489              		.loc 1 1821 3 view .LVU1296
1823:Drivers/STM32F4xx_HAL_Driver/Src/stm32f4xx_hal_tim_ex.c **** }
 4490              		.loc 1 1823 3 view .LVU1297
1824:Drivers/STM32F4xx_HAL_Driver/Src/stm32f4xx_hal_tim_ex.c **** 
 4491              		.loc 1 1824 1 is_stmt 0 view .LVU1298
 4492 0066 5DF8044B 		ldr	r4, [sp], #4
 4493              	.LCFI31:
 4494              		.cfi_remember_state
 4495              		.cfi_restore 4
 4496              		.cfi_def_cfa_offset 0
 4497 006a 7047     		bx	lr
 4498              	.LVL322:
 4499              	.L355:
 4500              	.LCFI32:
 4501              		.cfi_restore_state
1824:Drivers/STM32F4xx_HAL_Driver/Src/stm32f4xx_hal_tim_ex.c **** 
 4502              		.loc 1 1824 1 view .LVU1299
 4503 006c 3029     		cmp	r1, #48
 4504 006e DFD1     		bne	.L356
 4505 0070 D5E7     		b	.L354
 4506              	.L357:
 4507              	.LCFI33:
 4508              		.cfi_def_cfa_offset 0
 4509              		.cfi_restore 4
1799:Drivers/STM32F4xx_HAL_Driver/Src/stm32f4xx_hal_tim_ex.c **** 
 4510              		.loc 1 1799 3 discriminator 1 view .LVU1300
 4511 0072 0220     		movs	r0, #2
1824:Drivers/STM32F4xx_HAL_Driver/Src/stm32f4xx_hal_tim_ex.c **** 
 4512              		.loc 1 1824 1 view .LVU1301
 4513 0074 7047     		bx	lr
 4514              		.cfi_endproc
 4515              	.LFE160:
 4517              		.section	.text.HAL_TIMEx_ConfigCommutEvent_IT,"ax",%progbits
 4518              		.align	1
 4519              		.global	HAL_TIMEx_ConfigCommutEvent_IT
 4520              		.syntax unified
 4521              		.thumb
 4522              		.thumb_func
 4524              	HAL_TIMEx_ConfigCommutEvent_IT:
 4525              	.LVL323:
ARM GAS  C:\Users\pablo\AppData\Local\Temp\ccRGdM61.s 			page 144


 4526              	.LFB161:
1850:Drivers/STM32F4xx_HAL_Driver/Src/stm32f4xx_hal_tim_ex.c ****   /* Check the parameters */
 4527              		.loc 1 1850 1 is_stmt 1 view -0
 4528              		.cfi_startproc
 4529              		@ args = 0, pretend = 0, frame = 0
 4530              		@ frame_needed = 0, uses_anonymous_args = 0
 4531              		@ link register save eliminated.
1850:Drivers/STM32F4xx_HAL_Driver/Src/stm32f4xx_hal_tim_ex.c ****   /* Check the parameters */
 4532              		.loc 1 1850 1 is_stmt 0 view .LVU1303
 4533 0000 0346     		mov	r3, r0
1852:Drivers/STM32F4xx_HAL_Driver/Src/stm32f4xx_hal_tim_ex.c ****   assert_param(IS_TIM_INTERNAL_TRIGGEREVENT_SELECTION(InputTrigger));
 4534              		.loc 1 1852 3 is_stmt 1 view .LVU1304
1853:Drivers/STM32F4xx_HAL_Driver/Src/stm32f4xx_hal_tim_ex.c **** 
 4535              		.loc 1 1853 3 view .LVU1305
1855:Drivers/STM32F4xx_HAL_Driver/Src/stm32f4xx_hal_tim_ex.c **** 
 4536              		.loc 1 1855 3 view .LVU1306
1855:Drivers/STM32F4xx_HAL_Driver/Src/stm32f4xx_hal_tim_ex.c **** 
 4537              		.loc 1 1855 3 view .LVU1307
 4538 0002 90F83C00 		ldrb	r0, [r0, #60]	@ zero_extendqisi2
 4539              	.LVL324:
1855:Drivers/STM32F4xx_HAL_Driver/Src/stm32f4xx_hal_tim_ex.c **** 
 4540              		.loc 1 1855 3 is_stmt 0 view .LVU1308
 4541 0006 0128     		cmp	r0, #1
 4542 0008 33D0     		beq	.L367
1850:Drivers/STM32F4xx_HAL_Driver/Src/stm32f4xx_hal_tim_ex.c ****   /* Check the parameters */
 4543              		.loc 1 1850 1 view .LVU1309
 4544 000a 10B4     		push	{r4}
 4545              	.LCFI34:
 4546              		.cfi_def_cfa_offset 4
 4547              		.cfi_offset 4, -4
1855:Drivers/STM32F4xx_HAL_Driver/Src/stm32f4xx_hal_tim_ex.c **** 
 4548              		.loc 1 1855 3 is_stmt 1 discriminator 2 view .LVU1310
 4549 000c 0120     		movs	r0, #1
 4550 000e 83F83C00 		strb	r0, [r3, #60]
1855:Drivers/STM32F4xx_HAL_Driver/Src/stm32f4xx_hal_tim_ex.c **** 
 4551              		.loc 1 1855 3 view .LVU1311
1857:Drivers/STM32F4xx_HAL_Driver/Src/stm32f4xx_hal_tim_ex.c ****       (InputTrigger == TIM_TS_ITR2) || (InputTrigger == TIM_TS_ITR3))
 4552              		.loc 1 1857 3 view .LVU1312
 4553 0012 2029     		cmp	r1, #32
 4554 0014 03D0     		beq	.L364
 4555 0016 29D8     		bhi	.L365
 4556 0018 09B1     		cbz	r1, .L364
 4557 001a 1029     		cmp	r1, #16
 4558 001c 08D1     		bne	.L366
 4559              	.L364:
1861:Drivers/STM32F4xx_HAL_Driver/Src/stm32f4xx_hal_tim_ex.c ****     htim->Instance->SMCR |= InputTrigger;
 4560              		.loc 1 1861 5 view .LVU1313
1861:Drivers/STM32F4xx_HAL_Driver/Src/stm32f4xx_hal_tim_ex.c ****     htim->Instance->SMCR |= InputTrigger;
 4561              		.loc 1 1861 9 is_stmt 0 view .LVU1314
 4562 001e 1C68     		ldr	r4, [r3]
1861:Drivers/STM32F4xx_HAL_Driver/Src/stm32f4xx_hal_tim_ex.c ****     htim->Instance->SMCR |= InputTrigger;
 4563              		.loc 1 1861 19 view .LVU1315
 4564 0020 A068     		ldr	r0, [r4, #8]
1861:Drivers/STM32F4xx_HAL_Driver/Src/stm32f4xx_hal_tim_ex.c ****     htim->Instance->SMCR |= InputTrigger;
 4565              		.loc 1 1861 26 view .LVU1316
 4566 0022 20F07000 		bic	r0, r0, #112
 4567 0026 A060     		str	r0, [r4, #8]
ARM GAS  C:\Users\pablo\AppData\Local\Temp\ccRGdM61.s 			page 145


1862:Drivers/STM32F4xx_HAL_Driver/Src/stm32f4xx_hal_tim_ex.c ****   }
 4568              		.loc 1 1862 5 is_stmt 1 view .LVU1317
1862:Drivers/STM32F4xx_HAL_Driver/Src/stm32f4xx_hal_tim_ex.c ****   }
 4569              		.loc 1 1862 9 is_stmt 0 view .LVU1318
 4570 0028 1C68     		ldr	r4, [r3]
1862:Drivers/STM32F4xx_HAL_Driver/Src/stm32f4xx_hal_tim_ex.c ****   }
 4571              		.loc 1 1862 19 view .LVU1319
 4572 002a A068     		ldr	r0, [r4, #8]
1862:Drivers/STM32F4xx_HAL_Driver/Src/stm32f4xx_hal_tim_ex.c ****   }
 4573              		.loc 1 1862 26 view .LVU1320
 4574 002c 0143     		orrs	r1, r1, r0
 4575              	.LVL325:
1862:Drivers/STM32F4xx_HAL_Driver/Src/stm32f4xx_hal_tim_ex.c ****   }
 4576              		.loc 1 1862 26 view .LVU1321
 4577 002e A160     		str	r1, [r4, #8]
 4578              	.L366:
1866:Drivers/STM32F4xx_HAL_Driver/Src/stm32f4xx_hal_tim_ex.c ****   /* Select the Commutation event source */
 4579              		.loc 1 1866 3 is_stmt 1 view .LVU1322
1866:Drivers/STM32F4xx_HAL_Driver/Src/stm32f4xx_hal_tim_ex.c ****   /* Select the Commutation event source */
 4580              		.loc 1 1866 7 is_stmt 0 view .LVU1323
 4581 0030 1868     		ldr	r0, [r3]
1866:Drivers/STM32F4xx_HAL_Driver/Src/stm32f4xx_hal_tim_ex.c ****   /* Select the Commutation event source */
 4582              		.loc 1 1866 17 view .LVU1324
 4583 0032 4168     		ldr	r1, [r0, #4]
1866:Drivers/STM32F4xx_HAL_Driver/Src/stm32f4xx_hal_tim_ex.c ****   /* Select the Commutation event source */
 4584              		.loc 1 1866 23 view .LVU1325
 4585 0034 41F00101 		orr	r1, r1, #1
 4586 0038 4160     		str	r1, [r0, #4]
1868:Drivers/STM32F4xx_HAL_Driver/Src/stm32f4xx_hal_tim_ex.c ****   htim->Instance->CR2 |= CommutationSource;
 4587              		.loc 1 1868 3 is_stmt 1 view .LVU1326
1868:Drivers/STM32F4xx_HAL_Driver/Src/stm32f4xx_hal_tim_ex.c ****   htim->Instance->CR2 |= CommutationSource;
 4588              		.loc 1 1868 7 is_stmt 0 view .LVU1327
 4589 003a 1868     		ldr	r0, [r3]
1868:Drivers/STM32F4xx_HAL_Driver/Src/stm32f4xx_hal_tim_ex.c ****   htim->Instance->CR2 |= CommutationSource;
 4590              		.loc 1 1868 17 view .LVU1328
 4591 003c 4168     		ldr	r1, [r0, #4]
1868:Drivers/STM32F4xx_HAL_Driver/Src/stm32f4xx_hal_tim_ex.c ****   htim->Instance->CR2 |= CommutationSource;
 4592              		.loc 1 1868 23 view .LVU1329
 4593 003e 21F00401 		bic	r1, r1, #4
 4594 0042 4160     		str	r1, [r0, #4]
1869:Drivers/STM32F4xx_HAL_Driver/Src/stm32f4xx_hal_tim_ex.c **** 
 4595              		.loc 1 1869 3 is_stmt 1 view .LVU1330
1869:Drivers/STM32F4xx_HAL_Driver/Src/stm32f4xx_hal_tim_ex.c **** 
 4596              		.loc 1 1869 7 is_stmt 0 view .LVU1331
 4597 0044 1868     		ldr	r0, [r3]
1869:Drivers/STM32F4xx_HAL_Driver/Src/stm32f4xx_hal_tim_ex.c **** 
 4598              		.loc 1 1869 17 view .LVU1332
 4599 0046 4168     		ldr	r1, [r0, #4]
1869:Drivers/STM32F4xx_HAL_Driver/Src/stm32f4xx_hal_tim_ex.c **** 
 4600              		.loc 1 1869 23 view .LVU1333
 4601 0048 0A43     		orrs	r2, r2, r1
 4602              	.LVL326:
1869:Drivers/STM32F4xx_HAL_Driver/Src/stm32f4xx_hal_tim_ex.c **** 
 4603              		.loc 1 1869 23 view .LVU1334
 4604 004a 4260     		str	r2, [r0, #4]
1872:Drivers/STM32F4xx_HAL_Driver/Src/stm32f4xx_hal_tim_ex.c **** 
 4605              		.loc 1 1872 3 is_stmt 1 view .LVU1335
ARM GAS  C:\Users\pablo\AppData\Local\Temp\ccRGdM61.s 			page 146


 4606 004c 1968     		ldr	r1, [r3]
 4607 004e CA68     		ldr	r2, [r1, #12]
 4608 0050 22F40052 		bic	r2, r2, #8192
 4609 0054 CA60     		str	r2, [r1, #12]
1875:Drivers/STM32F4xx_HAL_Driver/Src/stm32f4xx_hal_tim_ex.c **** 
 4610              		.loc 1 1875 3 view .LVU1336
 4611 0056 1968     		ldr	r1, [r3]
 4612 0058 CA68     		ldr	r2, [r1, #12]
 4613 005a 42F02002 		orr	r2, r2, #32
 4614 005e CA60     		str	r2, [r1, #12]
1877:Drivers/STM32F4xx_HAL_Driver/Src/stm32f4xx_hal_tim_ex.c **** 
 4615              		.loc 1 1877 3 view .LVU1337
1877:Drivers/STM32F4xx_HAL_Driver/Src/stm32f4xx_hal_tim_ex.c **** 
 4616              		.loc 1 1877 3 view .LVU1338
 4617 0060 0020     		movs	r0, #0
 4618 0062 83F83C00 		strb	r0, [r3, #60]
1877:Drivers/STM32F4xx_HAL_Driver/Src/stm32f4xx_hal_tim_ex.c **** 
 4619              		.loc 1 1877 3 view .LVU1339
1879:Drivers/STM32F4xx_HAL_Driver/Src/stm32f4xx_hal_tim_ex.c **** }
 4620              		.loc 1 1879 3 view .LVU1340
1880:Drivers/STM32F4xx_HAL_Driver/Src/stm32f4xx_hal_tim_ex.c **** 
 4621              		.loc 1 1880 1 is_stmt 0 view .LVU1341
 4622 0066 5DF8044B 		ldr	r4, [sp], #4
 4623              	.LCFI35:
 4624              		.cfi_remember_state
 4625              		.cfi_restore 4
 4626              		.cfi_def_cfa_offset 0
 4627 006a 7047     		bx	lr
 4628              	.LVL327:
 4629              	.L365:
 4630              	.LCFI36:
 4631              		.cfi_restore_state
1880:Drivers/STM32F4xx_HAL_Driver/Src/stm32f4xx_hal_tim_ex.c **** 
 4632              		.loc 1 1880 1 view .LVU1342
 4633 006c 3029     		cmp	r1, #48
 4634 006e DFD1     		bne	.L366
 4635 0070 D5E7     		b	.L364
 4636              	.L367:
 4637              	.LCFI37:
 4638              		.cfi_def_cfa_offset 0
 4639              		.cfi_restore 4
1855:Drivers/STM32F4xx_HAL_Driver/Src/stm32f4xx_hal_tim_ex.c **** 
 4640              		.loc 1 1855 3 discriminator 1 view .LVU1343
 4641 0072 0220     		movs	r0, #2
1880:Drivers/STM32F4xx_HAL_Driver/Src/stm32f4xx_hal_tim_ex.c **** 
 4642              		.loc 1 1880 1 view .LVU1344
 4643 0074 7047     		bx	lr
 4644              		.cfi_endproc
 4645              	.LFE161:
 4647              		.section	.text.HAL_TIMEx_ConfigCommutEvent_DMA,"ax",%progbits
 4648              		.align	1
 4649              		.global	HAL_TIMEx_ConfigCommutEvent_DMA
 4650              		.syntax unified
 4651              		.thumb
 4652              		.thumb_func
 4654              	HAL_TIMEx_ConfigCommutEvent_DMA:
 4655              	.LVL328:
ARM GAS  C:\Users\pablo\AppData\Local\Temp\ccRGdM61.s 			page 147


 4656              	.LFB162:
1907:Drivers/STM32F4xx_HAL_Driver/Src/stm32f4xx_hal_tim_ex.c ****   /* Check the parameters */
 4657              		.loc 1 1907 1 is_stmt 1 view -0
 4658              		.cfi_startproc
 4659              		@ args = 0, pretend = 0, frame = 0
 4660              		@ frame_needed = 0, uses_anonymous_args = 0
 4661              		@ link register save eliminated.
1907:Drivers/STM32F4xx_HAL_Driver/Src/stm32f4xx_hal_tim_ex.c ****   /* Check the parameters */
 4662              		.loc 1 1907 1 is_stmt 0 view .LVU1346
 4663 0000 0346     		mov	r3, r0
1909:Drivers/STM32F4xx_HAL_Driver/Src/stm32f4xx_hal_tim_ex.c ****   assert_param(IS_TIM_INTERNAL_TRIGGEREVENT_SELECTION(InputTrigger));
 4664              		.loc 1 1909 3 is_stmt 1 view .LVU1347
1910:Drivers/STM32F4xx_HAL_Driver/Src/stm32f4xx_hal_tim_ex.c **** 
 4665              		.loc 1 1910 3 view .LVU1348
1912:Drivers/STM32F4xx_HAL_Driver/Src/stm32f4xx_hal_tim_ex.c **** 
 4666              		.loc 1 1912 3 view .LVU1349
1912:Drivers/STM32F4xx_HAL_Driver/Src/stm32f4xx_hal_tim_ex.c **** 
 4667              		.loc 1 1912 3 view .LVU1350
 4668 0002 90F83C00 		ldrb	r0, [r0, #60]	@ zero_extendqisi2
 4669              	.LVL329:
1912:Drivers/STM32F4xx_HAL_Driver/Src/stm32f4xx_hal_tim_ex.c **** 
 4670              		.loc 1 1912 3 is_stmt 0 view .LVU1351
 4671 0006 0128     		cmp	r0, #1
 4672 0008 3CD0     		beq	.L377
1907:Drivers/STM32F4xx_HAL_Driver/Src/stm32f4xx_hal_tim_ex.c ****   /* Check the parameters */
 4673              		.loc 1 1907 1 view .LVU1352
 4674 000a 10B4     		push	{r4}
 4675              	.LCFI38:
 4676              		.cfi_def_cfa_offset 4
 4677              		.cfi_offset 4, -4
1912:Drivers/STM32F4xx_HAL_Driver/Src/stm32f4xx_hal_tim_ex.c **** 
 4678              		.loc 1 1912 3 is_stmt 1 discriminator 2 view .LVU1353
 4679 000c 0120     		movs	r0, #1
 4680 000e 83F83C00 		strb	r0, [r3, #60]
1912:Drivers/STM32F4xx_HAL_Driver/Src/stm32f4xx_hal_tim_ex.c **** 
 4681              		.loc 1 1912 3 view .LVU1354
1914:Drivers/STM32F4xx_HAL_Driver/Src/stm32f4xx_hal_tim_ex.c ****       (InputTrigger == TIM_TS_ITR2) || (InputTrigger == TIM_TS_ITR3))
 4682              		.loc 1 1914 3 view .LVU1355
 4683 0012 2029     		cmp	r1, #32
 4684 0014 03D0     		beq	.L374
 4685 0016 32D8     		bhi	.L375
 4686 0018 09B1     		cbz	r1, .L374
 4687 001a 1029     		cmp	r1, #16
 4688 001c 08D1     		bne	.L376
 4689              	.L374:
1918:Drivers/STM32F4xx_HAL_Driver/Src/stm32f4xx_hal_tim_ex.c ****     htim->Instance->SMCR |= InputTrigger;
 4690              		.loc 1 1918 5 view .LVU1356
1918:Drivers/STM32F4xx_HAL_Driver/Src/stm32f4xx_hal_tim_ex.c ****     htim->Instance->SMCR |= InputTrigger;
 4691              		.loc 1 1918 9 is_stmt 0 view .LVU1357
 4692 001e 1C68     		ldr	r4, [r3]
1918:Drivers/STM32F4xx_HAL_Driver/Src/stm32f4xx_hal_tim_ex.c ****     htim->Instance->SMCR |= InputTrigger;
 4693              		.loc 1 1918 19 view .LVU1358
 4694 0020 A068     		ldr	r0, [r4, #8]
1918:Drivers/STM32F4xx_HAL_Driver/Src/stm32f4xx_hal_tim_ex.c ****     htim->Instance->SMCR |= InputTrigger;
 4695              		.loc 1 1918 26 view .LVU1359
 4696 0022 20F07000 		bic	r0, r0, #112
 4697 0026 A060     		str	r0, [r4, #8]
ARM GAS  C:\Users\pablo\AppData\Local\Temp\ccRGdM61.s 			page 148


1919:Drivers/STM32F4xx_HAL_Driver/Src/stm32f4xx_hal_tim_ex.c ****   }
 4698              		.loc 1 1919 5 is_stmt 1 view .LVU1360
1919:Drivers/STM32F4xx_HAL_Driver/Src/stm32f4xx_hal_tim_ex.c ****   }
 4699              		.loc 1 1919 9 is_stmt 0 view .LVU1361
 4700 0028 1C68     		ldr	r4, [r3]
1919:Drivers/STM32F4xx_HAL_Driver/Src/stm32f4xx_hal_tim_ex.c ****   }
 4701              		.loc 1 1919 19 view .LVU1362
 4702 002a A068     		ldr	r0, [r4, #8]
1919:Drivers/STM32F4xx_HAL_Driver/Src/stm32f4xx_hal_tim_ex.c ****   }
 4703              		.loc 1 1919 26 view .LVU1363
 4704 002c 0143     		orrs	r1, r1, r0
 4705              	.LVL330:
1919:Drivers/STM32F4xx_HAL_Driver/Src/stm32f4xx_hal_tim_ex.c ****   }
 4706              		.loc 1 1919 26 view .LVU1364
 4707 002e A160     		str	r1, [r4, #8]
 4708              	.L376:
1923:Drivers/STM32F4xx_HAL_Driver/Src/stm32f4xx_hal_tim_ex.c ****   /* Select the Commutation event source */
 4709              		.loc 1 1923 3 is_stmt 1 view .LVU1365
1923:Drivers/STM32F4xx_HAL_Driver/Src/stm32f4xx_hal_tim_ex.c ****   /* Select the Commutation event source */
 4710              		.loc 1 1923 7 is_stmt 0 view .LVU1366
 4711 0030 1868     		ldr	r0, [r3]
1923:Drivers/STM32F4xx_HAL_Driver/Src/stm32f4xx_hal_tim_ex.c ****   /* Select the Commutation event source */
 4712              		.loc 1 1923 17 view .LVU1367
 4713 0032 4168     		ldr	r1, [r0, #4]
1923:Drivers/STM32F4xx_HAL_Driver/Src/stm32f4xx_hal_tim_ex.c ****   /* Select the Commutation event source */
 4714              		.loc 1 1923 23 view .LVU1368
 4715 0034 41F00101 		orr	r1, r1, #1
 4716 0038 4160     		str	r1, [r0, #4]
1925:Drivers/STM32F4xx_HAL_Driver/Src/stm32f4xx_hal_tim_ex.c ****   htim->Instance->CR2 |= CommutationSource;
 4717              		.loc 1 1925 3 is_stmt 1 view .LVU1369
1925:Drivers/STM32F4xx_HAL_Driver/Src/stm32f4xx_hal_tim_ex.c ****   htim->Instance->CR2 |= CommutationSource;
 4718              		.loc 1 1925 7 is_stmt 0 view .LVU1370
 4719 003a 1868     		ldr	r0, [r3]
1925:Drivers/STM32F4xx_HAL_Driver/Src/stm32f4xx_hal_tim_ex.c ****   htim->Instance->CR2 |= CommutationSource;
 4720              		.loc 1 1925 17 view .LVU1371
 4721 003c 4168     		ldr	r1, [r0, #4]
1925:Drivers/STM32F4xx_HAL_Driver/Src/stm32f4xx_hal_tim_ex.c ****   htim->Instance->CR2 |= CommutationSource;
 4722              		.loc 1 1925 23 view .LVU1372
 4723 003e 21F00401 		bic	r1, r1, #4
 4724 0042 4160     		str	r1, [r0, #4]
1926:Drivers/STM32F4xx_HAL_Driver/Src/stm32f4xx_hal_tim_ex.c **** 
 4725              		.loc 1 1926 3 is_stmt 1 view .LVU1373
1926:Drivers/STM32F4xx_HAL_Driver/Src/stm32f4xx_hal_tim_ex.c **** 
 4726              		.loc 1 1926 7 is_stmt 0 view .LVU1374
 4727 0044 1868     		ldr	r0, [r3]
1926:Drivers/STM32F4xx_HAL_Driver/Src/stm32f4xx_hal_tim_ex.c **** 
 4728              		.loc 1 1926 17 view .LVU1375
 4729 0046 4168     		ldr	r1, [r0, #4]
1926:Drivers/STM32F4xx_HAL_Driver/Src/stm32f4xx_hal_tim_ex.c **** 
 4730              		.loc 1 1926 23 view .LVU1376
 4731 0048 0A43     		orrs	r2, r2, r1
 4732              	.LVL331:
1926:Drivers/STM32F4xx_HAL_Driver/Src/stm32f4xx_hal_tim_ex.c **** 
 4733              		.loc 1 1926 23 view .LVU1377
 4734 004a 4260     		str	r2, [r0, #4]
1930:Drivers/STM32F4xx_HAL_Driver/Src/stm32f4xx_hal_tim_ex.c ****   htim->hdma[TIM_DMA_ID_COMMUTATION]->XferHalfCpltCallback = TIMEx_DMACommutationHalfCplt;
 4735              		.loc 1 1930 3 is_stmt 1 view .LVU1378
ARM GAS  C:\Users\pablo\AppData\Local\Temp\ccRGdM61.s 			page 149


1930:Drivers/STM32F4xx_HAL_Driver/Src/stm32f4xx_hal_tim_ex.c ****   htim->hdma[TIM_DMA_ID_COMMUTATION]->XferHalfCpltCallback = TIMEx_DMACommutationHalfCplt;
 4736              		.loc 1 1930 13 is_stmt 0 view .LVU1379
 4737 004c 5A6B     		ldr	r2, [r3, #52]
1930:Drivers/STM32F4xx_HAL_Driver/Src/stm32f4xx_hal_tim_ex.c ****   htim->hdma[TIM_DMA_ID_COMMUTATION]->XferHalfCpltCallback = TIMEx_DMACommutationHalfCplt;
 4738              		.loc 1 1930 56 view .LVU1380
 4739 004e 0E49     		ldr	r1, .L382
 4740 0050 D163     		str	r1, [r2, #60]
1931:Drivers/STM32F4xx_HAL_Driver/Src/stm32f4xx_hal_tim_ex.c ****   /* Set the DMA error callback */
 4741              		.loc 1 1931 3 is_stmt 1 view .LVU1381
1931:Drivers/STM32F4xx_HAL_Driver/Src/stm32f4xx_hal_tim_ex.c ****   /* Set the DMA error callback */
 4742              		.loc 1 1931 13 is_stmt 0 view .LVU1382
 4743 0052 5A6B     		ldr	r2, [r3, #52]
1931:Drivers/STM32F4xx_HAL_Driver/Src/stm32f4xx_hal_tim_ex.c ****   /* Set the DMA error callback */
 4744              		.loc 1 1931 60 view .LVU1383
 4745 0054 0D49     		ldr	r1, .L382+4
 4746 0056 1164     		str	r1, [r2, #64]
1933:Drivers/STM32F4xx_HAL_Driver/Src/stm32f4xx_hal_tim_ex.c **** 
 4747              		.loc 1 1933 3 is_stmt 1 view .LVU1384
1933:Drivers/STM32F4xx_HAL_Driver/Src/stm32f4xx_hal_tim_ex.c **** 
 4748              		.loc 1 1933 13 is_stmt 0 view .LVU1385
 4749 0058 5A6B     		ldr	r2, [r3, #52]
1933:Drivers/STM32F4xx_HAL_Driver/Src/stm32f4xx_hal_tim_ex.c **** 
 4750              		.loc 1 1933 57 view .LVU1386
 4751 005a 0D49     		ldr	r1, .L382+8
 4752 005c D164     		str	r1, [r2, #76]
1936:Drivers/STM32F4xx_HAL_Driver/Src/stm32f4xx_hal_tim_ex.c **** 
 4753              		.loc 1 1936 3 is_stmt 1 view .LVU1387
 4754 005e 1968     		ldr	r1, [r3]
 4755 0060 CA68     		ldr	r2, [r1, #12]
 4756 0062 22F02002 		bic	r2, r2, #32
 4757 0066 CA60     		str	r2, [r1, #12]
1939:Drivers/STM32F4xx_HAL_Driver/Src/stm32f4xx_hal_tim_ex.c **** 
 4758              		.loc 1 1939 3 view .LVU1388
 4759 0068 1968     		ldr	r1, [r3]
 4760 006a CA68     		ldr	r2, [r1, #12]
 4761 006c 42F40052 		orr	r2, r2, #8192
 4762 0070 CA60     		str	r2, [r1, #12]
1941:Drivers/STM32F4xx_HAL_Driver/Src/stm32f4xx_hal_tim_ex.c **** 
 4763              		.loc 1 1941 3 view .LVU1389
1941:Drivers/STM32F4xx_HAL_Driver/Src/stm32f4xx_hal_tim_ex.c **** 
 4764              		.loc 1 1941 3 view .LVU1390
 4765 0072 0020     		movs	r0, #0
 4766 0074 83F83C00 		strb	r0, [r3, #60]
1941:Drivers/STM32F4xx_HAL_Driver/Src/stm32f4xx_hal_tim_ex.c **** 
 4767              		.loc 1 1941 3 view .LVU1391
1943:Drivers/STM32F4xx_HAL_Driver/Src/stm32f4xx_hal_tim_ex.c **** }
 4768              		.loc 1 1943 3 view .LVU1392
1944:Drivers/STM32F4xx_HAL_Driver/Src/stm32f4xx_hal_tim_ex.c **** 
 4769              		.loc 1 1944 1 is_stmt 0 view .LVU1393
 4770 0078 5DF8044B 		ldr	r4, [sp], #4
 4771              	.LCFI39:
 4772              		.cfi_remember_state
 4773              		.cfi_restore 4
 4774              		.cfi_def_cfa_offset 0
 4775 007c 7047     		bx	lr
 4776              	.LVL332:
 4777              	.L375:
ARM GAS  C:\Users\pablo\AppData\Local\Temp\ccRGdM61.s 			page 150


 4778              	.LCFI40:
 4779              		.cfi_restore_state
1944:Drivers/STM32F4xx_HAL_Driver/Src/stm32f4xx_hal_tim_ex.c **** 
 4780              		.loc 1 1944 1 view .LVU1394
 4781 007e 3029     		cmp	r1, #48
 4782 0080 D6D1     		bne	.L376
 4783 0082 CCE7     		b	.L374
 4784              	.L377:
 4785              	.LCFI41:
 4786              		.cfi_def_cfa_offset 0
 4787              		.cfi_restore 4
1912:Drivers/STM32F4xx_HAL_Driver/Src/stm32f4xx_hal_tim_ex.c **** 
 4788              		.loc 1 1912 3 discriminator 1 view .LVU1395
 4789 0084 0220     		movs	r0, #2
1944:Drivers/STM32F4xx_HAL_Driver/Src/stm32f4xx_hal_tim_ex.c **** 
 4790              		.loc 1 1944 1 view .LVU1396
 4791 0086 7047     		bx	lr
 4792              	.L383:
 4793              		.align	2
 4794              	.L382:
 4795 0088 00000000 		.word	TIMEx_DMACommutationCplt
 4796 008c 00000000 		.word	TIMEx_DMACommutationHalfCplt
 4797 0090 00000000 		.word	TIM_DMAError
 4798              		.cfi_endproc
 4799              	.LFE162:
 4801              		.section	.text.HAL_TIMEx_MasterConfigSynchronization,"ax",%progbits
 4802              		.align	1
 4803              		.global	HAL_TIMEx_MasterConfigSynchronization
 4804              		.syntax unified
 4805              		.thumb
 4806              		.thumb_func
 4808              	HAL_TIMEx_MasterConfigSynchronization:
 4809              	.LVL333:
 4810              	.LFB163:
1956:Drivers/STM32F4xx_HAL_Driver/Src/stm32f4xx_hal_tim_ex.c ****   uint32_t tmpcr2;
 4811              		.loc 1 1956 1 is_stmt 1 view -0
 4812              		.cfi_startproc
 4813              		@ args = 0, pretend = 0, frame = 0
 4814              		@ frame_needed = 0, uses_anonymous_args = 0
 4815              		@ link register save eliminated.
1957:Drivers/STM32F4xx_HAL_Driver/Src/stm32f4xx_hal_tim_ex.c ****   uint32_t tmpsmcr;
 4816              		.loc 1 1957 3 view .LVU1398
1958:Drivers/STM32F4xx_HAL_Driver/Src/stm32f4xx_hal_tim_ex.c **** 
 4817              		.loc 1 1958 3 view .LVU1399
1961:Drivers/STM32F4xx_HAL_Driver/Src/stm32f4xx_hal_tim_ex.c ****   assert_param(IS_TIM_TRGO_SOURCE(sMasterConfig->MasterOutputTrigger));
 4818              		.loc 1 1961 3 view .LVU1400
1962:Drivers/STM32F4xx_HAL_Driver/Src/stm32f4xx_hal_tim_ex.c ****   assert_param(IS_TIM_MSM_STATE(sMasterConfig->MasterSlaveMode));
 4819              		.loc 1 1962 3 view .LVU1401
1963:Drivers/STM32F4xx_HAL_Driver/Src/stm32f4xx_hal_tim_ex.c **** 
 4820              		.loc 1 1963 3 view .LVU1402
1966:Drivers/STM32F4xx_HAL_Driver/Src/stm32f4xx_hal_tim_ex.c **** 
 4821              		.loc 1 1966 3 view .LVU1403
1966:Drivers/STM32F4xx_HAL_Driver/Src/stm32f4xx_hal_tim_ex.c **** 
 4822              		.loc 1 1966 3 view .LVU1404
 4823 0000 90F83C20 		ldrb	r2, [r0, #60]	@ zero_extendqisi2
 4824 0004 012A     		cmp	r2, #1
 4825 0006 35D0     		beq	.L388
ARM GAS  C:\Users\pablo\AppData\Local\Temp\ccRGdM61.s 			page 151


1956:Drivers/STM32F4xx_HAL_Driver/Src/stm32f4xx_hal_tim_ex.c ****   uint32_t tmpcr2;
 4826              		.loc 1 1956 1 is_stmt 0 view .LVU1405
 4827 0008 10B4     		push	{r4}
 4828              	.LCFI42:
 4829              		.cfi_def_cfa_offset 4
 4830              		.cfi_offset 4, -4
 4831 000a 0346     		mov	r3, r0
1966:Drivers/STM32F4xx_HAL_Driver/Src/stm32f4xx_hal_tim_ex.c **** 
 4832              		.loc 1 1966 3 is_stmt 1 discriminator 2 view .LVU1406
 4833 000c 0122     		movs	r2, #1
 4834 000e 80F83C20 		strb	r2, [r0, #60]
1966:Drivers/STM32F4xx_HAL_Driver/Src/stm32f4xx_hal_tim_ex.c **** 
 4835              		.loc 1 1966 3 view .LVU1407
1969:Drivers/STM32F4xx_HAL_Driver/Src/stm32f4xx_hal_tim_ex.c **** 
 4836              		.loc 1 1969 3 view .LVU1408
1969:Drivers/STM32F4xx_HAL_Driver/Src/stm32f4xx_hal_tim_ex.c **** 
 4837              		.loc 1 1969 15 is_stmt 0 view .LVU1409
 4838 0012 0222     		movs	r2, #2
 4839 0014 80F83D20 		strb	r2, [r0, #61]
1972:Drivers/STM32F4xx_HAL_Driver/Src/stm32f4xx_hal_tim_ex.c **** 
 4840              		.loc 1 1972 3 is_stmt 1 view .LVU1410
1972:Drivers/STM32F4xx_HAL_Driver/Src/stm32f4xx_hal_tim_ex.c **** 
 4841              		.loc 1 1972 16 is_stmt 0 view .LVU1411
 4842 0018 0268     		ldr	r2, [r0]
1972:Drivers/STM32F4xx_HAL_Driver/Src/stm32f4xx_hal_tim_ex.c **** 
 4843              		.loc 1 1972 10 view .LVU1412
 4844 001a 5068     		ldr	r0, [r2, #4]
 4845              	.LVL334:
1975:Drivers/STM32F4xx_HAL_Driver/Src/stm32f4xx_hal_tim_ex.c **** 
 4846              		.loc 1 1975 3 is_stmt 1 view .LVU1413
1975:Drivers/STM32F4xx_HAL_Driver/Src/stm32f4xx_hal_tim_ex.c **** 
 4847              		.loc 1 1975 11 is_stmt 0 view .LVU1414
 4848 001c 9468     		ldr	r4, [r2, #8]
 4849              	.LVL335:
1978:Drivers/STM32F4xx_HAL_Driver/Src/stm32f4xx_hal_tim_ex.c ****   /* Select the TRGO source */
 4850              		.loc 1 1978 3 is_stmt 1 view .LVU1415
1978:Drivers/STM32F4xx_HAL_Driver/Src/stm32f4xx_hal_tim_ex.c ****   /* Select the TRGO source */
 4851              		.loc 1 1978 10 is_stmt 0 view .LVU1416
 4852 001e 20F0700C 		bic	ip, r0, #112
 4853              	.LVL336:
1980:Drivers/STM32F4xx_HAL_Driver/Src/stm32f4xx_hal_tim_ex.c **** 
 4854              		.loc 1 1980 3 is_stmt 1 view .LVU1417
1980:Drivers/STM32F4xx_HAL_Driver/Src/stm32f4xx_hal_tim_ex.c **** 
 4855              		.loc 1 1980 27 is_stmt 0 view .LVU1418
 4856 0022 0868     		ldr	r0, [r1]
1980:Drivers/STM32F4xx_HAL_Driver/Src/stm32f4xx_hal_tim_ex.c **** 
 4857              		.loc 1 1980 10 view .LVU1419
 4858 0024 40EA0C00 		orr	r0, r0, ip
 4859              	.LVL337:
1983:Drivers/STM32F4xx_HAL_Driver/Src/stm32f4xx_hal_tim_ex.c **** 
 4860              		.loc 1 1983 3 is_stmt 1 view .LVU1420
1983:Drivers/STM32F4xx_HAL_Driver/Src/stm32f4xx_hal_tim_ex.c **** 
 4861              		.loc 1 1983 23 is_stmt 0 view .LVU1421
 4862 0028 5060     		str	r0, [r2, #4]
1985:Drivers/STM32F4xx_HAL_Driver/Src/stm32f4xx_hal_tim_ex.c ****   {
 4863              		.loc 1 1985 3 is_stmt 1 view .LVU1422
1985:Drivers/STM32F4xx_HAL_Driver/Src/stm32f4xx_hal_tim_ex.c ****   {
ARM GAS  C:\Users\pablo\AppData\Local\Temp\ccRGdM61.s 			page 152


 4864              		.loc 1 1985 7 is_stmt 0 view .LVU1423
 4865 002a 1A68     		ldr	r2, [r3]
1985:Drivers/STM32F4xx_HAL_Driver/Src/stm32f4xx_hal_tim_ex.c ****   {
 4866              		.loc 1 1985 6 view .LVU1424
 4867 002c 1248     		ldr	r0, .L393
 4868              	.LVL338:
1985:Drivers/STM32F4xx_HAL_Driver/Src/stm32f4xx_hal_tim_ex.c ****   {
 4869              		.loc 1 1985 6 view .LVU1425
 4870 002e 8242     		cmp	r2, r0
 4871 0030 12D0     		beq	.L386
1985:Drivers/STM32F4xx_HAL_Driver/Src/stm32f4xx_hal_tim_ex.c ****   {
 4872              		.loc 1 1985 7 discriminator 1 view .LVU1426
 4873 0032 B2F1804F 		cmp	r2, #1073741824
 4874 0036 0FD0     		beq	.L386
1985:Drivers/STM32F4xx_HAL_Driver/Src/stm32f4xx_hal_tim_ex.c ****   {
 4875              		.loc 1 1985 7 discriminator 2 view .LVU1427
 4876 0038 A0F57C40 		sub	r0, r0, #64512
 4877 003c 8242     		cmp	r2, r0
 4878 003e 0BD0     		beq	.L386
1985:Drivers/STM32F4xx_HAL_Driver/Src/stm32f4xx_hal_tim_ex.c ****   {
 4879              		.loc 1 1985 7 discriminator 3 view .LVU1428
 4880 0040 00F58060 		add	r0, r0, #1024
 4881 0044 8242     		cmp	r2, r0
 4882 0046 07D0     		beq	.L386
1985:Drivers/STM32F4xx_HAL_Driver/Src/stm32f4xx_hal_tim_ex.c ****   {
 4883              		.loc 1 1985 7 discriminator 4 view .LVU1429
 4884 0048 00F58060 		add	r0, r0, #1024
 4885 004c 8242     		cmp	r2, r0
 4886 004e 03D0     		beq	.L386
1985:Drivers/STM32F4xx_HAL_Driver/Src/stm32f4xx_hal_tim_ex.c ****   {
 4887              		.loc 1 1985 7 discriminator 5 view .LVU1430
 4888 0050 00F59A30 		add	r0, r0, #78848
 4889 0054 8242     		cmp	r2, r0
 4890 0056 04D1     		bne	.L387
 4891              	.L386:
1988:Drivers/STM32F4xx_HAL_Driver/Src/stm32f4xx_hal_tim_ex.c ****     /* Set master mode */
 4892              		.loc 1 1988 5 is_stmt 1 view .LVU1431
1988:Drivers/STM32F4xx_HAL_Driver/Src/stm32f4xx_hal_tim_ex.c ****     /* Set master mode */
 4893              		.loc 1 1988 13 is_stmt 0 view .LVU1432
 4894 0058 24F08004 		bic	r4, r4, #128
 4895              	.LVL339:
1990:Drivers/STM32F4xx_HAL_Driver/Src/stm32f4xx_hal_tim_ex.c **** 
 4896              		.loc 1 1990 5 is_stmt 1 view .LVU1433
1990:Drivers/STM32F4xx_HAL_Driver/Src/stm32f4xx_hal_tim_ex.c **** 
 4897              		.loc 1 1990 29 is_stmt 0 view .LVU1434
 4898 005c 4968     		ldr	r1, [r1, #4]
 4899              	.LVL340:
1990:Drivers/STM32F4xx_HAL_Driver/Src/stm32f4xx_hal_tim_ex.c **** 
 4900              		.loc 1 1990 13 view .LVU1435
 4901 005e 2143     		orrs	r1, r1, r4
 4902              	.LVL341:
1993:Drivers/STM32F4xx_HAL_Driver/Src/stm32f4xx_hal_tim_ex.c ****   }
 4903              		.loc 1 1993 5 is_stmt 1 view .LVU1436
1993:Drivers/STM32F4xx_HAL_Driver/Src/stm32f4xx_hal_tim_ex.c ****   }
 4904              		.loc 1 1993 26 is_stmt 0 view .LVU1437
 4905 0060 9160     		str	r1, [r2, #8]
 4906              	.LVL342:
ARM GAS  C:\Users\pablo\AppData\Local\Temp\ccRGdM61.s 			page 153


 4907              	.L387:
1997:Drivers/STM32F4xx_HAL_Driver/Src/stm32f4xx_hal_tim_ex.c **** 
 4908              		.loc 1 1997 3 is_stmt 1 view .LVU1438
1997:Drivers/STM32F4xx_HAL_Driver/Src/stm32f4xx_hal_tim_ex.c **** 
 4909              		.loc 1 1997 15 is_stmt 0 view .LVU1439
 4910 0062 0122     		movs	r2, #1
 4911 0064 83F83D20 		strb	r2, [r3, #61]
1999:Drivers/STM32F4xx_HAL_Driver/Src/stm32f4xx_hal_tim_ex.c **** 
 4912              		.loc 1 1999 3 is_stmt 1 view .LVU1440
1999:Drivers/STM32F4xx_HAL_Driver/Src/stm32f4xx_hal_tim_ex.c **** 
 4913              		.loc 1 1999 3 view .LVU1441
 4914 0068 0020     		movs	r0, #0
 4915 006a 83F83C00 		strb	r0, [r3, #60]
1999:Drivers/STM32F4xx_HAL_Driver/Src/stm32f4xx_hal_tim_ex.c **** 
 4916              		.loc 1 1999 3 view .LVU1442
2001:Drivers/STM32F4xx_HAL_Driver/Src/stm32f4xx_hal_tim_ex.c **** }
 4917              		.loc 1 2001 3 view .LVU1443
2002:Drivers/STM32F4xx_HAL_Driver/Src/stm32f4xx_hal_tim_ex.c **** 
 4918              		.loc 1 2002 1 is_stmt 0 view .LVU1444
 4919 006e 5DF8044B 		ldr	r4, [sp], #4
 4920              	.LCFI43:
 4921              		.cfi_restore 4
 4922              		.cfi_def_cfa_offset 0
 4923 0072 7047     		bx	lr
 4924              	.LVL343:
 4925              	.L388:
1966:Drivers/STM32F4xx_HAL_Driver/Src/stm32f4xx_hal_tim_ex.c **** 
 4926              		.loc 1 1966 3 discriminator 1 view .LVU1445
 4927 0074 0220     		movs	r0, #2
 4928              	.LVL344:
2002:Drivers/STM32F4xx_HAL_Driver/Src/stm32f4xx_hal_tim_ex.c **** 
 4929              		.loc 1 2002 1 view .LVU1446
 4930 0076 7047     		bx	lr
 4931              	.L394:
 4932              		.align	2
 4933              	.L393:
 4934 0078 00000140 		.word	1073807360
 4935              		.cfi_endproc
 4936              	.LFE163:
 4938              		.section	.text.HAL_TIMEx_ConfigBreakDeadTime,"ax",%progbits
 4939              		.align	1
 4940              		.global	HAL_TIMEx_ConfigBreakDeadTime
 4941              		.syntax unified
 4942              		.thumb
 4943              		.thumb_func
 4945              	HAL_TIMEx_ConfigBreakDeadTime:
 4946              	.LVL345:
 4947              	.LFB164:
2017:Drivers/STM32F4xx_HAL_Driver/Src/stm32f4xx_hal_tim_ex.c ****   /* Keep this variable initialized to 0 as it is used to configure BDTR register */
 4948              		.loc 1 2017 1 is_stmt 1 view -0
 4949              		.cfi_startproc
 4950              		@ args = 0, pretend = 0, frame = 0
 4951              		@ frame_needed = 0, uses_anonymous_args = 0
 4952              		@ link register save eliminated.
2017:Drivers/STM32F4xx_HAL_Driver/Src/stm32f4xx_hal_tim_ex.c ****   /* Keep this variable initialized to 0 as it is used to configure BDTR register */
 4953              		.loc 1 2017 1 is_stmt 0 view .LVU1448
 4954 0000 0246     		mov	r2, r0
ARM GAS  C:\Users\pablo\AppData\Local\Temp\ccRGdM61.s 			page 154


2019:Drivers/STM32F4xx_HAL_Driver/Src/stm32f4xx_hal_tim_ex.c **** 
 4955              		.loc 1 2019 3 is_stmt 1 view .LVU1449
 4956              	.LVL346:
2022:Drivers/STM32F4xx_HAL_Driver/Src/stm32f4xx_hal_tim_ex.c ****   assert_param(IS_TIM_OSSR_STATE(sBreakDeadTimeConfig->OffStateRunMode));
 4957              		.loc 1 2022 3 view .LVU1450
2023:Drivers/STM32F4xx_HAL_Driver/Src/stm32f4xx_hal_tim_ex.c ****   assert_param(IS_TIM_OSSI_STATE(sBreakDeadTimeConfig->OffStateIDLEMode));
 4958              		.loc 1 2023 3 view .LVU1451
2024:Drivers/STM32F4xx_HAL_Driver/Src/stm32f4xx_hal_tim_ex.c ****   assert_param(IS_TIM_LOCK_LEVEL(sBreakDeadTimeConfig->LockLevel));
 4959              		.loc 1 2024 3 view .LVU1452
2025:Drivers/STM32F4xx_HAL_Driver/Src/stm32f4xx_hal_tim_ex.c ****   assert_param(IS_TIM_DEADTIME(sBreakDeadTimeConfig->DeadTime));
 4960              		.loc 1 2025 3 view .LVU1453
2026:Drivers/STM32F4xx_HAL_Driver/Src/stm32f4xx_hal_tim_ex.c ****   assert_param(IS_TIM_BREAK_STATE(sBreakDeadTimeConfig->BreakState));
 4961              		.loc 1 2026 3 view .LVU1454
2027:Drivers/STM32F4xx_HAL_Driver/Src/stm32f4xx_hal_tim_ex.c ****   assert_param(IS_TIM_BREAK_POLARITY(sBreakDeadTimeConfig->BreakPolarity));
 4962              		.loc 1 2027 3 view .LVU1455
2028:Drivers/STM32F4xx_HAL_Driver/Src/stm32f4xx_hal_tim_ex.c ****   assert_param(IS_TIM_AUTOMATIC_OUTPUT_STATE(sBreakDeadTimeConfig->AutomaticOutput));
 4963              		.loc 1 2028 3 view .LVU1456
2029:Drivers/STM32F4xx_HAL_Driver/Src/stm32f4xx_hal_tim_ex.c **** 
 4964              		.loc 1 2029 3 view .LVU1457
2032:Drivers/STM32F4xx_HAL_Driver/Src/stm32f4xx_hal_tim_ex.c **** 
 4965              		.loc 1 2032 3 view .LVU1458
2032:Drivers/STM32F4xx_HAL_Driver/Src/stm32f4xx_hal_tim_ex.c **** 
 4966              		.loc 1 2032 3 view .LVU1459
 4967 0002 90F83C30 		ldrb	r3, [r0, #60]	@ zero_extendqisi2
 4968 0006 012B     		cmp	r3, #1
 4969 0008 21D0     		beq	.L397
2032:Drivers/STM32F4xx_HAL_Driver/Src/stm32f4xx_hal_tim_ex.c **** 
 4970              		.loc 1 2032 3 discriminator 2 view .LVU1460
 4971 000a 0123     		movs	r3, #1
 4972 000c 80F83C30 		strb	r3, [r0, #60]
2032:Drivers/STM32F4xx_HAL_Driver/Src/stm32f4xx_hal_tim_ex.c **** 
 4973              		.loc 1 2032 3 view .LVU1461
2038:Drivers/STM32F4xx_HAL_Driver/Src/stm32f4xx_hal_tim_ex.c ****   MODIFY_REG(tmpbdtr, TIM_BDTR_LOCK, sBreakDeadTimeConfig->LockLevel);
 4974              		.loc 1 2038 3 view .LVU1462
 4975 0010 CB68     		ldr	r3, [r1, #12]
 4976              	.LVL347:
2039:Drivers/STM32F4xx_HAL_Driver/Src/stm32f4xx_hal_tim_ex.c ****   MODIFY_REG(tmpbdtr, TIM_BDTR_OSSI, sBreakDeadTimeConfig->OffStateIDLEMode);
 4977              		.loc 1 2039 3 view .LVU1463
 4978 0012 23F44073 		bic	r3, r3, #768
 4979              	.LVL348:
2039:Drivers/STM32F4xx_HAL_Driver/Src/stm32f4xx_hal_tim_ex.c ****   MODIFY_REG(tmpbdtr, TIM_BDTR_OSSI, sBreakDeadTimeConfig->OffStateIDLEMode);
 4980              		.loc 1 2039 3 is_stmt 0 view .LVU1464
 4981 0016 8868     		ldr	r0, [r1, #8]
 4982              	.LVL349:
2039:Drivers/STM32F4xx_HAL_Driver/Src/stm32f4xx_hal_tim_ex.c ****   MODIFY_REG(tmpbdtr, TIM_BDTR_OSSI, sBreakDeadTimeConfig->OffStateIDLEMode);
 4983              		.loc 1 2039 3 view .LVU1465
 4984 0018 0343     		orrs	r3, r3, r0
 4985              	.LVL350:
2040:Drivers/STM32F4xx_HAL_Driver/Src/stm32f4xx_hal_tim_ex.c ****   MODIFY_REG(tmpbdtr, TIM_BDTR_OSSR, sBreakDeadTimeConfig->OffStateRunMode);
 4986              		.loc 1 2040 3 is_stmt 1 view .LVU1466
 4987 001a 23F48063 		bic	r3, r3, #1024
 4988              	.LVL351:
2040:Drivers/STM32F4xx_HAL_Driver/Src/stm32f4xx_hal_tim_ex.c ****   MODIFY_REG(tmpbdtr, TIM_BDTR_OSSR, sBreakDeadTimeConfig->OffStateRunMode);
 4989              		.loc 1 2040 3 is_stmt 0 view .LVU1467
 4990 001e 4868     		ldr	r0, [r1, #4]
 4991              	.LVL352:
2040:Drivers/STM32F4xx_HAL_Driver/Src/stm32f4xx_hal_tim_ex.c ****   MODIFY_REG(tmpbdtr, TIM_BDTR_OSSR, sBreakDeadTimeConfig->OffStateRunMode);
ARM GAS  C:\Users\pablo\AppData\Local\Temp\ccRGdM61.s 			page 155


 4992              		.loc 1 2040 3 view .LVU1468
 4993 0020 0343     		orrs	r3, r3, r0
 4994              	.LVL353:
2041:Drivers/STM32F4xx_HAL_Driver/Src/stm32f4xx_hal_tim_ex.c ****   MODIFY_REG(tmpbdtr, TIM_BDTR_BKE, sBreakDeadTimeConfig->BreakState);
 4995              		.loc 1 2041 3 is_stmt 1 view .LVU1469
 4996 0022 23F40063 		bic	r3, r3, #2048
 4997              	.LVL354:
2041:Drivers/STM32F4xx_HAL_Driver/Src/stm32f4xx_hal_tim_ex.c ****   MODIFY_REG(tmpbdtr, TIM_BDTR_BKE, sBreakDeadTimeConfig->BreakState);
 4998              		.loc 1 2041 3 is_stmt 0 view .LVU1470
 4999 0026 0868     		ldr	r0, [r1]
 5000              	.LVL355:
2041:Drivers/STM32F4xx_HAL_Driver/Src/stm32f4xx_hal_tim_ex.c ****   MODIFY_REG(tmpbdtr, TIM_BDTR_BKE, sBreakDeadTimeConfig->BreakState);
 5001              		.loc 1 2041 3 view .LVU1471
 5002 0028 0343     		orrs	r3, r3, r0
 5003              	.LVL356:
2042:Drivers/STM32F4xx_HAL_Driver/Src/stm32f4xx_hal_tim_ex.c ****   MODIFY_REG(tmpbdtr, TIM_BDTR_BKP, sBreakDeadTimeConfig->BreakPolarity);
 5004              		.loc 1 2042 3 is_stmt 1 view .LVU1472
 5005 002a 23F48053 		bic	r3, r3, #4096
 5006              	.LVL357:
2042:Drivers/STM32F4xx_HAL_Driver/Src/stm32f4xx_hal_tim_ex.c ****   MODIFY_REG(tmpbdtr, TIM_BDTR_BKP, sBreakDeadTimeConfig->BreakPolarity);
 5007              		.loc 1 2042 3 is_stmt 0 view .LVU1473
 5008 002e 0869     		ldr	r0, [r1, #16]
 5009              	.LVL358:
2042:Drivers/STM32F4xx_HAL_Driver/Src/stm32f4xx_hal_tim_ex.c ****   MODIFY_REG(tmpbdtr, TIM_BDTR_BKP, sBreakDeadTimeConfig->BreakPolarity);
 5010              		.loc 1 2042 3 view .LVU1474
 5011 0030 0343     		orrs	r3, r3, r0
 5012              	.LVL359:
2043:Drivers/STM32F4xx_HAL_Driver/Src/stm32f4xx_hal_tim_ex.c ****   MODIFY_REG(tmpbdtr, TIM_BDTR_AOE, sBreakDeadTimeConfig->AutomaticOutput);
 5013              		.loc 1 2043 3 is_stmt 1 view .LVU1475
 5014 0032 23F40053 		bic	r3, r3, #8192
 5015              	.LVL360:
2043:Drivers/STM32F4xx_HAL_Driver/Src/stm32f4xx_hal_tim_ex.c ****   MODIFY_REG(tmpbdtr, TIM_BDTR_AOE, sBreakDeadTimeConfig->AutomaticOutput);
 5016              		.loc 1 2043 3 is_stmt 0 view .LVU1476
 5017 0036 4869     		ldr	r0, [r1, #20]
 5018              	.LVL361:
2043:Drivers/STM32F4xx_HAL_Driver/Src/stm32f4xx_hal_tim_ex.c ****   MODIFY_REG(tmpbdtr, TIM_BDTR_AOE, sBreakDeadTimeConfig->AutomaticOutput);
 5019              		.loc 1 2043 3 view .LVU1477
 5020 0038 0343     		orrs	r3, r3, r0
 5021              	.LVL362:
2044:Drivers/STM32F4xx_HAL_Driver/Src/stm32f4xx_hal_tim_ex.c **** 
 5022              		.loc 1 2044 3 is_stmt 1 view .LVU1478
 5023 003a 23F48043 		bic	r3, r3, #16384
 5024              	.LVL363:
2044:Drivers/STM32F4xx_HAL_Driver/Src/stm32f4xx_hal_tim_ex.c **** 
 5025              		.loc 1 2044 3 is_stmt 0 view .LVU1479
 5026 003e C969     		ldr	r1, [r1, #28]
 5027              	.LVL364:
2044:Drivers/STM32F4xx_HAL_Driver/Src/stm32f4xx_hal_tim_ex.c **** 
 5028              		.loc 1 2044 3 view .LVU1480
 5029 0040 0B43     		orrs	r3, r3, r1
 5030              	.LVL365:
2048:Drivers/STM32F4xx_HAL_Driver/Src/stm32f4xx_hal_tim_ex.c **** 
 5031              		.loc 1 2048 3 is_stmt 1 view .LVU1481
2048:Drivers/STM32F4xx_HAL_Driver/Src/stm32f4xx_hal_tim_ex.c **** 
 5032              		.loc 1 2048 7 is_stmt 0 view .LVU1482
 5033 0042 1168     		ldr	r1, [r2]
2048:Drivers/STM32F4xx_HAL_Driver/Src/stm32f4xx_hal_tim_ex.c **** 
ARM GAS  C:\Users\pablo\AppData\Local\Temp\ccRGdM61.s 			page 156


 5034              		.loc 1 2048 24 view .LVU1483
 5035 0044 4B64     		str	r3, [r1, #68]
2050:Drivers/STM32F4xx_HAL_Driver/Src/stm32f4xx_hal_tim_ex.c **** 
 5036              		.loc 1 2050 3 is_stmt 1 view .LVU1484
2050:Drivers/STM32F4xx_HAL_Driver/Src/stm32f4xx_hal_tim_ex.c **** 
 5037              		.loc 1 2050 3 view .LVU1485
 5038 0046 0020     		movs	r0, #0
 5039 0048 82F83C00 		strb	r0, [r2, #60]
2050:Drivers/STM32F4xx_HAL_Driver/Src/stm32f4xx_hal_tim_ex.c **** 
 5040              		.loc 1 2050 3 view .LVU1486
2052:Drivers/STM32F4xx_HAL_Driver/Src/stm32f4xx_hal_tim_ex.c **** }
 5041              		.loc 1 2052 3 view .LVU1487
2052:Drivers/STM32F4xx_HAL_Driver/Src/stm32f4xx_hal_tim_ex.c **** }
 5042              		.loc 1 2052 10 is_stmt 0 view .LVU1488
 5043 004c 7047     		bx	lr
 5044              	.LVL366:
 5045              	.L397:
2032:Drivers/STM32F4xx_HAL_Driver/Src/stm32f4xx_hal_tim_ex.c **** 
 5046              		.loc 1 2032 3 discriminator 1 view .LVU1489
 5047 004e 0220     		movs	r0, #2
 5048              	.LVL367:
2053:Drivers/STM32F4xx_HAL_Driver/Src/stm32f4xx_hal_tim_ex.c **** 
 5049              		.loc 1 2053 1 view .LVU1490
 5050 0050 7047     		bx	lr
 5051              		.cfi_endproc
 5052              	.LFE164:
 5054              		.section	.text.HAL_TIMEx_RemapConfig,"ax",%progbits
 5055              		.align	1
 5056              		.global	HAL_TIMEx_RemapConfig
 5057              		.syntax unified
 5058              		.thumb
 5059              		.thumb_func
 5061              	HAL_TIMEx_RemapConfig:
 5062              	.LVL368:
 5063              	.LFB165:
2092:Drivers/STM32F4xx_HAL_Driver/Src/stm32f4xx_hal_tim_ex.c ****   /* Check parameters */
 5064              		.loc 1 2092 1 is_stmt 1 view -0
 5065              		.cfi_startproc
 5066              		@ args = 0, pretend = 0, frame = 0
 5067              		@ frame_needed = 0, uses_anonymous_args = 0
 5068              		@ link register save eliminated.
2094:Drivers/STM32F4xx_HAL_Driver/Src/stm32f4xx_hal_tim_ex.c **** 
 5069              		.loc 1 2094 3 view .LVU1492
2096:Drivers/STM32F4xx_HAL_Driver/Src/stm32f4xx_hal_tim_ex.c **** 
 5070              		.loc 1 2096 3 view .LVU1493
2096:Drivers/STM32F4xx_HAL_Driver/Src/stm32f4xx_hal_tim_ex.c **** 
 5071              		.loc 1 2096 3 view .LVU1494
 5072 0000 90F83C30 		ldrb	r3, [r0, #60]	@ zero_extendqisi2
 5073 0004 012B     		cmp	r3, #1
 5074 0006 09D0     		beq	.L400
2096:Drivers/STM32F4xx_HAL_Driver/Src/stm32f4xx_hal_tim_ex.c **** 
 5075              		.loc 1 2096 3 discriminator 2 view .LVU1495
 5076 0008 0123     		movs	r3, #1
 5077 000a 80F83C30 		strb	r3, [r0, #60]
2096:Drivers/STM32F4xx_HAL_Driver/Src/stm32f4xx_hal_tim_ex.c **** 
 5078              		.loc 1 2096 3 view .LVU1496
2114:Drivers/STM32F4xx_HAL_Driver/Src/stm32f4xx_hal_tim_ex.c **** #endif /* LPTIM_OR_TIM1_ITR2_RMP &&  LPTIM_OR_TIM5_ITR1_RMP && LPTIM_OR_TIM9_ITR1_RMP */
ARM GAS  C:\Users\pablo\AppData\Local\Temp\ccRGdM61.s 			page 157


 5079              		.loc 1 2114 3 view .LVU1497
 5080 000e 0368     		ldr	r3, [r0]
 5081 0010 1965     		str	r1, [r3, #80]
2117:Drivers/STM32F4xx_HAL_Driver/Src/stm32f4xx_hal_tim_ex.c **** 
 5082              		.loc 1 2117 3 view .LVU1498
2117:Drivers/STM32F4xx_HAL_Driver/Src/stm32f4xx_hal_tim_ex.c **** 
 5083              		.loc 1 2117 3 view .LVU1499
 5084 0012 0023     		movs	r3, #0
 5085 0014 80F83C30 		strb	r3, [r0, #60]
2117:Drivers/STM32F4xx_HAL_Driver/Src/stm32f4xx_hal_tim_ex.c **** 
 5086              		.loc 1 2117 3 view .LVU1500
2119:Drivers/STM32F4xx_HAL_Driver/Src/stm32f4xx_hal_tim_ex.c **** }
 5087              		.loc 1 2119 3 view .LVU1501
2119:Drivers/STM32F4xx_HAL_Driver/Src/stm32f4xx_hal_tim_ex.c **** }
 5088              		.loc 1 2119 10 is_stmt 0 view .LVU1502
 5089 0018 1846     		mov	r0, r3
 5090              	.LVL369:
2119:Drivers/STM32F4xx_HAL_Driver/Src/stm32f4xx_hal_tim_ex.c **** }
 5091              		.loc 1 2119 10 view .LVU1503
 5092 001a 7047     		bx	lr
 5093              	.LVL370:
 5094              	.L400:
2096:Drivers/STM32F4xx_HAL_Driver/Src/stm32f4xx_hal_tim_ex.c **** 
 5095              		.loc 1 2096 3 discriminator 1 view .LVU1504
 5096 001c 0220     		movs	r0, #2
 5097              	.LVL371:
2120:Drivers/STM32F4xx_HAL_Driver/Src/stm32f4xx_hal_tim_ex.c **** 
 5098              		.loc 1 2120 1 view .LVU1505
 5099 001e 7047     		bx	lr
 5100              		.cfi_endproc
 5101              	.LFE165:
 5103              		.section	.text.HAL_TIMEx_CommutCallback,"ax",%progbits
 5104              		.align	1
 5105              		.weak	HAL_TIMEx_CommutCallback
 5106              		.syntax unified
 5107              		.thumb
 5108              		.thumb_func
 5110              	HAL_TIMEx_CommutCallback:
 5111              	.LVL372:
 5112              	.LFB166:
2148:Drivers/STM32F4xx_HAL_Driver/Src/stm32f4xx_hal_tim_ex.c ****   /* Prevent unused argument(s) compilation warning */
 5113              		.loc 1 2148 1 is_stmt 1 view -0
 5114              		.cfi_startproc
 5115              		@ args = 0, pretend = 0, frame = 0
 5116              		@ frame_needed = 0, uses_anonymous_args = 0
 5117              		@ link register save eliminated.
2150:Drivers/STM32F4xx_HAL_Driver/Src/stm32f4xx_hal_tim_ex.c **** 
 5118              		.loc 1 2150 3 view .LVU1507
2155:Drivers/STM32F4xx_HAL_Driver/Src/stm32f4xx_hal_tim_ex.c **** /**
 5119              		.loc 1 2155 1 is_stmt 0 view .LVU1508
 5120 0000 7047     		bx	lr
 5121              		.cfi_endproc
 5122              	.LFE166:
 5124              		.section	.text.TIMEx_DMACommutationCplt,"ax",%progbits
 5125              		.align	1
 5126              		.global	TIMEx_DMACommutationCplt
 5127              		.syntax unified
ARM GAS  C:\Users\pablo\AppData\Local\Temp\ccRGdM61.s 			page 158


 5128              		.thumb
 5129              		.thumb_func
 5131              	TIMEx_DMACommutationCplt:
 5132              	.LVL373:
 5133              	.LFB171:
2254:Drivers/STM32F4xx_HAL_Driver/Src/stm32f4xx_hal_tim_ex.c ****   TIM_HandleTypeDef *htim = (TIM_HandleTypeDef *)((DMA_HandleTypeDef *)hdma)->Parent;
 5134              		.loc 1 2254 1 is_stmt 1 view -0
 5135              		.cfi_startproc
 5136              		@ args = 0, pretend = 0, frame = 0
 5137              		@ frame_needed = 0, uses_anonymous_args = 0
2254:Drivers/STM32F4xx_HAL_Driver/Src/stm32f4xx_hal_tim_ex.c ****   TIM_HandleTypeDef *htim = (TIM_HandleTypeDef *)((DMA_HandleTypeDef *)hdma)->Parent;
 5138              		.loc 1 2254 1 is_stmt 0 view .LVU1510
 5139 0000 08B5     		push	{r3, lr}
 5140              	.LCFI44:
 5141              		.cfi_def_cfa_offset 8
 5142              		.cfi_offset 3, -8
 5143              		.cfi_offset 14, -4
2255:Drivers/STM32F4xx_HAL_Driver/Src/stm32f4xx_hal_tim_ex.c **** 
 5144              		.loc 1 2255 3 is_stmt 1 view .LVU1511
2255:Drivers/STM32F4xx_HAL_Driver/Src/stm32f4xx_hal_tim_ex.c **** 
 5145              		.loc 1 2255 22 is_stmt 0 view .LVU1512
 5146 0002 806B     		ldr	r0, [r0, #56]
 5147              	.LVL374:
2258:Drivers/STM32F4xx_HAL_Driver/Src/stm32f4xx_hal_tim_ex.c **** 
 5148              		.loc 1 2258 3 is_stmt 1 view .LVU1513
2258:Drivers/STM32F4xx_HAL_Driver/Src/stm32f4xx_hal_tim_ex.c **** 
 5149              		.loc 1 2258 15 is_stmt 0 view .LVU1514
 5150 0004 0123     		movs	r3, #1
 5151 0006 80F83D30 		strb	r3, [r0, #61]
2263:Drivers/STM32F4xx_HAL_Driver/Src/stm32f4xx_hal_tim_ex.c **** #endif /* USE_HAL_TIM_REGISTER_CALLBACKS */
 5152              		.loc 1 2263 3 is_stmt 1 view .LVU1515
 5153 000a FFF7FEFF 		bl	HAL_TIMEx_CommutCallback
 5154              	.LVL375:
2265:Drivers/STM32F4xx_HAL_Driver/Src/stm32f4xx_hal_tim_ex.c **** 
 5155              		.loc 1 2265 1 is_stmt 0 view .LVU1516
 5156 000e 08BD     		pop	{r3, pc}
 5157              		.cfi_endproc
 5158              	.LFE171:
 5160              		.section	.text.HAL_TIMEx_CommutHalfCpltCallback,"ax",%progbits
 5161              		.align	1
 5162              		.weak	HAL_TIMEx_CommutHalfCpltCallback
 5163              		.syntax unified
 5164              		.thumb
 5165              		.thumb_func
 5167              	HAL_TIMEx_CommutHalfCpltCallback:
 5168              	.LVL376:
 5169              	.LFB167:
2162:Drivers/STM32F4xx_HAL_Driver/Src/stm32f4xx_hal_tim_ex.c ****   /* Prevent unused argument(s) compilation warning */
 5170              		.loc 1 2162 1 is_stmt 1 view -0
 5171              		.cfi_startproc
 5172              		@ args = 0, pretend = 0, frame = 0
 5173              		@ frame_needed = 0, uses_anonymous_args = 0
 5174              		@ link register save eliminated.
2164:Drivers/STM32F4xx_HAL_Driver/Src/stm32f4xx_hal_tim_ex.c **** 
 5175              		.loc 1 2164 3 view .LVU1518
2169:Drivers/STM32F4xx_HAL_Driver/Src/stm32f4xx_hal_tim_ex.c **** 
 5176              		.loc 1 2169 1 is_stmt 0 view .LVU1519
ARM GAS  C:\Users\pablo\AppData\Local\Temp\ccRGdM61.s 			page 159


 5177 0000 7047     		bx	lr
 5178              		.cfi_endproc
 5179              	.LFE167:
 5181              		.section	.text.TIMEx_DMACommutationHalfCplt,"ax",%progbits
 5182              		.align	1
 5183              		.global	TIMEx_DMACommutationHalfCplt
 5184              		.syntax unified
 5185              		.thumb
 5186              		.thumb_func
 5188              	TIMEx_DMACommutationHalfCplt:
 5189              	.LVL377:
 5190              	.LFB172:
2273:Drivers/STM32F4xx_HAL_Driver/Src/stm32f4xx_hal_tim_ex.c ****   TIM_HandleTypeDef *htim = (TIM_HandleTypeDef *)((DMA_HandleTypeDef *)hdma)->Parent;
 5191              		.loc 1 2273 1 is_stmt 1 view -0
 5192              		.cfi_startproc
 5193              		@ args = 0, pretend = 0, frame = 0
 5194              		@ frame_needed = 0, uses_anonymous_args = 0
2273:Drivers/STM32F4xx_HAL_Driver/Src/stm32f4xx_hal_tim_ex.c ****   TIM_HandleTypeDef *htim = (TIM_HandleTypeDef *)((DMA_HandleTypeDef *)hdma)->Parent;
 5195              		.loc 1 2273 1 is_stmt 0 view .LVU1521
 5196 0000 08B5     		push	{r3, lr}
 5197              	.LCFI45:
 5198              		.cfi_def_cfa_offset 8
 5199              		.cfi_offset 3, -8
 5200              		.cfi_offset 14, -4
2274:Drivers/STM32F4xx_HAL_Driver/Src/stm32f4xx_hal_tim_ex.c **** 
 5201              		.loc 1 2274 3 is_stmt 1 view .LVU1522
2274:Drivers/STM32F4xx_HAL_Driver/Src/stm32f4xx_hal_tim_ex.c **** 
 5202              		.loc 1 2274 22 is_stmt 0 view .LVU1523
 5203 0002 806B     		ldr	r0, [r0, #56]
 5204              	.LVL378:
2277:Drivers/STM32F4xx_HAL_Driver/Src/stm32f4xx_hal_tim_ex.c **** 
 5205              		.loc 1 2277 3 is_stmt 1 view .LVU1524
2277:Drivers/STM32F4xx_HAL_Driver/Src/stm32f4xx_hal_tim_ex.c **** 
 5206              		.loc 1 2277 15 is_stmt 0 view .LVU1525
 5207 0004 0123     		movs	r3, #1
 5208 0006 80F83D30 		strb	r3, [r0, #61]
2282:Drivers/STM32F4xx_HAL_Driver/Src/stm32f4xx_hal_tim_ex.c **** #endif /* USE_HAL_TIM_REGISTER_CALLBACKS */
 5209              		.loc 1 2282 3 is_stmt 1 view .LVU1526
 5210 000a FFF7FEFF 		bl	HAL_TIMEx_CommutHalfCpltCallback
 5211              	.LVL379:
2284:Drivers/STM32F4xx_HAL_Driver/Src/stm32f4xx_hal_tim_ex.c **** 
 5212              		.loc 1 2284 1 is_stmt 0 view .LVU1527
 5213 000e 08BD     		pop	{r3, pc}
 5214              		.cfi_endproc
 5215              	.LFE172:
 5217              		.section	.text.HAL_TIMEx_BreakCallback,"ax",%progbits
 5218              		.align	1
 5219              		.weak	HAL_TIMEx_BreakCallback
 5220              		.syntax unified
 5221              		.thumb
 5222              		.thumb_func
 5224              	HAL_TIMEx_BreakCallback:
 5225              	.LVL380:
 5226              	.LFB168:
2177:Drivers/STM32F4xx_HAL_Driver/Src/stm32f4xx_hal_tim_ex.c ****   /* Prevent unused argument(s) compilation warning */
 5227              		.loc 1 2177 1 is_stmt 1 view -0
 5228              		.cfi_startproc
ARM GAS  C:\Users\pablo\AppData\Local\Temp\ccRGdM61.s 			page 160


 5229              		@ args = 0, pretend = 0, frame = 0
 5230              		@ frame_needed = 0, uses_anonymous_args = 0
 5231              		@ link register save eliminated.
2179:Drivers/STM32F4xx_HAL_Driver/Src/stm32f4xx_hal_tim_ex.c **** 
 5232              		.loc 1 2179 3 view .LVU1529
2184:Drivers/STM32F4xx_HAL_Driver/Src/stm32f4xx_hal_tim_ex.c **** /**
 5233              		.loc 1 2184 1 is_stmt 0 view .LVU1530
 5234 0000 7047     		bx	lr
 5235              		.cfi_endproc
 5236              	.LFE168:
 5238              		.section	.text.HAL_TIMEx_HallSensor_GetState,"ax",%progbits
 5239              		.align	1
 5240              		.global	HAL_TIMEx_HallSensor_GetState
 5241              		.syntax unified
 5242              		.thumb
 5243              		.thumb_func
 5245              	HAL_TIMEx_HallSensor_GetState:
 5246              	.LVL381:
 5247              	.LFB169:
2210:Drivers/STM32F4xx_HAL_Driver/Src/stm32f4xx_hal_tim_ex.c ****   return htim->State;
 5248              		.loc 1 2210 1 is_stmt 1 view -0
 5249              		.cfi_startproc
 5250              		@ args = 0, pretend = 0, frame = 0
 5251              		@ frame_needed = 0, uses_anonymous_args = 0
 5252              		@ link register save eliminated.
2211:Drivers/STM32F4xx_HAL_Driver/Src/stm32f4xx_hal_tim_ex.c **** }
 5253              		.loc 1 2211 3 view .LVU1532
2211:Drivers/STM32F4xx_HAL_Driver/Src/stm32f4xx_hal_tim_ex.c **** }
 5254              		.loc 1 2211 14 is_stmt 0 view .LVU1533
 5255 0000 90F83D00 		ldrb	r0, [r0, #61]	@ zero_extendqisi2
 5256              	.LVL382:
2212:Drivers/STM32F4xx_HAL_Driver/Src/stm32f4xx_hal_tim_ex.c **** 
 5257              		.loc 1 2212 1 view .LVU1534
 5258 0004 7047     		bx	lr
 5259              		.cfi_endproc
 5260              	.LFE169:
 5262              		.section	.text.HAL_TIMEx_GetChannelNState,"ax",%progbits
 5263              		.align	1
 5264              		.global	HAL_TIMEx_GetChannelNState
 5265              		.syntax unified
 5266              		.thumb
 5267              		.thumb_func
 5269              	HAL_TIMEx_GetChannelNState:
 5270              	.LVL383:
 5271              	.LFB170:
2225:Drivers/STM32F4xx_HAL_Driver/Src/stm32f4xx_hal_tim_ex.c ****   HAL_TIM_ChannelStateTypeDef channel_state;
 5272              		.loc 1 2225 1 is_stmt 1 view -0
 5273              		.cfi_startproc
 5274              		@ args = 0, pretend = 0, frame = 0
 5275              		@ frame_needed = 0, uses_anonymous_args = 0
 5276              		@ link register save eliminated.
2226:Drivers/STM32F4xx_HAL_Driver/Src/stm32f4xx_hal_tim_ex.c **** 
 5277              		.loc 1 2226 3 view .LVU1536
2229:Drivers/STM32F4xx_HAL_Driver/Src/stm32f4xx_hal_tim_ex.c **** 
 5278              		.loc 1 2229 3 view .LVU1537
2231:Drivers/STM32F4xx_HAL_Driver/Src/stm32f4xx_hal_tim_ex.c **** 
 5279              		.loc 1 2231 3 view .LVU1538
ARM GAS  C:\Users\pablo\AppData\Local\Temp\ccRGdM61.s 			page 161


2231:Drivers/STM32F4xx_HAL_Driver/Src/stm32f4xx_hal_tim_ex.c **** 
 5280              		.loc 1 2231 19 is_stmt 0 view .LVU1539
 5281 0000 19B9     		cbnz	r1, .L410
2231:Drivers/STM32F4xx_HAL_Driver/Src/stm32f4xx_hal_tim_ex.c **** 
 5282              		.loc 1 2231 19 discriminator 1 view .LVU1540
 5283 0002 90F84200 		ldrb	r0, [r0, #66]	@ zero_extendqisi2
 5284              	.LVL384:
2231:Drivers/STM32F4xx_HAL_Driver/Src/stm32f4xx_hal_tim_ex.c **** 
 5285              		.loc 1 2231 19 discriminator 1 view .LVU1541
 5286 0006 C0B2     		uxtb	r0, r0
 5287 0008 7047     		bx	lr
 5288              	.LVL385:
 5289              	.L410:
2231:Drivers/STM32F4xx_HAL_Driver/Src/stm32f4xx_hal_tim_ex.c **** 
 5290              		.loc 1 2231 19 discriminator 2 view .LVU1542
 5291 000a 0429     		cmp	r1, #4
 5292 000c 05D0     		beq	.L414
2231:Drivers/STM32F4xx_HAL_Driver/Src/stm32f4xx_hal_tim_ex.c **** 
 5293              		.loc 1 2231 19 discriminator 5 view .LVU1543
 5294 000e 0829     		cmp	r1, #8
 5295 0010 07D0     		beq	.L415
2231:Drivers/STM32F4xx_HAL_Driver/Src/stm32f4xx_hal_tim_ex.c **** 
 5296              		.loc 1 2231 19 discriminator 8 view .LVU1544
 5297 0012 90F84500 		ldrb	r0, [r0, #69]	@ zero_extendqisi2
 5298              	.LVL386:
2231:Drivers/STM32F4xx_HAL_Driver/Src/stm32f4xx_hal_tim_ex.c **** 
 5299              		.loc 1 2231 19 discriminator 8 view .LVU1545
 5300 0016 C0B2     		uxtb	r0, r0
 5301              	.LVL387:
2233:Drivers/STM32F4xx_HAL_Driver/Src/stm32f4xx_hal_tim_ex.c **** }
 5302              		.loc 1 2233 3 is_stmt 1 view .LVU1546
2234:Drivers/STM32F4xx_HAL_Driver/Src/stm32f4xx_hal_tim_ex.c **** /**
 5303              		.loc 1 2234 1 is_stmt 0 view .LVU1547
 5304 0018 7047     		bx	lr
 5305              	.LVL388:
 5306              	.L414:
2231:Drivers/STM32F4xx_HAL_Driver/Src/stm32f4xx_hal_tim_ex.c **** 
 5307              		.loc 1 2231 19 discriminator 4 view .LVU1548
 5308 001a 90F84300 		ldrb	r0, [r0, #67]	@ zero_extendqisi2
 5309              	.LVL389:
2231:Drivers/STM32F4xx_HAL_Driver/Src/stm32f4xx_hal_tim_ex.c **** 
 5310              		.loc 1 2231 19 discriminator 4 view .LVU1549
 5311 001e C0B2     		uxtb	r0, r0
 5312 0020 7047     		bx	lr
 5313              	.LVL390:
 5314              	.L415:
2231:Drivers/STM32F4xx_HAL_Driver/Src/stm32f4xx_hal_tim_ex.c **** 
 5315              		.loc 1 2231 19 discriminator 7 view .LVU1550
 5316 0022 90F84400 		ldrb	r0, [r0, #68]	@ zero_extendqisi2
 5317              	.LVL391:
2231:Drivers/STM32F4xx_HAL_Driver/Src/stm32f4xx_hal_tim_ex.c **** 
 5318              		.loc 1 2231 19 discriminator 7 view .LVU1551
 5319 0026 C0B2     		uxtb	r0, r0
 5320 0028 7047     		bx	lr
 5321              		.cfi_endproc
 5322              	.LFE170:
 5324              		.text
ARM GAS  C:\Users\pablo\AppData\Local\Temp\ccRGdM61.s 			page 162


 5325              	.Letext0:
 5326              		.file 2 "C:/Program Files (x86)/Arm GNU Toolchain arm-none-eabi/14.2 rel1/arm-none-eabi/include/ma
 5327              		.file 3 "C:/Program Files (x86)/Arm GNU Toolchain arm-none-eabi/14.2 rel1/arm-none-eabi/include/sy
 5328              		.file 4 "Drivers/CMSIS/Device/ST/STM32F4xx/Include/stm32f411xe.h"
 5329              		.file 5 "Drivers/CMSIS/Device/ST/STM32F4xx/Include/stm32f4xx.h"
 5330              		.file 6 "Drivers/STM32F4xx_HAL_Driver/Inc/stm32f4xx_hal_def.h"
 5331              		.file 7 "Drivers/STM32F4xx_HAL_Driver/Inc/stm32f4xx_hal_dma.h"
 5332              		.file 8 "Drivers/STM32F4xx_HAL_Driver/Inc/stm32f4xx_hal_tim.h"
 5333              		.file 9 "Drivers/STM32F4xx_HAL_Driver/Inc/stm32f4xx_hal_tim_ex.h"
ARM GAS  C:\Users\pablo\AppData\Local\Temp\ccRGdM61.s 			page 163


DEFINED SYMBOLS
                            *ABS*:00000000 stm32f4xx_hal_tim_ex.c
C:\Users\pablo\AppData\Local\Temp\ccRGdM61.s:21     .text.TIM_CCxNChannelCmd:00000000 $t
C:\Users\pablo\AppData\Local\Temp\ccRGdM61.s:26     .text.TIM_CCxNChannelCmd:00000000 TIM_CCxNChannelCmd
C:\Users\pablo\AppData\Local\Temp\ccRGdM61.s:64     .text.TIM_DMAErrorCCxN:00000000 $t
C:\Users\pablo\AppData\Local\Temp\ccRGdM61.s:69     .text.TIM_DMAErrorCCxN:00000000 TIM_DMAErrorCCxN
C:\Users\pablo\AppData\Local\Temp\ccRGdM61.s:149    .text.TIM_DMADelayPulseNCplt:00000000 $t
C:\Users\pablo\AppData\Local\Temp\ccRGdM61.s:154    .text.TIM_DMADelayPulseNCplt:00000000 TIM_DMADelayPulseNCplt
C:\Users\pablo\AppData\Local\Temp\ccRGdM61.s:253    .text.HAL_TIMEx_HallSensor_MspInit:00000000 $t
C:\Users\pablo\AppData\Local\Temp\ccRGdM61.s:259    .text.HAL_TIMEx_HallSensor_MspInit:00000000 HAL_TIMEx_HallSensor_MspInit
C:\Users\pablo\AppData\Local\Temp\ccRGdM61.s:274    .text.HAL_TIMEx_HallSensor_Init:00000000 $t
C:\Users\pablo\AppData\Local\Temp\ccRGdM61.s:280    .text.HAL_TIMEx_HallSensor_Init:00000000 HAL_TIMEx_HallSensor_Init
C:\Users\pablo\AppData\Local\Temp\ccRGdM61.s:497    .text.HAL_TIMEx_HallSensor_MspDeInit:00000000 $t
C:\Users\pablo\AppData\Local\Temp\ccRGdM61.s:503    .text.HAL_TIMEx_HallSensor_MspDeInit:00000000 HAL_TIMEx_HallSensor_MspDeInit
C:\Users\pablo\AppData\Local\Temp\ccRGdM61.s:518    .text.HAL_TIMEx_HallSensor_DeInit:00000000 $t
C:\Users\pablo\AppData\Local\Temp\ccRGdM61.s:524    .text.HAL_TIMEx_HallSensor_DeInit:00000000 HAL_TIMEx_HallSensor_DeInit
C:\Users\pablo\AppData\Local\Temp\ccRGdM61.s:594    .text.HAL_TIMEx_HallSensor_Start:00000000 $t
C:\Users\pablo\AppData\Local\Temp\ccRGdM61.s:600    .text.HAL_TIMEx_HallSensor_Start:00000000 HAL_TIMEx_HallSensor_Start
C:\Users\pablo\AppData\Local\Temp\ccRGdM61.s:749    .text.HAL_TIMEx_HallSensor_Start:000000ac $d
C:\Users\pablo\AppData\Local\Temp\ccRGdM61.s:754    .text.HAL_TIMEx_HallSensor_Stop:00000000 $t
C:\Users\pablo\AppData\Local\Temp\ccRGdM61.s:760    .text.HAL_TIMEx_HallSensor_Stop:00000000 HAL_TIMEx_HallSensor_Stop
C:\Users\pablo\AppData\Local\Temp\ccRGdM61.s:819    .text.HAL_TIMEx_HallSensor_Start_IT:00000000 $t
C:\Users\pablo\AppData\Local\Temp\ccRGdM61.s:825    .text.HAL_TIMEx_HallSensor_Start_IT:00000000 HAL_TIMEx_HallSensor_Start_IT
C:\Users\pablo\AppData\Local\Temp\ccRGdM61.s:982    .text.HAL_TIMEx_HallSensor_Start_IT:000000b8 $d
C:\Users\pablo\AppData\Local\Temp\ccRGdM61.s:987    .text.HAL_TIMEx_HallSensor_Stop_IT:00000000 $t
C:\Users\pablo\AppData\Local\Temp\ccRGdM61.s:993    .text.HAL_TIMEx_HallSensor_Stop_IT:00000000 HAL_TIMEx_HallSensor_Stop_IT
C:\Users\pablo\AppData\Local\Temp\ccRGdM61.s:1057   .text.HAL_TIMEx_HallSensor_Start_DMA:00000000 $t
C:\Users\pablo\AppData\Local\Temp\ccRGdM61.s:1063   .text.HAL_TIMEx_HallSensor_Start_DMA:00000000 HAL_TIMEx_HallSensor_Start_DMA
C:\Users\pablo\AppData\Local\Temp\ccRGdM61.s:1253   .text.HAL_TIMEx_HallSensor_Start_DMA:000000d0 $d
C:\Users\pablo\AppData\Local\Temp\ccRGdM61.s:1261   .text.HAL_TIMEx_HallSensor_Stop_DMA:00000000 $t
C:\Users\pablo\AppData\Local\Temp\ccRGdM61.s:1267   .text.HAL_TIMEx_HallSensor_Stop_DMA:00000000 HAL_TIMEx_HallSensor_Stop_DMA
C:\Users\pablo\AppData\Local\Temp\ccRGdM61.s:1332   .text.HAL_TIMEx_OCN_Start:00000000 $t
C:\Users\pablo\AppData\Local\Temp\ccRGdM61.s:1338   .text.HAL_TIMEx_OCN_Start:00000000 HAL_TIMEx_OCN_Start
C:\Users\pablo\AppData\Local\Temp\ccRGdM61.s:1517   .text.HAL_TIMEx_OCN_Start:000000dc $d
C:\Users\pablo\AppData\Local\Temp\ccRGdM61.s:1522   .text.HAL_TIMEx_OCN_Stop:00000000 $t
C:\Users\pablo\AppData\Local\Temp\ccRGdM61.s:1528   .text.HAL_TIMEx_OCN_Stop:00000000 HAL_TIMEx_OCN_Stop
C:\Users\pablo\AppData\Local\Temp\ccRGdM61.s:1625   .text.HAL_TIMEx_OCN_Start_IT:00000000 $t
C:\Users\pablo\AppData\Local\Temp\ccRGdM61.s:1631   .text.HAL_TIMEx_OCN_Start_IT:00000000 HAL_TIMEx_OCN_Start_IT
C:\Users\pablo\AppData\Local\Temp\ccRGdM61.s:1853   .text.HAL_TIMEx_OCN_Start_IT:00000110 $d
C:\Users\pablo\AppData\Local\Temp\ccRGdM61.s:1858   .text.HAL_TIMEx_OCN_Stop_IT:00000000 $t
C:\Users\pablo\AppData\Local\Temp\ccRGdM61.s:1864   .text.HAL_TIMEx_OCN_Stop_IT:00000000 HAL_TIMEx_OCN_Stop_IT
C:\Users\pablo\AppData\Local\Temp\ccRGdM61.s:2030   .text.HAL_TIMEx_OCN_Start_DMA:00000000 $t
C:\Users\pablo\AppData\Local\Temp\ccRGdM61.s:2036   .text.HAL_TIMEx_OCN_Start_DMA:00000000 HAL_TIMEx_OCN_Start_DMA
C:\Users\pablo\AppData\Local\Temp\ccRGdM61.s:2437   .text.HAL_TIMEx_OCN_Start_DMA:000001f0 $d
C:\Users\pablo\AppData\Local\Temp\ccRGdM61.s:2445   .text.HAL_TIMEx_OCN_Stop_DMA:00000000 $t
C:\Users\pablo\AppData\Local\Temp\ccRGdM61.s:2451   .text.HAL_TIMEx_OCN_Stop_DMA:00000000 HAL_TIMEx_OCN_Stop_DMA
C:\Users\pablo\AppData\Local\Temp\ccRGdM61.s:2615   .text.HAL_TIMEx_PWMN_Start:00000000 $t
C:\Users\pablo\AppData\Local\Temp\ccRGdM61.s:2621   .text.HAL_TIMEx_PWMN_Start:00000000 HAL_TIMEx_PWMN_Start
C:\Users\pablo\AppData\Local\Temp\ccRGdM61.s:2800   .text.HAL_TIMEx_PWMN_Start:000000dc $d
C:\Users\pablo\AppData\Local\Temp\ccRGdM61.s:2805   .text.HAL_TIMEx_PWMN_Stop:00000000 $t
C:\Users\pablo\AppData\Local\Temp\ccRGdM61.s:2811   .text.HAL_TIMEx_PWMN_Stop:00000000 HAL_TIMEx_PWMN_Stop
C:\Users\pablo\AppData\Local\Temp\ccRGdM61.s:2908   .text.HAL_TIMEx_PWMN_Start_IT:00000000 $t
C:\Users\pablo\AppData\Local\Temp\ccRGdM61.s:2914   .text.HAL_TIMEx_PWMN_Start_IT:00000000 HAL_TIMEx_PWMN_Start_IT
C:\Users\pablo\AppData\Local\Temp\ccRGdM61.s:3136   .text.HAL_TIMEx_PWMN_Start_IT:00000110 $d
C:\Users\pablo\AppData\Local\Temp\ccRGdM61.s:3141   .text.HAL_TIMEx_PWMN_Stop_IT:00000000 $t
C:\Users\pablo\AppData\Local\Temp\ccRGdM61.s:3147   .text.HAL_TIMEx_PWMN_Stop_IT:00000000 HAL_TIMEx_PWMN_Stop_IT
C:\Users\pablo\AppData\Local\Temp\ccRGdM61.s:3313   .text.HAL_TIMEx_PWMN_Start_DMA:00000000 $t
ARM GAS  C:\Users\pablo\AppData\Local\Temp\ccRGdM61.s 			page 164


C:\Users\pablo\AppData\Local\Temp\ccRGdM61.s:3319   .text.HAL_TIMEx_PWMN_Start_DMA:00000000 HAL_TIMEx_PWMN_Start_DMA
C:\Users\pablo\AppData\Local\Temp\ccRGdM61.s:3720   .text.HAL_TIMEx_PWMN_Start_DMA:000001f0 $d
C:\Users\pablo\AppData\Local\Temp\ccRGdM61.s:3728   .text.HAL_TIMEx_PWMN_Stop_DMA:00000000 $t
C:\Users\pablo\AppData\Local\Temp\ccRGdM61.s:3734   .text.HAL_TIMEx_PWMN_Stop_DMA:00000000 HAL_TIMEx_PWMN_Stop_DMA
C:\Users\pablo\AppData\Local\Temp\ccRGdM61.s:3898   .text.HAL_TIMEx_OnePulseN_Start:00000000 $t
C:\Users\pablo\AppData\Local\Temp\ccRGdM61.s:3904   .text.HAL_TIMEx_OnePulseN_Start:00000000 HAL_TIMEx_OnePulseN_Start
C:\Users\pablo\AppData\Local\Temp\ccRGdM61.s:4031   .text.HAL_TIMEx_OnePulseN_Stop:00000000 $t
C:\Users\pablo\AppData\Local\Temp\ccRGdM61.s:4037   .text.HAL_TIMEx_OnePulseN_Stop:00000000 HAL_TIMEx_OnePulseN_Stop
C:\Users\pablo\AppData\Local\Temp\ccRGdM61.s:4133   .text.HAL_TIMEx_OnePulseN_Start_IT:00000000 $t
C:\Users\pablo\AppData\Local\Temp\ccRGdM61.s:4139   .text.HAL_TIMEx_OnePulseN_Start_IT:00000000 HAL_TIMEx_OnePulseN_Start_IT
C:\Users\pablo\AppData\Local\Temp\ccRGdM61.s:4276   .text.HAL_TIMEx_OnePulseN_Stop_IT:00000000 $t
C:\Users\pablo\AppData\Local\Temp\ccRGdM61.s:4282   .text.HAL_TIMEx_OnePulseN_Stop_IT:00000000 HAL_TIMEx_OnePulseN_Stop_IT
C:\Users\pablo\AppData\Local\Temp\ccRGdM61.s:4388   .text.HAL_TIMEx_ConfigCommutEvent:00000000 $t
C:\Users\pablo\AppData\Local\Temp\ccRGdM61.s:4394   .text.HAL_TIMEx_ConfigCommutEvent:00000000 HAL_TIMEx_ConfigCommutEvent
C:\Users\pablo\AppData\Local\Temp\ccRGdM61.s:4518   .text.HAL_TIMEx_ConfigCommutEvent_IT:00000000 $t
C:\Users\pablo\AppData\Local\Temp\ccRGdM61.s:4524   .text.HAL_TIMEx_ConfigCommutEvent_IT:00000000 HAL_TIMEx_ConfigCommutEvent_IT
C:\Users\pablo\AppData\Local\Temp\ccRGdM61.s:4648   .text.HAL_TIMEx_ConfigCommutEvent_DMA:00000000 $t
C:\Users\pablo\AppData\Local\Temp\ccRGdM61.s:4654   .text.HAL_TIMEx_ConfigCommutEvent_DMA:00000000 HAL_TIMEx_ConfigCommutEvent_DMA
C:\Users\pablo\AppData\Local\Temp\ccRGdM61.s:4795   .text.HAL_TIMEx_ConfigCommutEvent_DMA:00000088 $d
C:\Users\pablo\AppData\Local\Temp\ccRGdM61.s:5131   .text.TIMEx_DMACommutationCplt:00000000 TIMEx_DMACommutationCplt
C:\Users\pablo\AppData\Local\Temp\ccRGdM61.s:5188   .text.TIMEx_DMACommutationHalfCplt:00000000 TIMEx_DMACommutationHalfCplt
C:\Users\pablo\AppData\Local\Temp\ccRGdM61.s:4802   .text.HAL_TIMEx_MasterConfigSynchronization:00000000 $t
C:\Users\pablo\AppData\Local\Temp\ccRGdM61.s:4808   .text.HAL_TIMEx_MasterConfigSynchronization:00000000 HAL_TIMEx_MasterConfigSynchronization
C:\Users\pablo\AppData\Local\Temp\ccRGdM61.s:4934   .text.HAL_TIMEx_MasterConfigSynchronization:00000078 $d
C:\Users\pablo\AppData\Local\Temp\ccRGdM61.s:4939   .text.HAL_TIMEx_ConfigBreakDeadTime:00000000 $t
C:\Users\pablo\AppData\Local\Temp\ccRGdM61.s:4945   .text.HAL_TIMEx_ConfigBreakDeadTime:00000000 HAL_TIMEx_ConfigBreakDeadTime
C:\Users\pablo\AppData\Local\Temp\ccRGdM61.s:5055   .text.HAL_TIMEx_RemapConfig:00000000 $t
C:\Users\pablo\AppData\Local\Temp\ccRGdM61.s:5061   .text.HAL_TIMEx_RemapConfig:00000000 HAL_TIMEx_RemapConfig
C:\Users\pablo\AppData\Local\Temp\ccRGdM61.s:5104   .text.HAL_TIMEx_CommutCallback:00000000 $t
C:\Users\pablo\AppData\Local\Temp\ccRGdM61.s:5110   .text.HAL_TIMEx_CommutCallback:00000000 HAL_TIMEx_CommutCallback
C:\Users\pablo\AppData\Local\Temp\ccRGdM61.s:5125   .text.TIMEx_DMACommutationCplt:00000000 $t
C:\Users\pablo\AppData\Local\Temp\ccRGdM61.s:5161   .text.HAL_TIMEx_CommutHalfCpltCallback:00000000 $t
C:\Users\pablo\AppData\Local\Temp\ccRGdM61.s:5167   .text.HAL_TIMEx_CommutHalfCpltCallback:00000000 HAL_TIMEx_CommutHalfCpltCallback
C:\Users\pablo\AppData\Local\Temp\ccRGdM61.s:5182   .text.TIMEx_DMACommutationHalfCplt:00000000 $t
C:\Users\pablo\AppData\Local\Temp\ccRGdM61.s:5218   .text.HAL_TIMEx_BreakCallback:00000000 $t
C:\Users\pablo\AppData\Local\Temp\ccRGdM61.s:5224   .text.HAL_TIMEx_BreakCallback:00000000 HAL_TIMEx_BreakCallback
C:\Users\pablo\AppData\Local\Temp\ccRGdM61.s:5239   .text.HAL_TIMEx_HallSensor_GetState:00000000 $t
C:\Users\pablo\AppData\Local\Temp\ccRGdM61.s:5245   .text.HAL_TIMEx_HallSensor_GetState:00000000 HAL_TIMEx_HallSensor_GetState
C:\Users\pablo\AppData\Local\Temp\ccRGdM61.s:5263   .text.HAL_TIMEx_GetChannelNState:00000000 $t
C:\Users\pablo\AppData\Local\Temp\ccRGdM61.s:5269   .text.HAL_TIMEx_GetChannelNState:00000000 HAL_TIMEx_GetChannelNState

UNDEFINED SYMBOLS
HAL_TIM_ErrorCallback
HAL_TIM_PWM_PulseFinishedCallback
TIM_Base_SetConfig
TIM_TI1_SetConfig
TIM_OC2_SetConfig
TIM_CCxChannelCmd
HAL_DMA_Start_IT
TIM_DMACaptureCplt
TIM_DMACaptureHalfCplt
TIM_DMAError
HAL_DMA_Abort_IT
TIM_DMADelayPulseHalfCplt
